course_id,course_name,description,skills,difficulty,rating,organization,url,search_text,metadata
course_0000,(ISC)22 Systems Security Certified Practitioner (SSCP),"(ISC)222 Systems Security Certified Practitioner (SSCP) covers the core ideas behind cloud-native systems, security principles, and the practical systems thinking needed to build and maintain modern digital services.",Security Fundamentals; Risk Management,Beginner,4.7,(ISC)22,,"(ISC)22 Systems Security Certified Practitioner (SSCP) (ISC)222 Systems Security Certified Practitioner (SSCP) covers the core ideas behind cloud-native systems, security principles, and the practical systems thinking needed to build and maintain modern digital services. Security Fundamentals; Risk Management Beginner (ISC)22","{'organization': '(ISC)22', 'difficulty': 'Beginner', 'rating': 4.7, 'url': ''}"
course_0001,A Crash Course in Causality: Inferring Causal Effects from Observational Data,"A Crash Course in Causality: Inferring Causal Effects from Observational Data introduces learners to the core ideas, foundational methods, and practical applications of this subject through guided study and applied examples.",Critical Thinking; Research; Communication,Intermediate,4.7,University of Pennsylvania,,"A Crash Course in Causality: Inferring Causal Effects from Observational Data A Crash Course in Causality: Inferring Causal Effects from Observational Data introduces learners to the core ideas, foundational methods, and practical applications of this subject through guided study and applied examples. Critical Thinking; Research; Communication Intermediate University of Pennsylvania","{'organization': 'University of Pennsylvania', 'difficulty': 'Intermediate', 'rating': 4.7, 'url': ''}"
course_0002,A Crash Course in Data Science,"A Crash Course in Data Science introduces learners to the foundations of data analysis, statistical reasoning, and practical decision-making using real-world data examples.",Data Analysis; Statistics; Python,Intermediate,4.5,Johns Hopkins University,,"A Crash Course in Data Science A Crash Course in Data Science introduces learners to the foundations of data analysis, statistical reasoning, and practical decision-making using real-world data examples. Data Analysis; Statistics; Python Intermediate Johns Hopkins University","{'organization': 'Johns Hopkins University', 'difficulty': 'Intermediate', 'rating': 4.5, 'url': ''}"
course_0003,A Law Student's Toolkit,"A Law Student's Toolkit introduces learners to the core ideas, foundational methods, and practical applications of this subject through guided study and applied examples.",Critical Thinking; Research; Communication,Intermediate,4.7,Yale University,,"A Law Student's Toolkit A Law Student's Toolkit introduces learners to the core ideas, foundational methods, and practical applications of this subject through guided study and applied examples. Critical Thinking; Research; Communication Intermediate Yale University","{'organization': 'Yale University', 'difficulty': 'Intermediate', 'rating': 4.7, 'url': ''}"
course_0004,A Life of Happiness and Fulfillment,"A Life of Happiness and Fulfillment introduces learners to the core ideas, foundational methods, and practical applications of this subject through guided study and applied examples.",Critical Thinking; Research; Communication,Intermediate,4.8,Indian School of Business,,"A Life of Happiness and Fulfillment A Life of Happiness and Fulfillment introduces learners to the core ideas, foundational methods, and practical applications of this subject through guided study and applied examples. Critical Thinking; Research; Communication Intermediate Indian School of Business","{'organization': 'Indian School of Business', 'difficulty': 'Intermediate', 'rating': 4.8, 'url': ''}"
course_0005,ADHD: Everyday Strategies for Elementary Students,"ADHD: Everyday Strategies for Elementary Students introduces learners to the core ideas, foundational methods, and practical applications of this subject through guided study and applied examples.",Critical Thinking; Research; Communication,Beginner,4.7,University at Buffalo,,"ADHD: Everyday Strategies for Elementary Students ADHD: Everyday Strategies for Elementary Students introduces learners to the core ideas, foundational methods, and practical applications of this subject through guided study and applied examples. Critical Thinking; Research; Communication Beginner University at Buffalo","{'organization': 'University at Buffalo', 'difficulty': 'Beginner', 'rating': 4.7, 'url': ''}"
course_0006,AI For Everyone,"AI For Everyone helps learners understand core concepts, algorithms, and applications used in modern machine learning and intelligent systems.",Artificial Intelligence,Beginner,4.8,deeplearning.ai,,"AI For Everyone AI For Everyone helps learners understand core concepts, algorithms, and applications used in modern machine learning and intelligent systems. Artificial Intelligence Beginner deeplearning.ai","{'organization': 'deeplearning.ai', 'difficulty': 'Beginner', 'rating': 4.8, 'url': ''}"
course_0007,AI For Medical Treatment,"AI For Medical Treatment helps learners understand core concepts, algorithms, and applications used in modern machine learning and intelligent systems.",Artificial Intelligence,Intermediate,4.8,deeplearning.ai,,"AI For Medical Treatment AI For Medical Treatment helps learners understand core concepts, algorithms, and applications used in modern machine learning and intelligent systems. Artificial Intelligence Intermediate deeplearning.ai","{'organization': 'deeplearning.ai', 'difficulty': 'Intermediate', 'rating': 4.8, 'url': ''}"
course_0008,AI Foundations for Everyone,"AI Foundations for Everyone helps learners understand core concepts, algorithms, and applications used in modern machine learning and intelligent systems.",Artificial Intelligence,Beginner,4.7,IBM,,"AI Foundations for Everyone AI Foundations for Everyone helps learners understand core concepts, algorithms, and applications used in modern machine learning and intelligent systems. Artificial Intelligence Beginner IBM","{'organization': 'IBM', 'difficulty': 'Beginner', 'rating': 4.7, 'url': ''}"
course_0009,AI for Medical Diagnosis,"AI for Medical Diagnosis helps learners understand core concepts, algorithms, and applications used in modern machine learning and intelligent systems.",Artificial Intelligence,Intermediate,4.7,deeplearning.ai,,"AI for Medical Diagnosis AI for Medical Diagnosis helps learners understand core concepts, algorithms, and applications used in modern machine learning and intelligent systems. Artificial Intelligence Intermediate deeplearning.ai","{'organization': 'deeplearning.ai', 'difficulty': 'Intermediate', 'rating': 4.7, 'url': ''}"
course_0010,AI for Medical Prognosis,"AI for Medical Prognosis helps learners understand core concepts, algorithms, and applications used in modern machine learning and intelligent systems.",Artificial Intelligence,Intermediate,4.6,deeplearning.ai,,"AI for Medical Prognosis AI for Medical Prognosis helps learners understand core concepts, algorithms, and applications used in modern machine learning and intelligent systems. Artificial Intelligence Intermediate deeplearning.ai","{'organization': 'deeplearning.ai', 'difficulty': 'Intermediate', 'rating': 4.6, 'url': ''}"
course_0011,AI for Medicine,"AI for Medicine helps learners understand core concepts, algorithms, and applications used in modern machine learning and intelligent systems.",Artificial Intelligence,Intermediate,4.7,deeplearning.ai,,"AI for Medicine AI for Medicine helps learners understand core concepts, algorithms, and applications used in modern machine learning and intelligent systems. Artificial Intelligence Intermediate deeplearning.ai","{'organization': 'deeplearning.ai', 'difficulty': 'Intermediate', 'rating': 4.7, 'url': ''}"
course_0012,AWS Fundamentals,"AWS Fundamentals covers the core ideas behind cloud-native systems, security principles, and the practical systems thinking needed to build and maintain modern digital services.",Cloud Computing; AWS,Beginner,4.6,Amazon Web Services,,"AWS Fundamentals AWS Fundamentals covers the core ideas behind cloud-native systems, security principles, and the practical systems thinking needed to build and maintain modern digital services. Cloud Computing; AWS Beginner Amazon Web Services","{'organization': 'Amazon Web Services', 'difficulty': 'Beginner', 'rating': 4.6, 'url': ''}"
course_0013,AWS Fundamentals: Addressing Security Risk,"AWS Fundamentals: Addressing Security Risk covers the core ideas behind cloud-native systems, security principles, and the practical systems thinking needed to build and maintain modern digital services.",Cloud Computing; AWS; Security Fundamentals; Risk Management,Beginner,4.3,Amazon Web Services,,"AWS Fundamentals: Addressing Security Risk AWS Fundamentals: Addressing Security Risk covers the core ideas behind cloud-native systems, security principles, and the practical systems thinking needed to build and maintain modern digital services. Cloud Computing; AWS; Security Fundamentals; Risk Management Beginner Amazon Web Services","{'organization': 'Amazon Web Services', 'difficulty': 'Beginner', 'rating': 4.3, 'url': ''}"
course_0014,AWS Fundamentals: Building Serverless Applications,"AWS Fundamentals: Building Serverless Applications covers the core ideas behind cloud-native systems, security principles, and the practical systems thinking needed to build and maintain modern digital services.",Cloud Computing; AWS,Beginner,4.7,Amazon Web Services,,"AWS Fundamentals: Building Serverless Applications AWS Fundamentals: Building Serverless Applications covers the core ideas behind cloud-native systems, security principles, and the practical systems thinking needed to build and maintain modern digital services. Cloud Computing; AWS Beginner Amazon Web Services","{'organization': 'Amazon Web Services', 'difficulty': 'Beginner', 'rating': 4.7, 'url': ''}"
course_0015,AWS Fundamentals: Going Cloud-Native,"AWS Fundamentals: Going Cloud-Native covers the core ideas behind cloud-native systems, security principles, and the practical systems thinking needed to build and maintain modern digital services.",Cloud Computing; Security Fundamentals; AWS,Beginner,4.7,Amazon Web Services,,"AWS Fundamentals: Going Cloud-Native AWS Fundamentals: Going Cloud-Native covers the core ideas behind cloud-native systems, security principles, and the practical systems thinking needed to build and maintain modern digital services. Cloud Computing; Security Fundamentals; AWS Beginner Amazon Web Services","{'organization': 'Amazon Web Services', 'difficulty': 'Beginner', 'rating': 4.7, 'url': ''}"
course_0016,AWS Fundamentals: Migrating to the Cloud,"AWS Fundamentals: Migrating to the Cloud covers the core ideas behind cloud-native systems, security principles, and the practical systems thinking needed to build and maintain modern digital services.",Cloud Computing; Security Fundamentals; AWS,Intermediate,4.5,Amazon Web Services,,"AWS Fundamentals: Migrating to the Cloud AWS Fundamentals: Migrating to the Cloud covers the core ideas behind cloud-native systems, security principles, and the practical systems thinking needed to build and maintain modern digital services. Cloud Computing; Security Fundamentals; AWS Intermediate Amazon Web Services","{'organization': 'Amazon Web Services', 'difficulty': 'Intermediate', 'rating': 4.5, 'url': ''}"
course_0017,Aboriginal Worldviews and Education,"Aboriginal Worldviews and Education introduces learners to the core ideas, foundational methods, and practical applications of this subject through guided study and applied examples.",Critical Thinking; Research; Communication,Intermediate,4.7,University of Toronto,,"Aboriginal Worldviews and Education Aboriginal Worldviews and Education introduces learners to the core ideas, foundational methods, and practical applications of this subject through guided study and applied examples. Critical Thinking; Research; Communication Intermediate University of Toronto","{'organization': 'University of Toronto', 'difficulty': 'Intermediate', 'rating': 4.7, 'url': ''}"
course_0018,Academic English: Writing,"Academic English: Writing introduces learners to the core ideas, foundational methods, and practical applications of this subject through guided study and applied examples.",Critical Thinking; Research; Communication,Beginner,4.7,"University of California, Irvine",,"Academic English: Writing Academic English: Writing introduces learners to the core ideas, foundational methods, and practical applications of this subject through guided study and applied examples. Critical Thinking; Research; Communication Beginner University of California, Irvine","{'organization': 'University of California, Irvine', 'difficulty': 'Beginner', 'rating': 4.7, 'url': ''}"
course_0019,Accelerated Computer Science Fundamentals,"Accelerated Computer Science Fundamentals introduces learners to the core ideas, foundational methods, and practical applications of this subject through guided study and applied examples.",Critical Thinking; Research; Communication,Intermediate,4.7,University of Illinois at Urbana-Champaign,,"Accelerated Computer Science Fundamentals Accelerated Computer Science Fundamentals introduces learners to the core ideas, foundational methods, and practical applications of this subject through guided study and applied examples. Critical Thinking; Research; Communication Intermediate University of Illinois at Urbana-Champaign","{'organization': 'University of Illinois at Urbana-Champaign', 'difficulty': 'Intermediate', 'rating': 4.7, 'url': ''}"
course_0020,Access Controls,"Access Controls introduces learners to the core ideas, foundational methods, and practical applications of this subject through guided study and applied examples.",Critical Thinking; Research; Communication,Beginner,4.6,(ISC)22,,"Access Controls Access Controls introduces learners to the core ideas, foundational methods, and practical applications of this subject through guided study and applied examples. Critical Thinking; Research; Communication Beginner (ISC)22","{'organization': '(ISC)22', 'difficulty': 'Beginner', 'rating': 4.6, 'url': ''}"
course_0021,Accounting Analytics,"Accounting Analytics introduces learners to the foundations of data analysis, statistical reasoning, and practical decision-making using real-world data examples.",Data Analysis; Statistics,Intermediate,4.5,University of Pennsylvania,,"Accounting Analytics Accounting Analytics introduces learners to the foundations of data analysis, statistical reasoning, and practical decision-making using real-world data examples. Data Analysis; Statistics Intermediate University of Pennsylvania","{'organization': 'University of Pennsylvania', 'difficulty': 'Intermediate', 'rating': 4.5, 'url': ''}"
course_0022,Accounting for Decision Making,"Accounting for Decision Making introduces learners to the core ideas, foundational methods, and practical applications of this subject through guided study and applied examples.",Critical Thinking; Research; Communication,Intermediate,4.8,University of Michigan,,"Accounting for Decision Making Accounting for Decision Making introduces learners to the core ideas, foundational methods, and practical applications of this subject through guided study and applied examples. Critical Thinking; Research; Communication Intermediate University of Michigan","{'organization': 'University of Michigan', 'difficulty': 'Intermediate', 'rating': 4.8, 'url': ''}"
course_0023,Achieving Personal and Professional Success,"Achieving Personal and Professional Success introduces learners to the core ideas, foundational methods, and practical applications of this subject through guided study and applied examples.",Critical Thinking; Research; Communication,Beginner,4.7,University of Pennsylvania,,"Achieving Personal and Professional Success Achieving Personal and Professional Success introduces learners to the core ideas, foundational methods, and practical applications of this subject through guided study and applied examples. Critical Thinking; Research; Communication Beginner University of Pennsylvania","{'organization': 'University of Pennsylvania', 'difficulty': 'Beginner', 'rating': 4.7, 'url': ''}"
course_0024,Actualizacion en el manejo del paciente con diabetes mellitus tipo 2,"Actualizacion en el manejo del paciente con diabetes mellitus tipo 2 introduces learners to the core ideas, foundational methods, and practical applications of this subject through guided study and applied examples.",Critical Thinking; Research; Communication,Intermediate,4.8,Universidad Nacional Autonoma de Mexico,,"Actualizacion en el manejo del paciente con diabetes mellitus tipo 2 Actualizacion en el manejo del paciente con diabetes mellitus tipo 2 introduces learners to the core ideas, foundational methods, and practical applications of this subject through guided study and applied examples. Critical Thinking; Research; Communication Intermediate Universidad Nacional Autonoma de Mexico","{'organization': 'Universidad Nacional Autonoma de Mexico', 'difficulty': 'Intermediate', 'rating': 4.8, 'url': ''}"
course_0025,Addiction Treatment: Clinical Skills for Healthcare Providers,"Addiction Treatment: Clinical Skills for Healthcare Providers introduces learners to the core ideas, foundational methods, and practical applications of this subject through guided study and applied examples.",Critical Thinking; Research; Communication,Beginner,4.8,Yale University,,"Addiction Treatment: Clinical Skills for Healthcare Providers Addiction Treatment: Clinical Skills for Healthcare Providers introduces learners to the core ideas, foundational methods, and practical applications of this subject through guided study and applied examples. Critical Thinking; Research; Communication Beginner Yale University","{'organization': 'Yale University', 'difficulty': 'Beginner', 'rating': 4.8, 'url': ''}"
course_0026,Advanced Business Analytics,"Advanced Business Analytics introduces learners to the foundations of data analysis, statistical reasoning, and practical decision-making using real-world data examples.",Data Analysis; Statistics,Intermediate,4.5,University of Colorado Boulder,,"Advanced Business Analytics Advanced Business Analytics introduces learners to the foundations of data analysis, statistical reasoning, and practical decision-making using real-world data examples. Data Analysis; Statistics Intermediate University of Colorado Boulder","{'organization': 'University of Colorado Boulder', 'difficulty': 'Intermediate', 'rating': 4.5, 'url': ''}"
course_0027,Advanced Data Science with IBM,"Advanced Data Science with IBM introduces learners to the foundations of data analysis, statistical reasoning, and practical decision-making using real-world data examples.",Data Analysis; Statistics; Python,Advanced,4.4,IBM,,"Advanced Data Science with IBM Advanced Data Science with IBM introduces learners to the foundations of data analysis, statistical reasoning, and practical decision-making using real-world data examples. Data Analysis; Statistics; Python Advanced IBM","{'organization': 'IBM', 'difficulty': 'Advanced', 'rating': 4.4, 'url': ''}"
course_0028,Advanced Machine Learning,"Advanced Machine Learning helps learners understand core concepts, algorithms, and applications used in modern machine learning and intelligent systems.",Machine Learning,Advanced,4.5,National Research University Higher School of Economics,,"Advanced Machine Learning Advanced Machine Learning helps learners understand core concepts, algorithms, and applications used in modern machine learning and intelligent systems. Machine Learning Advanced National Research University Higher School of Economics","{'organization': 'National Research University Higher School of Economics', 'difficulty': 'Advanced', 'rating': 4.5, 'url': ''}"
course_0029,Advanced Machine Learning with TensorFlow on Google Cloud Platform,"Advanced Machine Learning with TensorFlow on Google Cloud Platform helps learners understand core concepts, algorithms, and applications used in modern machine learning and intelligent systems.",Machine Learning; Cloud Computing; Security Fundamentals,Advanced,4.5,Google Cloud,,"Advanced Machine Learning with TensorFlow on Google Cloud Platform Advanced Machine Learning with TensorFlow on Google Cloud Platform helps learners understand core concepts, algorithms, and applications used in modern machine learning and intelligent systems. Machine Learning; Cloud Computing; Security Fundamentals Advanced Google Cloud","{'organization': 'Google Cloud', 'difficulty': 'Advanced', 'rating': 4.5, 'url': ''}"
course_0030,"Advanced Valuation and Strategy - M&A, Private Equity, and Venture Capital","Advanced Valuation and Strategy - M&A, Private Equity, and Venture Capital introduces learners to the core ideas, foundational methods, and practical applications of this subject through guided study and applied examples.",Critical Thinking; Research; Communication,Advanced,4.7,Erasmus University Rotterdam,,"Advanced Valuation and Strategy - M&A, Private Equity, and Venture Capital Advanced Valuation and Strategy - M&A, Private Equity, and Venture Capital introduces learners to the core ideas, foundational methods, and practical applications of this subject through guided study and applied examples. Critical Thinking; Research; Communication Advanced Erasmus University Rotterdam","{'organization': 'Erasmus University Rotterdam', 'difficulty': 'Advanced', 'rating': 4.7, 'url': ''}"
course_0031,Advertising and Society,"Advertising and Society introduces learners to the core ideas, foundational methods, and practical applications of this subject through guided study and applied examples.",Critical Thinking; Research; Communication,Intermediate,4.8,Duke University,,"Advertising and Society Advertising and Society introduces learners to the core ideas, foundational methods, and practical applications of this subject through guided study and applied examples. Critical Thinking; Research; Communication Intermediate Duke University","{'organization': 'Duke University', 'difficulty': 'Intermediate', 'rating': 4.8, 'url': ''}"
course_0032,Age of Cathedrals,"Age of Cathedrals introduces learners to the core ideas, foundational methods, and practical applications of this subject through guided study and applied examples.",Critical Thinking; Research; Communication,Beginner,4.7,Yale University,,"Age of Cathedrals Age of Cathedrals introduces learners to the core ideas, foundational methods, and practical applications of this subject through guided study and applied examples. Critical Thinking; Research; Communication Beginner Yale University","{'organization': 'Yale University', 'difficulty': 'Beginner', 'rating': 4.7, 'url': ''}"
course_0033,Agile Development,"Agile Development introduces learners to the core ideas, foundational methods, and practical applications of this subject through guided study and applied examples.",Critical Thinking; Research; Communication,Beginner,4.7,University of Virginia,,"Agile Development Agile Development introduces learners to the core ideas, foundational methods, and practical applications of this subject through guided study and applied examples. Critical Thinking; Research; Communication Beginner University of Virginia","{'organization': 'University of Virginia', 'difficulty': 'Beginner', 'rating': 4.7, 'url': ''}"
course_0034,Agile Meets Design Thinking,"Agile Meets Design Thinking introduces learners to the core ideas, foundational methods, and practical applications of this subject through guided study and applied examples.",Critical Thinking; Research; Communication,Beginner,4.7,University of Virginia,,"Agile Meets Design Thinking Agile Meets Design Thinking introduces learners to the core ideas, foundational methods, and practical applications of this subject through guided study and applied examples. Critical Thinking; Research; Communication Beginner University of Virginia","{'organization': 'University of Virginia', 'difficulty': 'Beginner', 'rating': 4.7, 'url': ''}"
course_0035,Agile with Atlassian Jira,"Agile with Atlassian Jira introduces learners to the core ideas, foundational methods, and practical applications of this subject through guided study and applied examples.",Critical Thinking; Research; Communication,Beginner,4.7,Atlassian,,"Agile with Atlassian Jira Agile with Atlassian Jira introduces learners to the core ideas, foundational methods, and practical applications of this subject through guided study and applied examples. Critical Thinking; Research; Communication Beginner Atlassian","{'organization': 'Atlassian', 'difficulty': 'Beginner', 'rating': 4.7, 'url': ''}"
course_0036,Agile Scrum,"Agile Scrum introduces learners to the core ideas, foundational methods, and practical applications of this subject through guided study and applied examples.",Critical Thinking; Research; Communication,Beginner,4.9,ScrumTrek,,"Agile Scrum Agile Scrum introduces learners to the core ideas, foundational methods, and practical applications of this subject through guided study and applied examples. Critical Thinking; Research; Communication Beginner ScrumTrek","{'organization': 'ScrumTrek', 'difficulty': 'Beginner', 'rating': 4.9, 'url': ''}"
course_0037,Algorithmic Toolbox,"Algorithmic Toolbox introduces learners to the core ideas, foundational methods, and practical applications of this subject through guided study and applied examples.",Critical Thinking; Research; Communication,Intermediate,4.7,University of California San Diego,,"Algorithmic Toolbox Algorithmic Toolbox introduces learners to the core ideas, foundational methods, and practical applications of this subject through guided study and applied examples. Critical Thinking; Research; Communication Intermediate University of California San Diego","{'organization': 'University of California San Diego', 'difficulty': 'Intermediate', 'rating': 4.7, 'url': ''}"
course_0038,Algorithms,"Algorithms introduces learners to the core ideas, foundational methods, and practical applications of this subject through guided study and applied examples.",Algorithms; Data Structures,Intermediate,4.8,Stanford University,,"Algorithms Algorithms introduces learners to the core ideas, foundational methods, and practical applications of this subject through guided study and applied examples. Algorithms; Data Structures Intermediate Stanford University","{'organization': 'Stanford University', 'difficulty': 'Intermediate', 'rating': 4.8, 'url': ''}"
course_0039,Algorithms for Battery Management Systems,"Algorithms for Battery Management Systems introduces learners to the core ideas, foundational methods, and practical applications of this subject through guided study and applied examples.",Algorithms; Data Structures,Intermediate,4.8,University of Colorado System,,"Algorithms for Battery Management Systems Algorithms for Battery Management Systems introduces learners to the core ideas, foundational methods, and practical applications of this subject through guided study and applied examples. Algorithms; Data Structures Intermediate University of Colorado System","{'organization': 'University of Colorado System', 'difficulty': 'Intermediate', 'rating': 4.8, 'url': ''}"
course_0040,American Contract Law I,"American Contract Law I introduces learners to the core ideas, foundational methods, and practical applications of this subject through guided study and applied examples.",Critical Thinking; Research; Communication,Beginner,4.9,Yale University,,"American Contract Law I American Contract Law I introduces learners to the core ideas, foundational methods, and practical applications of this subject through guided study and applied examples. Critical Thinking; Research; Communication Beginner Yale University","{'organization': 'Yale University', 'difficulty': 'Beginner', 'rating': 4.9, 'url': ''}"
course_0041,An Introduction to American Law,"An Introduction to American Law introduces learners to the core ideas, foundational methods, and practical applications of this subject through guided study and applied examples.",Critical Thinking; Research; Communication,Beginner,4.8,University of Pennsylvania,,"An Introduction to American Law An Introduction to American Law introduces learners to the core ideas, foundational methods, and practical applications of this subject through guided study and applied examples. Critical Thinking; Research; Communication Beginner University of Pennsylvania","{'organization': 'University of Pennsylvania', 'difficulty': 'Beginner', 'rating': 4.8, 'url': ''}"
course_0042,An Introduction to Consumer Neuroscience & Neuromarketing,"An Introduction to Consumer Neuroscience & Neuromarketing introduces learners to the core ideas, foundational methods, and practical applications of this subject through guided study and applied examples.",Critical Thinking; Research; Communication,Beginner,4.7,Copenhagen Business School,,"An Introduction to Consumer Neuroscience & Neuromarketing An Introduction to Consumer Neuroscience & Neuromarketing introduces learners to the core ideas, foundational methods, and practical applications of this subject through guided study and applied examples. Critical Thinking; Research; Communication Beginner Copenhagen Business School","{'organization': 'Copenhagen Business School', 'difficulty': 'Beginner', 'rating': 4.7, 'url': ''}"
course_0043,An Introduction to Programming the Internet of Things (IOT),"An Introduction to Programming the Internet of Things (IOT) guides learners through software engineering patterns, algorithmic problem solving, and effective coding practices.",Programming,Beginner,4.6,"University of California, Irvine",,"An Introduction to Programming the Internet of Things (IOT) An Introduction to Programming the Internet of Things (IOT) guides learners through software engineering patterns, algorithmic problem solving, and effective coding practices. Programming Beginner University of California, Irvine","{'organization': 'University of California, Irvine', 'difficulty': 'Beginner', 'rating': 4.6, 'url': ''}"
course_0044,Analysing: Numeric and digital literacies,"Analysing: Numeric and digital literacies introduces learners to the core ideas, foundational methods, and practical applications of this subject through guided study and applied examples.",Critical Thinking; Research; Communication,Beginner,4.6,Macquarie University,,"Analysing: Numeric and digital literacies Analysing: Numeric and digital literacies introduces learners to the core ideas, foundational methods, and practical applications of this subject through guided study and applied examples. Critical Thinking; Research; Communication Beginner Macquarie University","{'organization': 'Macquarie University', 'difficulty': 'Beginner', 'rating': 4.6, 'url': ''}"
course_0045,Anatomy,"Anatomy introduces learners to the core ideas, foundational methods, and practical applications of this subject through guided study and applied examples.",Critical Thinking; Research; Communication,Beginner,4.8,University of Michigan,,"Anatomy Anatomy introduces learners to the core ideas, foundational methods, and practical applications of this subject through guided study and applied examples. Critical Thinking; Research; Communication Beginner University of Michigan","{'organization': 'University of Michigan', 'difficulty': 'Beginner', 'rating': 4.8, 'url': ''}"
course_0046,"Anatomy of the Chest, Abdomen, and Pelvis","Anatomy of the Chest, Abdomen, and Pelvis introduces learners to the core ideas, foundational methods, and practical applications of this subject through guided study and applied examples.",Critical Thinking; Research; Communication,Intermediate,4.8,Yale University,,"Anatomy of the Chest, Abdomen, and Pelvis Anatomy of the Chest, Abdomen, and Pelvis introduces learners to the core ideas, foundational methods, and practical applications of this subject through guided study and applied examples. Critical Thinking; Research; Communication Intermediate Yale University","{'organization': 'Yale University', 'difficulty': 'Intermediate', 'rating': 4.8, 'url': ''}"
course_0047,Anatomy: Musculoskeletal and Integumentary Systems,"Anatomy: Musculoskeletal and Integumentary Systems introduces learners to the core ideas, foundational methods, and practical applications of this subject through guided study and applied examples.",Critical Thinking; Research; Communication,Beginner,4.8,University of Michigan,,"Anatomy: Musculoskeletal and Integumentary Systems Anatomy: Musculoskeletal and Integumentary Systems introduces learners to the core ideas, foundational methods, and practical applications of this subject through guided study and applied examples. Critical Thinking; Research; Communication Beginner University of Michigan","{'organization': 'University of Michigan', 'difficulty': 'Beginner', 'rating': 4.8, 'url': ''}"
course_0048,Ancient Philosophy: Aristotle and His Successors,"Ancient Philosophy: Aristotle and His Successors introduces learners to the core ideas, foundational methods, and practical applications of this subject through guided study and applied examples.",Critical Thinking; Research; Communication,Intermediate,4.8,University of Pennsylvania,,"Ancient Philosophy: Aristotle and His Successors Ancient Philosophy: Aristotle and His Successors introduces learners to the core ideas, foundational methods, and practical applications of this subject through guided study and applied examples. Critical Thinking; Research; Communication Intermediate University of Pennsylvania","{'organization': 'University of Pennsylvania', 'difficulty': 'Intermediate', 'rating': 4.8, 'url': ''}"
course_0049,Android App Development,"Android App Development introduces learners to the core ideas, foundational methods, and practical applications of this subject through guided study and applied examples.",Critical Thinking; Research; Communication,Beginner,4.5,Vanderbilt University,,"Android App Development Android App Development introduces learners to the core ideas, foundational methods, and practical applications of this subject through guided study and applied examples. Critical Thinking; Research; Communication Beginner Vanderbilt University","{'organization': 'Vanderbilt University', 'difficulty': 'Beginner', 'rating': 4.5, 'url': ''}"
course_0050,Animal Behaviour and Welfare,"Animal Behaviour and Welfare introduces learners to the core ideas, foundational methods, and practical applications of this subject through guided study and applied examples.",Critical Thinking; Research; Communication,Intermediate,4.8,The University of Edinburgh,,"Animal Behaviour and Welfare Animal Behaviour and Welfare introduces learners to the core ideas, foundational methods, and practical applications of this subject through guided study and applied examples. Critical Thinking; Research; Communication Intermediate The University of Edinburgh","{'organization': 'The University of Edinburgh', 'difficulty': 'Intermediate', 'rating': 4.8, 'url': ''}"
course_0051,Antibiotic Stewardship,"Antibiotic Stewardship introduces learners to the core ideas, foundational methods, and practical applications of this subject through guided study and applied examples.",Critical Thinking; Research; Communication,Advanced,4.5,Stanford University,,"Antibiotic Stewardship Antibiotic Stewardship introduces learners to the core ideas, foundational methods, and practical applications of this subject through guided study and applied examples. Critical Thinking; Research; Communication Advanced Stanford University","{'organization': 'Stanford University', 'difficulty': 'Advanced', 'rating': 4.5, 'url': ''}"
course_0052,Anticorrupcion: Introduccion a conceptos y perspectiva practica,"Anticorrupcion: Introduccion a conceptos y perspectiva practica introduces learners to the core ideas, foundational methods, and practical applications of this subject through guided study and applied examples.",Critical Thinking; Research; Communication,Beginner,4.8,Universidad Nacional Autonoma de Mexico,,"Anticorrupcion: Introduccion a conceptos y perspectiva practica Anticorrupcion: Introduccion a conceptos y perspectiva practica introduces learners to the core ideas, foundational methods, and practical applications of this subject through guided study and applied examples. Critical Thinking; Research; Communication Beginner Universidad Nacional Autonoma de Mexico","{'organization': 'Universidad Nacional Autonoma de Mexico', 'difficulty': 'Beginner', 'rating': 4.8, 'url': ''}"
course_0053,Antimicrobial resistance - theory and methods,"Antimicrobial resistance - theory and methods introduces learners to the core ideas, foundational methods, and practical applications of this subject through guided study and applied examples.",Critical Thinking; Research; Communication,Intermediate,4.6,Technical University of Denmark (DTU),,"Antimicrobial resistance - theory and methods Antimicrobial resistance - theory and methods introduces learners to the core ideas, foundational methods, and practical applications of this subject through guided study and applied examples. Critical Thinking; Research; Communication Intermediate Technical University of Denmark (DTU)","{'organization': 'Technical University of Denmark (DTU)', 'difficulty': 'Intermediate', 'rating': 4.6, 'url': ''}"
course_0054,Applied Data Science,"Applied Data Science introduces learners to the foundations of data analysis, statistical reasoning, and practical decision-making using real-world data examples.",Data Analysis; Statistics; Python,Beginner,4.6,IBM,,"Applied Data Science Applied Data Science introduces learners to the foundations of data analysis, statistical reasoning, and practical decision-making using real-world data examples. Data Analysis; Statistics; Python Beginner IBM","{'organization': 'IBM', 'difficulty': 'Beginner', 'rating': 4.6, 'url': ''}"
course_0055,Applied Data Science Capstone,"Applied Data Science Capstone introduces learners to the foundations of data analysis, statistical reasoning, and practical decision-making using real-world data examples.",Data Analysis; Statistics; Python,Intermediate,4.7,IBM,,"Applied Data Science Capstone Applied Data Science Capstone introduces learners to the foundations of data analysis, statistical reasoning, and practical decision-making using real-world data examples. Data Analysis; Statistics; Python Intermediate IBM","{'organization': 'IBM', 'difficulty': 'Intermediate', 'rating': 4.7, 'url': ''}"
course_0056,Applied Data Science with Python,"Applied Data Science with Python introduces learners to the foundations of data analysis, statistical reasoning, and practical decision-making using real-world data examples.",Python; Data Analysis; Statistics,Intermediate,4.5,University of Michigan,,"Applied Data Science with Python Applied Data Science with Python introduces learners to the foundations of data analysis, statistical reasoning, and practical decision-making using real-world data examples. Python; Data Analysis; Statistics Intermediate University of Michigan","{'organization': 'University of Michigan', 'difficulty': 'Intermediate', 'rating': 4.5, 'url': ''}"
course_0057,Applied Machine Learning in Python,"Applied Machine Learning in Python helps learners understand core concepts, algorithms, and applications used in modern machine learning and intelligent systems.",Python; Machine Learning,Intermediate,4.6,University of Michigan,,"Applied Machine Learning in Python Applied Machine Learning in Python helps learners understand core concepts, algorithms, and applications used in modern machine learning and intelligent systems. Python; Machine Learning Intermediate University of Michigan","{'organization': 'University of Michigan', 'difficulty': 'Intermediate', 'rating': 4.6, 'url': ''}"
course_0058,"Applied Plotting, Charting & Data Representation in Python","Applied Plotting, Charting & Data Representation in Python introduces learners to the core ideas, foundational methods, and practical applications of this subject through guided study and applied examples.",Python,Intermediate,4.6,University of Michigan,,"Applied Plotting, Charting & Data Representation in Python Applied Plotting, Charting & Data Representation in Python introduces learners to the core ideas, foundational methods, and practical applications of this subject through guided study and applied examples. Python Intermediate University of Michigan","{'organization': 'University of Michigan', 'difficulty': 'Intermediate', 'rating': 4.6, 'url': ''}"
course_0059,Aprende a programar con Python,"Aprende a programar con Python introduces learners to the core ideas, foundational methods, and practical applications of this subject through guided study and applied examples.",Python,Beginner,4.2,Universidad Austral,,"Aprende a programar con Python Aprende a programar con Python introduces learners to the core ideas, foundational methods, and practical applications of this subject through guided study and applied examples. Python Beginner Universidad Austral","{'organization': 'Universidad Austral', 'difficulty': 'Beginner', 'rating': 4.2, 'url': ''}"
course_0060,Aprender,"Aprender introduces learners to the core ideas, foundational methods, and practical applications of this subject through guided study and applied examples.",Critical Thinking; Research; Communication,Intermediate,4.8,Universidad Nacional Autonoma de Mexico,,"Aprender Aprender introduces learners to the core ideas, foundational methods, and practical applications of this subject through guided study and applied examples. Critical Thinking; Research; Communication Intermediate Universidad Nacional Autonoma de Mexico","{'organization': 'Universidad Nacional Autonoma de Mexico', 'difficulty': 'Intermediate', 'rating': 4.8, 'url': ''}"
course_0061,Aprendiendo a aprender: Poderosas herramientas mentales con las que podras dominar temas dificiles (Learning How to Learn),"Aprendiendo a aprender: Poderosas herramientas mentales con las que podras dominar temas dificiles (Learning How to Learn) introduces learners to the core ideas, foundational methods, and practical applications of this subject through guided study and applied examples.",Critical Thinking; Research; Communication,Beginner,4.9,University of California San Diego,,"Aprendiendo a aprender: Poderosas herramientas mentales con las que podras dominar temas dificiles (Learning How to Learn) Aprendiendo a aprender: Poderosas herramientas mentales con las que podras dominar temas dificiles (Learning How to Learn) introduces learners to the core ideas, foundational methods, and practical applications of this subject through guided study and applied examples. Critical Thinking; Research; Communication Beginner University of California San Diego","{'organization': 'University of California San Diego', 'difficulty': 'Beginner', 'rating': 4.9, 'url': ''}"
course_0062,Architecting with Google Cloud Platform,"Architecting with Google Cloud Platform covers the core ideas behind cloud-native systems, security principles, and the practical systems thinking needed to build and maintain modern digital services.",Cloud Computing; Security Fundamentals,Intermediate,4.5,Google Cloud,,"Architecting with Google Cloud Platform Architecting with Google Cloud Platform covers the core ideas behind cloud-native systems, security principles, and the practical systems thinking needed to build and maintain modern digital services. Cloud Computing; Security Fundamentals Intermediate Google Cloud","{'organization': 'Google Cloud', 'difficulty': 'Intermediate', 'rating': 4.5, 'url': ''}"
course_0063,Architecting with Google Compute Engine,"Architecting with Google Compute Engine introduces learners to the core ideas, foundational methods, and practical applications of this subject through guided study and applied examples.",Critical Thinking; Research; Communication,Intermediate,4.7,Google Cloud,,"Architecting with Google Compute Engine Architecting with Google Compute Engine introduces learners to the core ideas, foundational methods, and practical applications of this subject through guided study and applied examples. Critical Thinking; Research; Communication Intermediate Google Cloud","{'organization': 'Google Cloud', 'difficulty': 'Intermediate', 'rating': 4.7, 'url': ''}"
course_0064,Architecting with Google Kubernetes Engine,"Architecting with Google Kubernetes Engine introduces learners to the core ideas, foundational methods, and practical applications of this subject through guided study and applied examples.",Kubernetes; Cloud Computing,Beginner,4.5,Google Cloud,,"Architecting with Google Kubernetes Engine Architecting with Google Kubernetes Engine introduces learners to the core ideas, foundational methods, and practical applications of this subject through guided study and applied examples. Kubernetes; Cloud Computing Beginner Google Cloud","{'organization': 'Google Cloud', 'difficulty': 'Beginner', 'rating': 4.5, 'url': ''}"
course_0065,Arizona State University TESOL,"Arizona State University TESOL introduces learners to the core ideas, foundational methods, and practical applications of this subject through guided study and applied examples.",Critical Thinking; Research; Communication,Beginner,4.9,Arizona State University,,"Arizona State University TESOL Arizona State University TESOL introduces learners to the core ideas, foundational methods, and practical applications of this subject through guided study and applied examples. Critical Thinking; Research; Communication Beginner Arizona State University","{'organization': 'Arizona State University', 'difficulty': 'Beginner', 'rating': 4.9, 'url': ''}"
course_0066,Art & Activity: Interactive Strategies for Engaging with Art,"Art & Activity: Interactive Strategies for Engaging with Art introduces learners to the core ideas, foundational methods, and practical applications of this subject through guided study and applied examples.",Critical Thinking; Research; Communication,Intermediate,4.8,The Museum of Modern Art,,"Art & Activity: Interactive Strategies for Engaging with Art Art & Activity: Interactive Strategies for Engaging with Art introduces learners to the core ideas, foundational methods, and practical applications of this subject through guided study and applied examples. Critical Thinking; Research; Communication Intermediate The Museum of Modern Art","{'organization': 'The Museum of Modern Art', 'difficulty': 'Intermediate', 'rating': 4.8, 'url': ''}"
course_0067,Art & Ideas: Teaching with Themes,"Art & Ideas: Teaching with Themes introduces learners to the core ideas, foundational methods, and practical applications of this subject through guided study and applied examples.",Critical Thinking; Research; Communication,Intermediate,4.8,The Museum of Modern Art,,"Art & Ideas: Teaching with Themes Art & Ideas: Teaching with Themes introduces learners to the core ideas, foundational methods, and practical applications of this subject through guided study and applied examples. Critical Thinking; Research; Communication Intermediate The Museum of Modern Art","{'organization': 'The Museum of Modern Art', 'difficulty': 'Intermediate', 'rating': 4.8, 'url': ''}"
course_0068,Arts and Culture Strategy,"Arts and Culture Strategy introduces learners to the core ideas, foundational methods, and practical applications of this subject through guided study and applied examples.",Critical Thinking; Research; Communication,Intermediate,4.6,National Arts Strategies,,"Arts and Culture Strategy Arts and Culture Strategy introduces learners to the core ideas, foundational methods, and practical applications of this subject through guided study and applied examples. Critical Thinking; Research; Communication Intermediate National Arts Strategies","{'organization': 'National Arts Strategies', 'difficulty': 'Intermediate', 'rating': 4.6, 'url': ''}"
course_0069,Arts and Heritage Management,"Arts and Heritage Management introduces learners to the core ideas, foundational methods, and practical applications of this subject through guided study and applied examples.",Critical Thinking; Research; Communication,Intermediate,4.8,Universita Bocconi,,"Arts and Heritage Management Arts and Heritage Management introduces learners to the core ideas, foundational methods, and practical applications of this subject through guided study and applied examples. Critical Thinking; Research; Communication Intermediate Universita Bocconi","{'organization': 'Universita Bocconi', 'difficulty': 'Intermediate', 'rating': 4.8, 'url': ''}"
course_0070,Aspectos basicos de la planificacion y la gestion de proyectos,"Aspectos basicos de la planificacion y la gestion de proyectos introduces learners to the core ideas, foundational methods, and practical applications of this subject through guided study and applied examples.",Critical Thinking; Research; Communication,Beginner,4.9,University of Virginia,,"Aspectos basicos de la planificacion y la gestion de proyectos Aspectos basicos de la planificacion y la gestion de proyectos introduces learners to the core ideas, foundational methods, and practical applications of this subject through guided study and applied examples. Critical Thinking; Research; Communication Beginner University of Virginia","{'organization': 'University of Virginia', 'difficulty': 'Beginner', 'rating': 4.9, 'url': ''}"
course_0071,Astrobiology and the Search for Extraterrestrial Life,"Astrobiology and the Search for Extraterrestrial Life introduces learners to the core ideas, foundational methods, and practical applications of this subject through guided study and applied examples.",Critical Thinking; Research; Communication,Intermediate,4.7,The University of Edinburgh,,"Astrobiology and the Search for Extraterrestrial Life Astrobiology and the Search for Extraterrestrial Life introduces learners to the core ideas, foundational methods, and practical applications of this subject through guided study and applied examples. Critical Thinking; Research; Communication Intermediate The University of Edinburgh","{'organization': 'The University of Edinburgh', 'difficulty': 'Intermediate', 'rating': 4.7, 'url': ''}"
course_0072,Atencion Primaria en Salud: El desafio de las Enfermedades no Transmisibles,"Atencion Primaria en Salud: El desafio de las Enfermedades no Transmisibles introduces learners to the core ideas, foundational methods, and practical applications of this subject through guided study and applied examples.",Critical Thinking; Research; Communication,Intermediate,4.8,Pontificia Universidad Catolica de Chile,,"Atencion Primaria en Salud: El desafio de las Enfermedades no Transmisibles Atencion Primaria en Salud: El desafio de las Enfermedades no Transmisibles introduces learners to the core ideas, foundational methods, and practical applications of this subject through guided study and applied examples. Critical Thinking; Research; Communication Intermediate Pontificia Universidad Catolica de Chile","{'organization': 'Pontificia Universidad Catolica de Chile', 'difficulty': 'Intermediate', 'rating': 4.8, 'url': ''}"
course_0073,Autism Spectrum Disorder,"Autism Spectrum Disorder introduces learners to the core ideas, foundational methods, and practical applications of this subject through guided study and applied examples.",Critical Thinking; Research; Communication,Intermediate,4.6,"University of California, Davis",,"Autism Spectrum Disorder Autism Spectrum Disorder introduces learners to the core ideas, foundational methods, and practical applications of this subject through guided study and applied examples. Critical Thinking; Research; Communication Intermediate University of California, Davis","{'organization': 'University of California, Davis', 'difficulty': 'Intermediate', 'rating': 4.6, 'url': ''}"
course_0074,Autodesk CAD/CAM for Manufacturing,"Autodesk CAD/CAM for Manufacturing introduces learners to the core ideas, foundational methods, and practical applications of this subject through guided study and applied examples.",Critical Thinking; Research; Communication,Intermediate,4.8,Autodesk,,"Autodesk CAD/CAM for Manufacturing Autodesk CAD/CAM for Manufacturing introduces learners to the core ideas, foundational methods, and practical applications of this subject through guided study and applied examples. Critical Thinking; Research; Communication Intermediate Autodesk","{'organization': 'Autodesk', 'difficulty': 'Intermediate', 'rating': 4.8, 'url': ''}"
course_0075,Autodesk CAD/CAM/CAE for Mechanical Engineering,"Autodesk CAD/CAM/CAE for Mechanical Engineering introduces learners to the core ideas, foundational methods, and practical applications of this subject through guided study and applied examples.",Critical Thinking; Research; Communication,Intermediate,4.8,Autodesk,,"Autodesk CAD/CAM/CAE for Mechanical Engineering Autodesk CAD/CAM/CAE for Mechanical Engineering introduces learners to the core ideas, foundational methods, and practical applications of this subject through guided study and applied examples. Critical Thinking; Research; Communication Intermediate Autodesk","{'organization': 'Autodesk', 'difficulty': 'Intermediate', 'rating': 4.8, 'url': ''}"
course_0076,Autodesk Certified Professional: AutoCAD for Design and Drafting Exam Prep,"Autodesk Certified Professional: AutoCAD for Design and Drafting Exam Prep introduces learners to the core ideas, foundational methods, and practical applications of this subject through guided study and applied examples.",Critical Thinking; Research; Communication,Advanced,4.7,Autodesk,,"Autodesk Certified Professional: AutoCAD for Design and Drafting Exam Prep Autodesk Certified Professional: AutoCAD for Design and Drafting Exam Prep introduces learners to the core ideas, foundational methods, and practical applications of this subject through guided study and applied examples. Critical Thinking; Research; Communication Advanced Autodesk","{'organization': 'Autodesk', 'difficulty': 'Advanced', 'rating': 4.7, 'url': ''}"
course_0077,Autodesk Certified Professional: Revit for Architectural Design Exam Prep,"Autodesk Certified Professional: Revit for Architectural Design Exam Prep introduces learners to the core ideas, foundational methods, and practical applications of this subject through guided study and applied examples.",Critical Thinking; Research; Communication,Advanced,4.7,Autodesk,,"Autodesk Certified Professional: Revit for Architectural Design Exam Prep Autodesk Certified Professional: Revit for Architectural Design Exam Prep introduces learners to the core ideas, foundational methods, and practical applications of this subject through guided study and applied examples. Critical Thinking; Research; Communication Advanced Autodesk","{'organization': 'Autodesk', 'difficulty': 'Advanced', 'rating': 4.7, 'url': ''}"
course_0078,BIM Fundamentals for Engineers,"BIM Fundamentals for Engineers introduces learners to the core ideas, foundational methods, and practical applications of this subject through guided study and applied examples.",Critical Thinking; Research; Communication,Beginner,4.6,National Taiwan University,,"BIM Fundamentals for Engineers BIM Fundamentals for Engineers introduces learners to the core ideas, foundational methods, and practical applications of this subject through guided study and applied examples. Critical Thinking; Research; Communication Beginner National Taiwan University","{'organization': 'National Taiwan University', 'difficulty': 'Beginner', 'rating': 4.6, 'url': ''}"
course_0079,Basic Statistics,"Basic Statistics introduces learners to the core ideas, foundational methods, and practical applications of this subject through guided study and applied examples.",Statistics; Data Analysis,Beginner,4.6,University of Amsterdam,,"Basic Statistics Basic Statistics introduces learners to the core ideas, foundational methods, and practical applications of this subject through guided study and applied examples. Statistics; Data Analysis Beginner University of Amsterdam","{'organization': 'University of Amsterdam', 'difficulty': 'Beginner', 'rating': 4.6, 'url': ''}"
course_0080,Bayesian Statistics: From Concept to Data Analysis,"Bayesian Statistics: From Concept to Data Analysis introduces learners to the foundations of data analysis, statistical reasoning, and practical decision-making using real-world data examples.",Data Analysis; Statistics,Intermediate,4.8,"University of California, Santa Cruz",,"Bayesian Statistics: From Concept to Data Analysis Bayesian Statistics: From Concept to Data Analysis introduces learners to the foundations of data analysis, statistical reasoning, and practical decision-making using real-world data examples. Data Analysis; Statistics Intermediate University of California, Santa Cruz","{'organization': 'University of California, Santa Cruz', 'difficulty': 'Intermediate', 'rating': 4.8, 'url': ''}"
course_0081,Bayesian Statistics: Techniques and Models,"Bayesian Statistics: Techniques and Models introduces learners to the core ideas, foundational methods, and practical applications of this subject through guided study and applied examples.",Statistics; Data Analysis,Intermediate,4.8,"University of California, Santa Cruz",,"Bayesian Statistics: Techniques and Models Bayesian Statistics: Techniques and Models introduces learners to the core ideas, foundational methods, and practical applications of this subject through guided study and applied examples. Statistics; Data Analysis Intermediate University of California, Santa Cruz","{'organization': 'University of California, Santa Cruz', 'difficulty': 'Intermediate', 'rating': 4.8, 'url': ''}"
course_0082,Become a CBRS Certified Professional Installer by Google,"Become a CBRS Certified Professional Installer by Google introduces learners to the core ideas, foundational methods, and practical applications of this subject through guided study and applied examples.",Critical Thinking; Research; Communication,Intermediate,4.9,Google - Spectrum Sharing,,"Become a CBRS Certified Professional Installer by Google Become a CBRS Certified Professional Installer by Google introduces learners to the core ideas, foundational methods, and practical applications of this subject through guided study and applied examples. Critical Thinking; Research; Communication Intermediate Google - Spectrum Sharing","{'organization': 'Google - Spectrum Sharing', 'difficulty': 'Intermediate', 'rating': 4.9, 'url': ''}"
course_0083,Become a Journalist: Report the News!,"Become a Journalist: Report the News! introduces learners to the core ideas, foundational methods, and practical applications of this subject through guided study and applied examples.",Critical Thinking; Research; Communication,Beginner,4.7,Michigan State University,,"Become a Journalist: Report the News! Become a Journalist: Report the News! introduces learners to the core ideas, foundational methods, and practical applications of this subject through guided study and applied examples. Critical Thinking; Research; Communication Beginner Michigan State University","{'organization': 'Michigan State University', 'difficulty': 'Beginner', 'rating': 4.7, 'url': ''}"
course_0084,Become a Sustainable Business Change Agent,"Become a Sustainable Business Change Agent helps learners understand core concepts, algorithms, and applications used in modern machine learning and intelligent systems.",Artificial Intelligence,Intermediate,4.7,University of Colorado System,,"Become a Sustainable Business Change Agent Become a Sustainable Business Change Agent helps learners understand core concepts, algorithms, and applications used in modern machine learning and intelligent systems. Artificial Intelligence Intermediate University of Colorado System","{'organization': 'University of Colorado System', 'difficulty': 'Intermediate', 'rating': 4.7, 'url': ''}"
course_0085,Becoming a Sports Agent,"Becoming a Sports Agent introduces learners to the core ideas, foundational methods, and practical applications of this subject through guided study and applied examples.",Critical Thinking; Research; Communication,Beginner,4.7,Case Western Reserve University,,"Becoming a Sports Agent Becoming a Sports Agent introduces learners to the core ideas, foundational methods, and practical applications of this subject through guided study and applied examples. Critical Thinking; Research; Communication Beginner Case Western Reserve University","{'organization': 'Case Western Reserve University', 'difficulty': 'Beginner', 'rating': 4.7, 'url': ''}"
course_0086,Becoming a changemaker: Introduction to Social Innovation,"Becoming a changemaker: Introduction to Social Innovation introduces learners to the core ideas, foundational methods, and practical applications of this subject through guided study and applied examples.",Critical Thinking; Research; Communication,Beginner,4.8,University of Cape Town,,"Becoming a changemaker: Introduction to Social Innovation Becoming a changemaker: Introduction to Social Innovation introduces learners to the core ideas, foundational methods, and practical applications of this subject through guided study and applied examples. Critical Thinking; Research; Communication Beginner University of Cape Town","{'organization': 'University of Cape Town', 'difficulty': 'Beginner', 'rating': 4.8, 'url': ''}"
course_0087,Behavioral Finance,"Behavioral Finance introduces learners to the core ideas, foundational methods, and practical applications of this subject through guided study and applied examples.",Critical Thinking; Research; Communication,Intermediate,4.4,Duke University,,"Behavioral Finance Behavioral Finance introduces learners to the core ideas, foundational methods, and practical applications of this subject through guided study and applied examples. Critical Thinking; Research; Communication Intermediate Duke University","{'organization': 'Duke University', 'difficulty': 'Intermediate', 'rating': 4.4, 'url': ''}"
course_0088,Beyond the Sustainable Development Goals (SDGs): Addressing Sustainability and Development,"Beyond the Sustainable Development Goals (SDGs): Addressing Sustainability and Development helps learners understand core concepts, algorithms, and applications used in modern machine learning and intelligent systems.",Artificial Intelligence,Intermediate,4.6,University of Michigan,,"Beyond the Sustainable Development Goals (SDGs): Addressing Sustainability and Development Beyond the Sustainable Development Goals (SDGs): Addressing Sustainability and Development helps learners understand core concepts, algorithms, and applications used in modern machine learning and intelligent systems. Artificial Intelligence Intermediate University of Michigan","{'organization': 'University of Michigan', 'difficulty': 'Intermediate', 'rating': 4.6, 'url': ''}"
course_0089,Big Data Introduccion al uso practico de datos masivos,"Big Data Introduccion al uso practico de datos masivos introduces learners to the core ideas, foundational methods, and practical applications of this subject through guided study and applied examples.",Critical Thinking; Research; Communication,Beginner,4.5,Universitat Autonoma de Barcelona,,"Big Data Introduccion al uso practico de datos masivos Big Data Introduccion al uso practico de datos masivos introduces learners to the core ideas, foundational methods, and practical applications of this subject through guided study and applied examples. Critical Thinking; Research; Communication Beginner Universitat Autonoma de Barcelona","{'organization': 'Universitat Autonoma de Barcelona', 'difficulty': 'Beginner', 'rating': 4.5, 'url': ''}"
course_0090,Biohacking Your Brain's Health,"Biohacking Your Brain's Health helps learners understand core concepts, algorithms, and applications used in modern machine learning and intelligent systems.",Artificial Intelligence,Beginner,4.6,Emory University,,"Biohacking Your Brain's Health Biohacking Your Brain's Health helps learners understand core concepts, algorithms, and applications used in modern machine learning and intelligent systems. Artificial Intelligence Beginner Emory University","{'organization': 'Emory University', 'difficulty': 'Beginner', 'rating': 4.6, 'url': ''}"
course_0091,Biology Meets Programming: Bioinformatics for Beginners,"Biology Meets Programming: Bioinformatics for Beginners guides learners through software engineering patterns, algorithmic problem solving, and effective coding practices.",Programming,Beginner,4.4,University of California San Diego,,"Biology Meets Programming: Bioinformatics for Beginners Biology Meets Programming: Bioinformatics for Beginners guides learners through software engineering patterns, algorithmic problem solving, and effective coding practices. Programming Beginner University of California San Diego","{'organization': 'University of California San Diego', 'difficulty': 'Beginner', 'rating': 4.4, 'url': ''}"
course_0092,Biostatistics in Public Health,"Biostatistics in Public Health introduces learners to the core ideas, foundational methods, and practical applications of this subject through guided study and applied examples.",Statistics; Data Analysis,Beginner,4.8,Johns Hopkins University,,"Biostatistics in Public Health Biostatistics in Public Health introduces learners to the core ideas, foundational methods, and practical applications of this subject through guided study and applied examples. Statistics; Data Analysis Beginner Johns Hopkins University","{'organization': 'Johns Hopkins University', 'difficulty': 'Beginner', 'rating': 4.8, 'url': ''}"
course_0093,Blended Language Learning: Design and Practice for Teachers,"Blended Language Learning: Design and Practice for Teachers introduces learners to the core ideas, foundational methods, and practical applications of this subject through guided study and applied examples.",Critical Thinking; Research; Communication,Intermediate,4.8,University of Colorado Boulder,,"Blended Language Learning: Design and Practice for Teachers Blended Language Learning: Design and Practice for Teachers introduces learners to the core ideas, foundational methods, and practical applications of this subject through guided study and applied examples. Critical Thinking; Research; Communication Intermediate University of Colorado Boulder","{'organization': 'University of Colorado Boulder', 'difficulty': 'Intermediate', 'rating': 4.8, 'url': ''}"
course_0094,Blockchain,"Blockchain helps learners understand core concepts, algorithms, and applications used in modern machine learning and intelligent systems.",Artificial Intelligence,Intermediate,4.6,University at Buffalo,,"Blockchain Blockchain helps learners understand core concepts, algorithms, and applications used in modern machine learning and intelligent systems. Artificial Intelligence Intermediate University at Buffalo","{'organization': 'University at Buffalo', 'difficulty': 'Intermediate', 'rating': 4.6, 'url': ''}"
course_0095,Blockchain Revolution,"Blockchain Revolution helps learners understand core concepts, algorithms, and applications used in modern machine learning and intelligent systems.",Artificial Intelligence,Beginner,4.7,INSEAD,,"Blockchain Revolution Blockchain Revolution helps learners understand core concepts, algorithms, and applications used in modern machine learning and intelligent systems. Artificial Intelligence Beginner INSEAD","{'organization': 'INSEAD', 'difficulty': 'Beginner', 'rating': 4.7, 'url': ''}"
course_0096,Blockchain Revolution in Financial Services,"Blockchain Revolution in Financial Services helps learners understand core concepts, algorithms, and applications used in modern machine learning and intelligent systems.",Artificial Intelligence,Beginner,4.6,INSEAD,,"Blockchain Revolution in Financial Services Blockchain Revolution in Financial Services helps learners understand core concepts, algorithms, and applications used in modern machine learning and intelligent systems. Artificial Intelligence Beginner INSEAD","{'organization': 'INSEAD', 'difficulty': 'Beginner', 'rating': 4.6, 'url': ''}"
course_0097,Blockchain: Foundations and Use Cases,"Blockchain: Foundations and Use Cases helps learners understand core concepts, algorithms, and applications used in modern machine learning and intelligent systems.",Artificial Intelligence,Beginner,4.7,ConsenSys Academy,,"Blockchain: Foundations and Use Cases Blockchain: Foundations and Use Cases helps learners understand core concepts, algorithms, and applications used in modern machine learning and intelligent systems. Artificial Intelligence Beginner ConsenSys Academy","{'organization': 'ConsenSys Academy', 'difficulty': 'Beginner', 'rating': 4.7, 'url': ''}"
course_0098,Boosting Creativity for Innovation,"Boosting Creativity for Innovation introduces learners to the core ideas, foundational methods, and practical applications of this subject through guided study and applied examples.",Critical Thinking; Research; Communication,Beginner,4.9,HEC Paris,,"Boosting Creativity for Innovation Boosting Creativity for Innovation introduces learners to the core ideas, foundational methods, and practical applications of this subject through guided study and applied examples. Critical Thinking; Research; Communication Beginner HEC Paris","{'organization': 'HEC Paris', 'difficulty': 'Beginner', 'rating': 4.9, 'url': ''}"
course_0099,"Brand Management: Aligning Business, Brand and Behaviour","Brand Management: Aligning Business, Brand and Behaviour introduces learners to the core ideas, foundational methods, and practical applications of this subject through guided study and applied examples.",Critical Thinking; Research; Communication,Beginner,4.9,London Business School,,"Brand Management: Aligning Business, Brand and Behaviour Brand Management: Aligning Business, Brand and Behaviour introduces learners to the core ideas, foundational methods, and practical applications of this subject through guided study and applied examples. Critical Thinking; Research; Communication Beginner London Business School","{'organization': 'London Business School', 'difficulty': 'Beginner', 'rating': 4.9, 'url': ''}"
course_0100,Branding: The Creative Journey,"Branding: The Creative Journey introduces learners to the core ideas, foundational methods, and practical applications of this subject through guided study and applied examples.",Critical Thinking; Research; Communication,Beginner,4.6,IE Business School,,"Branding: The Creative Journey Branding: The Creative Journey introduces learners to the core ideas, foundational methods, and practical applications of this subject through guided study and applied examples. Critical Thinking; Research; Communication Beginner IE Business School","{'organization': 'IE Business School', 'difficulty': 'Beginner', 'rating': 4.6, 'url': ''}"
course_0101,Budgeting and Scheduling Projects,"Budgeting and Scheduling Projects introduces learners to the core ideas, foundational methods, and practical applications of this subject through guided study and applied examples.",Critical Thinking; Research; Communication,Intermediate,4.7,"University of California, Irvine",,"Budgeting and Scheduling Projects Budgeting and Scheduling Projects introduces learners to the core ideas, foundational methods, and practical applications of this subject through guided study and applied examples. Critical Thinking; Research; Communication Intermediate University of California, Irvine","{'organization': 'University of California, Irvine', 'difficulty': 'Intermediate', 'rating': 4.7, 'url': ''}"
course_0102,Bugs 101: Insect-Human Interactions,"Bugs 101: Insect-Human Interactions introduces learners to the core ideas, foundational methods, and practical applications of this subject through guided study and applied examples.",Critical Thinking; Research; Communication,Beginner,4.9,University of Alberta,,"Bugs 101: Insect-Human Interactions Bugs 101: Insect-Human Interactions introduces learners to the core ideas, foundational methods, and practical applications of this subject through guided study and applied examples. Critical Thinking; Research; Communication Beginner University of Alberta","{'organization': 'University of Alberta', 'difficulty': 'Beginner', 'rating': 4.9, 'url': ''}"
course_0103,Build a Modern Computer from First Principles: From Nand to Tetris (Project-Centered Course),"Build a Modern Computer from First Principles: From Nand to Tetris (Project-Centered Course) introduces learners to the core ideas, foundational methods, and practical applications of this subject through guided study and applied examples.",Critical Thinking; Research; Communication,Intermediate,4.9,Hebrew University of Jerusalem,,"Build a Modern Computer from First Principles: From Nand to Tetris (Project-Centered Course) Build a Modern Computer from First Principles: From Nand to Tetris (Project-Centered Course) introduces learners to the core ideas, foundational methods, and practical applications of this subject through guided study and applied examples. Critical Thinking; Research; Communication Intermediate Hebrew University of Jerusalem","{'organization': 'Hebrew University of Jerusalem', 'difficulty': 'Intermediate', 'rating': 4.9, 'url': ''}"
course_0104,Building Batch Data Pipelines on GCP,"Building Batch Data Pipelines on GCP introduces learners to the core ideas, foundational methods, and practical applications of this subject through guided study and applied examples.",Cloud Computing; GCP,Intermediate,4.5,Google Cloud,,"Building Batch Data Pipelines on GCP Building Batch Data Pipelines on GCP introduces learners to the core ideas, foundational methods, and practical applications of this subject through guided study and applied examples. Cloud Computing; GCP Intermediate Google Cloud","{'organization': 'Google Cloud', 'difficulty': 'Intermediate', 'rating': 4.5, 'url': ''}"
course_0105,Building Conversational Experiences with Dialogflow,"Building Conversational Experiences with Dialogflow introduces learners to the core ideas, foundational methods, and practical applications of this subject through guided study and applied examples.",Critical Thinking; Research; Communication,Beginner,4.5,Google Cloud,,"Building Conversational Experiences with Dialogflow Building Conversational Experiences with Dialogflow introduces learners to the core ideas, foundational methods, and practical applications of this subject through guided study and applied examples. Critical Thinking; Research; Communication Beginner Google Cloud","{'organization': 'Google Cloud', 'difficulty': 'Beginner', 'rating': 4.5, 'url': ''}"
course_0106,Building Resilient Streaming Analytics Systems on GCP,"Building Resilient Streaming Analytics Systems on GCP introduces learners to the foundations of data analysis, statistical reasoning, and practical decision-making using real-world data examples.",Data Analysis; Statistics; Cloud Computing; GCP,Intermediate,4.6,Google Cloud,,"Building Resilient Streaming Analytics Systems on GCP Building Resilient Streaming Analytics Systems on GCP introduces learners to the foundations of data analysis, statistical reasoning, and practical decision-making using real-world data examples. Data Analysis; Statistics; Cloud Computing; GCP Intermediate Google Cloud","{'organization': 'Google Cloud', 'difficulty': 'Intermediate', 'rating': 4.6, 'url': ''}"
course_0107,Building Scalable Java Microservices with Spring Boot and Spring Cloud,"Building Scalable Java Microservices with Spring Boot and Spring Cloud covers the core ideas behind cloud-native systems, security principles, and the practical systems thinking needed to build and maintain modern digital services.",Cloud Computing; Security Fundamentals; Java; Programming,Intermediate,4.3,Google Cloud,,"Building Scalable Java Microservices with Spring Boot and Spring Cloud Building Scalable Java Microservices with Spring Boot and Spring Cloud covers the core ideas behind cloud-native systems, security principles, and the practical systems thinking needed to build and maintain modern digital services. Cloud Computing; Security Fundamentals; Java; Programming Intermediate Google Cloud","{'organization': 'Google Cloud', 'difficulty': 'Intermediate', 'rating': 4.3, 'url': ''}"
course_0108,Building Your Leadership Skills,"Building Your Leadership Skills introduces learners to the core ideas, foundational methods, and practical applications of this subject through guided study and applied examples.",Critical Thinking; Research; Communication,Intermediate,4.5,HEC Paris,,"Building Your Leadership Skills Building Your Leadership Skills introduces learners to the core ideas, foundational methods, and practical applications of this subject through guided study and applied examples. Critical Thinking; Research; Communication Intermediate HEC Paris","{'organization': 'HEC Paris', 'difficulty': 'Intermediate', 'rating': 4.5, 'url': ''}"
course_0109,Business Analytics,"Business Analytics introduces learners to the foundations of data analysis, statistical reasoning, and practical decision-making using real-world data examples.",Data Analysis; Statistics,Beginner,4.6,University of Pennsylvania,,"Business Analytics Business Analytics introduces learners to the foundations of data analysis, statistical reasoning, and practical decision-making using real-world data examples. Data Analysis; Statistics Beginner University of Pennsylvania","{'organization': 'University of Pennsylvania', 'difficulty': 'Beginner', 'rating': 4.6, 'url': ''}"
course_0110,Business English,"Business English introduces learners to the core ideas, foundational methods, and practical applications of this subject through guided study and applied examples.",Critical Thinking; Research; Communication,Intermediate,4.7,Arizona State University,,"Business English Business English introduces learners to the core ideas, foundational methods, and practical applications of this subject through guided study and applied examples. Critical Thinking; Research; Communication Intermediate Arizona State University","{'organization': 'Arizona State University', 'difficulty': 'Intermediate', 'rating': 4.7, 'url': ''}"
course_0111,Business English Communication Skills,"Business English Communication Skills introduces learners to the core ideas, foundational methods, and practical applications of this subject through guided study and applied examples.",Critical Thinking; Research; Communication,Intermediate,4.7,University of Washington,,"Business English Communication Skills Business English Communication Skills introduces learners to the core ideas, foundational methods, and practical applications of this subject through guided study and applied examples. Critical Thinking; Research; Communication Intermediate University of Washington","{'organization': 'University of Washington', 'difficulty': 'Intermediate', 'rating': 4.7, 'url': ''}"
course_0112,Business English: Networking,"Business English: Networking introduces learners to the core ideas, foundational methods, and practical applications of this subject through guided study and applied examples.",Critical Thinking; Research; Communication,Intermediate,4.7,University of Washington,,"Business English: Networking Business English: Networking introduces learners to the core ideas, foundational methods, and practical applications of this subject through guided study and applied examples. Critical Thinking; Research; Communication Intermediate University of Washington","{'organization': 'University of Washington', 'difficulty': 'Intermediate', 'rating': 4.7, 'url': ''}"
course_0113,Business Foundations,"Business Foundations introduces learners to the core ideas, foundational methods, and practical applications of this subject through guided study and applied examples.",Critical Thinking; Research; Communication,Beginner,4.7,University of Pennsylvania,,"Business Foundations Business Foundations introduces learners to the core ideas, foundational methods, and practical applications of this subject through guided study and applied examples. Critical Thinking; Research; Communication Beginner University of Pennsylvania","{'organization': 'University of Pennsylvania', 'difficulty': 'Beginner', 'rating': 4.7, 'url': ''}"
course_0114,Business Model Innovation,"Business Model Innovation introduces learners to the core ideas, foundational methods, and practical applications of this subject through guided study and applied examples.",Critical Thinking; Research; Communication,Intermediate,4.7,HEC Paris,,"Business Model Innovation Business Model Innovation introduces learners to the core ideas, foundational methods, and practical applications of this subject through guided study and applied examples. Critical Thinking; Research; Communication Intermediate HEC Paris","{'organization': 'HEC Paris', 'difficulty': 'Intermediate', 'rating': 4.7, 'url': ''}"
course_0115,Business Statistics and Analysis,"Business Statistics and Analysis introduces learners to the core ideas, foundational methods, and practical applications of this subject through guided study and applied examples.",Statistics; Data Analysis,Beginner,4.7,Rice University,,"Business Statistics and Analysis Business Statistics and Analysis introduces learners to the core ideas, foundational methods, and practical applications of this subject through guided study and applied examples. Statistics; Data Analysis Beginner Rice University","{'organization': 'Rice University', 'difficulty': 'Beginner', 'rating': 4.7, 'url': ''}"
course_0116,Business Strategies for A Better World,"Business Strategies for A Better World introduces learners to the core ideas, foundational methods, and practical applications of this subject through guided study and applied examples.",Critical Thinking; Research; Communication,Beginner,4.7,University of Pennsylvania,,"Business Strategies for A Better World Business Strategies for A Better World introduces learners to the core ideas, foundational methods, and practical applications of this subject through guided study and applied examples. Critical Thinking; Research; Communication Beginner University of Pennsylvania","{'organization': 'University of Pennsylvania', 'difficulty': 'Beginner', 'rating': 4.7, 'url': ''}"
course_0117,Business Strategy,"Business Strategy introduces learners to the core ideas, foundational methods, and practical applications of this subject through guided study and applied examples.",Critical Thinking; Research; Communication,Beginner,4.7,University of Virginia,,"Business Strategy Business Strategy introduces learners to the core ideas, foundational methods, and practical applications of this subject through guided study and applied examples. Critical Thinking; Research; Communication Beginner University of Virginia","{'organization': 'University of Virginia', 'difficulty': 'Beginner', 'rating': 4.7, 'url': ''}"
course_0118,Business Technology Management,"Business Technology Management introduces learners to the core ideas, foundational methods, and practical applications of this subject through guided study and applied examples.",Critical Thinking; Research; Communication,Beginner,4.5,Indian School of Business,,"Business Technology Management Business Technology Management introduces learners to the core ideas, foundational methods, and practical applications of this subject through guided study and applied examples. Critical Thinking; Research; Communication Beginner Indian School of Business","{'organization': 'Indian School of Business', 'difficulty': 'Beginner', 'rating': 4.5, 'url': ''}"
course_0119,Business Transformation with Google Cloud,"Business Transformation with Google Cloud covers the core ideas behind cloud-native systems, security principles, and the practical systems thinking needed to build and maintain modern digital services.",Cloud Computing; Security Fundamentals,Beginner,4.7,Google Cloud,,"Business Transformation with Google Cloud Business Transformation with Google Cloud covers the core ideas behind cloud-native systems, security principles, and the practical systems thinking needed to build and maintain modern digital services. Cloud Computing; Security Fundamentals Beginner Google Cloud","{'organization': 'Google Cloud', 'difficulty': 'Beginner', 'rating': 4.7, 'url': ''}"
course_0120,Business Writing,"Business Writing introduces learners to the core ideas, foundational methods, and practical applications of this subject through guided study and applied examples.",Critical Thinking; Research; Communication,Beginner,4.8,University of Colorado Boulder,,"Business Writing Business Writing introduces learners to the core ideas, foundational methods, and practical applications of this subject through guided study and applied examples. Critical Thinking; Research; Communication Beginner University of Colorado Boulder","{'organization': 'University of Colorado Boulder', 'difficulty': 'Beginner', 'rating': 4.8, 'url': ''}"
course_0121,Business and Financial Modeling,"Business and Financial Modeling introduces learners to the core ideas, foundational methods, and practical applications of this subject through guided study and applied examples.",Critical Thinking; Research; Communication,Beginner,4.5,University of Pennsylvania,,"Business and Financial Modeling Business and Financial Modeling introduces learners to the core ideas, foundational methods, and practical applications of this subject through guided study and applied examples. Critical Thinking; Research; Communication Beginner University of Pennsylvania","{'organization': 'University of Pennsylvania', 'difficulty': 'Beginner', 'rating': 4.5, 'url': ''}"
course_0122,C for Everyone: Programming Fundamentals,"C for Everyone: Programming Fundamentals guides learners through software engineering patterns, algorithmic problem solving, and effective coding practices.",Programming,Beginner,4.5,"University of California, Santa Cruz",,"C for Everyone: Programming Fundamentals C for Everyone: Programming Fundamentals guides learners through software engineering patterns, algorithmic problem solving, and effective coding practices. Programming Beginner University of California, Santa Cruz","{'organization': 'University of California, Santa Cruz', 'difficulty': 'Beginner', 'rating': 4.5, 'url': ''}"
course_0123,C# Programming for Unity Game Development,"C# Programming for Unity Game Development guides learners through software engineering patterns, algorithmic problem solving, and effective coding practices.",Programming,Beginner,4.7,University of Colorado System,,"C# Programming for Unity Game Development C# Programming for Unity Game Development guides learners through software engineering patterns, algorithmic problem solving, and effective coding practices. Programming Beginner University of Colorado System","{'organization': 'University of Colorado System', 'difficulty': 'Beginner', 'rating': 4.7, 'url': ''}"
course_0124,COVID-19 Contact Tracing,"COVID-19 Contact Tracing introduces learners to the core ideas, foundational methods, and practical applications of this subject through guided study and applied examples.",Critical Thinking; Research; Communication,Beginner,4.9,Johns Hopkins University,,"COVID-19 Contact Tracing COVID-19 Contact Tracing introduces learners to the core ideas, foundational methods, and practical applications of this subject through guided study and applied examples. Critical Thinking; Research; Communication Beginner Johns Hopkins University","{'organization': 'Johns Hopkins University', 'difficulty': 'Beginner', 'rating': 4.9, 'url': ''}"
course_0125,COVID-19: What You Need to Know (CME Eligible),"COVID-19: What You Need to Know (CME Eligible) introduces learners to the core ideas, foundational methods, and practical applications of this subject through guided study and applied examples.",Critical Thinking; Research; Communication,Beginner,4.8,Osmosis,,"COVID-19: What You Need to Know (CME Eligible) COVID-19: What You Need to Know (CME Eligible) introduces learners to the core ideas, foundational methods, and practical applications of this subject through guided study and applied examples. Critical Thinking; Research; Communication Beginner Osmosis","{'organization': 'Osmosis', 'difficulty': 'Beginner', 'rating': 4.8, 'url': ''}"
course_0126,"Cameras, Exposure, and Photography","Cameras, Exposure, and Photography introduces learners to the core ideas, foundational methods, and practical applications of this subject through guided study and applied examples.",Critical Thinking; Research; Communication,Intermediate,4.7,Michigan State University,,"Cameras, Exposure, and Photography Cameras, Exposure, and Photography introduces learners to the core ideas, foundational methods, and practical applications of this subject through guided study and applied examples. Critical Thinking; Research; Communication Intermediate Michigan State University","{'organization': 'Michigan State University', 'difficulty': 'Intermediate', 'rating': 4.7, 'url': ''}"
course_0127,Camino a la Excelencia en Gestion de Proyectos,"Camino a la Excelencia en Gestion de Proyectos introduces learners to the core ideas, foundational methods, and practical applications of this subject through guided study and applied examples.",Critical Thinking; Research; Communication,Beginner,4.7,Pontificia Universidad Catolica de Chile,,"Camino a la Excelencia en Gestion de Proyectos Camino a la Excelencia en Gestion de Proyectos introduces learners to the core ideas, foundational methods, and practical applications of this subject through guided study and applied examples. Critical Thinking; Research; Communication Beginner Pontificia Universidad Catolica de Chile","{'organization': 'Pontificia Universidad Catolica de Chile', 'difficulty': 'Beginner', 'rating': 4.7, 'url': ''}"
course_0128,"Capstone: Retrieving, Processing, and Visualizing Data with Python","Capstone: Retrieving, Processing, and Visualizing Data with Python introduces learners to the core ideas, foundational methods, and practical applications of this subject through guided study and applied examples.",Python,Intermediate,4.6,University of Michigan,,"Capstone: Retrieving, Processing, and Visualizing Data with Python Capstone: Retrieving, Processing, and Visualizing Data with Python introduces learners to the core ideas, foundational methods, and practical applications of this subject through guided study and applied examples. Python Intermediate University of Michigan","{'organization': 'University of Michigan', 'difficulty': 'Intermediate', 'rating': 4.6, 'url': ''}"
course_0129,Career Success,"Career Success introduces learners to the core ideas, foundational methods, and practical applications of this subject through guided study and applied examples.",Critical Thinking; Research; Communication,Beginner,4.4,"University of California, Irvine",,"Career Success Career Success introduces learners to the core ideas, foundational methods, and practical applications of this subject through guided study and applied examples. Critical Thinking; Research; Communication Beginner University of California, Irvine","{'organization': 'University of California, Irvine', 'difficulty': 'Beginner', 'rating': 4.4, 'url': ''}"
course_0130,Challenging Forensic Science: How Science Should Speak to Court,"Challenging Forensic Science: How Science Should Speak to Court introduces learners to the core ideas, foundational methods, and practical applications of this subject through guided study and applied examples.",Critical Thinking; Research; Communication,Beginner,4.8,University of Lausanne,,"Challenging Forensic Science: How Science Should Speak to Court Challenging Forensic Science: How Science Should Speak to Court introduces learners to the core ideas, foundational methods, and practical applications of this subject through guided study and applied examples. Critical Thinking; Research; Communication Beginner University of Lausanne","{'organization': 'University of Lausanne', 'difficulty': 'Beginner', 'rating': 4.8, 'url': ''}"
course_0131,Chemicals and Health,"Chemicals and Health introduces learners to the core ideas, foundational methods, and practical applications of this subject through guided study and applied examples.",Critical Thinking; Research; Communication,Beginner,4.7,Johns Hopkins University,,"Chemicals and Health Chemicals and Health introduces learners to the core ideas, foundational methods, and practical applications of this subject through guided study and applied examples. Critical Thinking; Research; Communication Beginner Johns Hopkins University","{'organization': 'Johns Hopkins University', 'difficulty': 'Beginner', 'rating': 4.7, 'url': ''}"
course_0132,Chicken Behaviour and Welfare,"Chicken Behaviour and Welfare introduces learners to the core ideas, foundational methods, and practical applications of this subject through guided study and applied examples.",Critical Thinking; Research; Communication,Intermediate,4.7,The University of Edinburgh,,"Chicken Behaviour and Welfare Chicken Behaviour and Welfare introduces learners to the core ideas, foundational methods, and practical applications of this subject through guided study and applied examples. Critical Thinking; Research; Communication Intermediate The University of Edinburgh","{'organization': 'The University of Edinburgh', 'difficulty': 'Intermediate', 'rating': 4.7, 'url': ''}"
course_0133,Child Nutrition and Cooking,"Child Nutrition and Cooking introduces learners to the core ideas, foundational methods, and practical applications of this subject through guided study and applied examples.",Critical Thinking; Research; Communication,Beginner,4.7,Stanford University,,"Child Nutrition and Cooking Child Nutrition and Cooking introduces learners to the core ideas, foundational methods, and practical applications of this subject through guided study and applied examples. Critical Thinking; Research; Communication Beginner Stanford University","{'organization': 'Stanford University', 'difficulty': 'Beginner', 'rating': 4.7, 'url': ''}"
course_0134,Chinese for HSK 1,"Chinese for HSK 1 introduces learners to the core ideas, foundational methods, and practical applications of this subject through guided study and applied examples.",Critical Thinking; Research; Communication,Beginner,4.8,Peking University,,"Chinese for HSK 1 Chinese for HSK 1 introduces learners to the core ideas, foundational methods, and practical applications of this subject through guided study and applied examples. Critical Thinking; Research; Communication Beginner Peking University","{'organization': 'Peking University', 'difficulty': 'Beginner', 'rating': 4.8, 'url': ''}"
course_0135,Cisco Networking Basics,"Cisco Networking Basics introduces learners to the core ideas, foundational methods, and practical applications of this subject through guided study and applied examples.",Critical Thinking; Research; Communication,Beginner,4.7,Cisco,,"Cisco Networking Basics Cisco Networking Basics introduces learners to the core ideas, foundational methods, and practical applications of this subject through guided study and applied examples. Critical Thinking; Research; Communication Beginner Cisco","{'organization': 'Cisco', 'difficulty': 'Beginner', 'rating': 4.7, 'url': ''}"
course_0136,Classical Sociological Theory,"Classical Sociological Theory introduces learners to the core ideas, foundational methods, and practical applications of this subject through guided study and applied examples.",Critical Thinking; Research; Communication,Intermediate,4.8,University of Amsterdam,,"Classical Sociological Theory Classical Sociological Theory introduces learners to the core ideas, foundational methods, and practical applications of this subject through guided study and applied examples. Critical Thinking; Research; Communication Intermediate University of Amsterdam","{'organization': 'University of Amsterdam', 'difficulty': 'Intermediate', 'rating': 4.8, 'url': ''}"
course_0137,Claves de la Direccion de Empresas,"Claves de la Direccion de Empresas introduces learners to the core ideas, foundational methods, and practical applications of this subject through guided study and applied examples.",Critical Thinking; Research; Communication,Beginner,4.8,IESE Business School,,"Claves de la Direccion de Empresas Claves de la Direccion de Empresas introduces learners to the core ideas, foundational methods, and practical applications of this subject through guided study and applied examples. Critical Thinking; Research; Communication Beginner IESE Business School","{'organization': 'IESE Business School', 'difficulty': 'Beginner', 'rating': 4.8, 'url': ''}"
course_0138,Climate Change and Health: From Science to Action,"Climate Change and Health: From Science to Action introduces learners to the core ideas, foundational methods, and practical applications of this subject through guided study and applied examples.",Critical Thinking; Research; Communication,Beginner,4.6,Yale University,,"Climate Change and Health: From Science to Action Climate Change and Health: From Science to Action introduces learners to the core ideas, foundational methods, and practical applications of this subject through guided study and applied examples. Critical Thinking; Research; Communication Beginner Yale University","{'organization': 'Yale University', 'difficulty': 'Beginner', 'rating': 4.6, 'url': ''}"
course_0139,Clinical Terminology for International and U.S. Students,"Clinical Terminology for International and U.S. Students introduces learners to the core ideas, foundational methods, and practical applications of this subject through guided study and applied examples.",Critical Thinking; Research; Communication,Beginner,4.8,University of Pittsburgh,,"Clinical Terminology for International and U.S. Students Clinical Terminology for International and U.S. Students introduces learners to the core ideas, foundational methods, and practical applications of this subject through guided study and applied examples. Critical Thinking; Research; Communication Beginner University of Pittsburgh","{'organization': 'University of Pittsburgh', 'difficulty': 'Beginner', 'rating': 4.8, 'url': ''}"
course_0140,Cloud Computing,"Cloud Computing covers the core ideas behind cloud-native systems, security principles, and the practical systems thinking needed to build and maintain modern digital services.",Cloud Computing; Security Fundamentals,Intermediate,4.4,University of Illinois at Urbana-Champaign,,"Cloud Computing Cloud Computing covers the core ideas behind cloud-native systems, security principles, and the practical systems thinking needed to build and maintain modern digital services. Cloud Computing; Security Fundamentals Intermediate University of Illinois at Urbana-Champaign","{'organization': 'University of Illinois at Urbana-Champaign', 'difficulty': 'Intermediate', 'rating': 4.4, 'url': ''}"
course_0141,Cloud Computing Basics (Cloud 101),"Cloud Computing Basics (Cloud 101) covers the core ideas behind cloud-native systems, security principles, and the practical systems thinking needed to build and maintain modern digital services.",Cloud Computing; Security Fundamentals,Beginner,4.5,LearnQuest,,"Cloud Computing Basics (Cloud 101) Cloud Computing Basics (Cloud 101) covers the core ideas behind cloud-native systems, security principles, and the practical systems thinking needed to build and maintain modern digital services. Cloud Computing; Security Fundamentals Beginner LearnQuest","{'organization': 'LearnQuest', 'difficulty': 'Beginner', 'rating': 4.5, 'url': ''}"
course_0142,Cloud Engineering with Google Cloud,"Cloud Engineering with Google Cloud covers the core ideas behind cloud-native systems, security principles, and the practical systems thinking needed to build and maintain modern digital services.",Cloud Computing; Security Fundamentals,Intermediate,4.7,Google Cloud,,"Cloud Engineering with Google Cloud Cloud Engineering with Google Cloud covers the core ideas behind cloud-native systems, security principles, and the practical systems thinking needed to build and maintain modern digital services. Cloud Computing; Security Fundamentals Intermediate Google Cloud","{'organization': 'Google Cloud', 'difficulty': 'Intermediate', 'rating': 4.7, 'url': ''}"
course_0143,Coaching Skills for Managers,"Coaching Skills for Managers introduces learners to the core ideas, foundational methods, and practical applications of this subject through guided study and applied examples.",Critical Thinking; Research; Communication,Intermediate,4.7,"University of California, Davis",,"Coaching Skills for Managers Coaching Skills for Managers introduces learners to the core ideas, foundational methods, and practical applications of this subject through guided study and applied examples. Critical Thinking; Research; Communication Intermediate University of California, Davis","{'organization': 'University of California, Davis', 'difficulty': 'Intermediate', 'rating': 4.7, 'url': ''}"
course_0144,Code Yourself! An Introduction to Programming,"Code Yourself! An Introduction to Programming guides learners through software engineering patterns, algorithmic problem solving, and effective coding practices.",Programming,Beginner,4.7,The University of Edinburgh,,"Code Yourself! An Introduction to Programming Code Yourself! An Introduction to Programming guides learners through software engineering patterns, algorithmic problem solving, and effective coding practices. Programming Beginner The University of Edinburgh","{'organization': 'The University of Edinburgh', 'difficulty': 'Beginner', 'rating': 4.7, 'url': ''}"
course_0145,Communication Skills for Engineers,"Communication Skills for Engineers introduces learners to the core ideas, foundational methods, and practical applications of this subject through guided study and applied examples.",Critical Thinking; Research; Communication,Beginner,4.7,Rice University,,"Communication Skills for Engineers Communication Skills for Engineers introduces learners to the core ideas, foundational methods, and practical applications of this subject through guided study and applied examples. Critical Thinking; Research; Communication Beginner Rice University","{'organization': 'Rice University', 'difficulty': 'Beginner', 'rating': 4.7, 'url': ''}"
course_0146,Communication Strategies for a Virtual Age,"Communication Strategies for a Virtual Age introduces learners to the core ideas, foundational methods, and practical applications of this subject through guided study and applied examples.",Critical Thinking; Research; Communication,Beginner,4.8,University of Toronto,,"Communication Strategies for a Virtual Age Communication Strategies for a Virtual Age introduces learners to the core ideas, foundational methods, and practical applications of this subject through guided study and applied examples. Critical Thinking; Research; Communication Beginner University of Toronto","{'organization': 'University of Toronto', 'difficulty': 'Beginner', 'rating': 4.8, 'url': ''}"
course_0147,Compassionate Leadership Through Service Learning with Jane Goodall and Roots & Shoots,"Compassionate Leadership Through Service Learning with Jane Goodall and Roots & Shoots introduces learners to the core ideas, foundational methods, and practical applications of this subject through guided study and applied examples.",Critical Thinking; Research; Communication,Beginner,4.9,University of Colorado Boulder,,"Compassionate Leadership Through Service Learning with Jane Goodall and Roots & Shoots Compassionate Leadership Through Service Learning with Jane Goodall and Roots & Shoots introduces learners to the core ideas, foundational methods, and practical applications of this subject through guided study and applied examples. Critical Thinking; Research; Communication Beginner University of Colorado Boulder","{'organization': 'University of Colorado Boulder', 'difficulty': 'Beginner', 'rating': 4.9, 'url': ''}"
course_0148,"Competencias digitales. Herramientas de ofimatica (Microsoft Word, Excel, Power Point)","Competencias digitales. Herramientas de ofimatica (Microsoft Word, Excel, Power Point) introduces learners to the core ideas, foundational methods, and practical applications of this subject through guided study and applied examples.",Critical Thinking; Research; Communication,Beginner,4.7,Universitat Autonoma de Barcelona,,"Competencias digitales. Herramientas de ofimatica (Microsoft Word, Excel, Power Point) Competencias digitales. Herramientas de ofimatica (Microsoft Word, Excel, Power Point) introduces learners to the core ideas, foundational methods, and practical applications of this subject through guided study and applied examples. Critical Thinking; Research; Communication Beginner Universitat Autonoma de Barcelona","{'organization': 'Universitat Autonoma de Barcelona', 'difficulty': 'Beginner', 'rating': 4.7, 'url': ''}"
course_0149,Competitive Strategy and Organization Design,"Competitive Strategy and Organization Design introduces learners to the core ideas, foundational methods, and practical applications of this subject through guided study and applied examples.",Critical Thinking; Research; Communication,Intermediate,4.7,Ludwig-Maximilians-Universitat Munchen (LMU),,"Competitive Strategy and Organization Design Competitive Strategy and Organization Design introduces learners to the core ideas, foundational methods, and practical applications of this subject through guided study and applied examples. Critical Thinking; Research; Communication Intermediate Ludwig-Maximilians-Universitat Munchen (LMU)","{'organization': 'Ludwig-Maximilians-Universitat Munchen (LMU)', 'difficulty': 'Intermediate', 'rating': 4.7, 'url': ''}"
course_0150,Computational Social Science,"Computational Social Science introduces learners to the core ideas, foundational methods, and practical applications of this subject through guided study and applied examples.",Critical Thinking; Research; Communication,Beginner,4.6,"University of California, Davis",,"Computational Social Science Computational Social Science introduces learners to the core ideas, foundational methods, and practical applications of this subject through guided study and applied examples. Critical Thinking; Research; Communication Beginner University of California, Davis","{'organization': 'University of California, Davis', 'difficulty': 'Beginner', 'rating': 4.6, 'url': ''}"
course_0151,Computational Thinking for Problem Solving,"Computational Thinking for Problem Solving introduces learners to the core ideas, foundational methods, and practical applications of this subject through guided study and applied examples.",Critical Thinking; Research; Communication,Beginner,4.8,University of Pennsylvania,,"Computational Thinking for Problem Solving Computational Thinking for Problem Solving introduces learners to the core ideas, foundational methods, and practical applications of this subject through guided study and applied examples. Critical Thinking; Research; Communication Beginner University of Pennsylvania","{'organization': 'University of Pennsylvania', 'difficulty': 'Beginner', 'rating': 4.8, 'url': ''}"
course_0152,Computer Security and Systems Management,"Computer Security and Systems Management covers the core ideas behind cloud-native systems, security principles, and the practical systems thinking needed to build and maintain modern digital services.",Security Fundamentals; Risk Management,Beginner,4.6,University of Colorado System,,"Computer Security and Systems Management Computer Security and Systems Management covers the core ideas behind cloud-native systems, security principles, and the practical systems thinking needed to build and maintain modern digital services. Security Fundamentals; Risk Management Beginner University of Colorado System","{'organization': 'University of Colorado System', 'difficulty': 'Beginner', 'rating': 4.6, 'url': ''}"
course_0153,Conflict Management,"Conflict Management introduces learners to the core ideas, foundational methods, and practical applications of this subject through guided study and applied examples.",Critical Thinking; Research; Communication,Beginner,4.3,"University of California, Irvine",,"Conflict Management Conflict Management introduces learners to the core ideas, foundational methods, and practical applications of this subject through guided study and applied examples. Critical Thinking; Research; Communication Beginner University of California, Irvine","{'organization': 'University of California, Irvine', 'difficulty': 'Beginner', 'rating': 4.3, 'url': ''}"
course_0154,Construction Cost Estimating and Cost Control,"Construction Cost Estimating and Cost Control introduces learners to the core ideas, foundational methods, and practical applications of this subject through guided study and applied examples.",Critical Thinking; Research; Communication,Beginner,4.7,Columbia University,,"Construction Cost Estimating and Cost Control Construction Cost Estimating and Cost Control introduces learners to the core ideas, foundational methods, and practical applications of this subject through guided study and applied examples. Critical Thinking; Research; Communication Beginner Columbia University","{'organization': 'Columbia University', 'difficulty': 'Beginner', 'rating': 4.7, 'url': ''}"
course_0155,Construction Management,"Construction Management introduces learners to the core ideas, foundational methods, and practical applications of this subject through guided study and applied examples.",Critical Thinking; Research; Communication,Beginner,4.7,Columbia University,,"Construction Management Construction Management introduces learners to the core ideas, foundational methods, and practical applications of this subject through guided study and applied examples. Critical Thinking; Research; Communication Beginner Columbia University","{'organization': 'Columbia University', 'difficulty': 'Beginner', 'rating': 4.7, 'url': ''}"
course_0156,Construction Project Management,"Construction Project Management introduces learners to the core ideas, foundational methods, and practical applications of this subject through guided study and applied examples.",Critical Thinking; Research; Communication,Beginner,4.8,Columbia University,,"Construction Project Management Construction Project Management introduces learners to the core ideas, foundational methods, and practical applications of this subject through guided study and applied examples. Critical Thinking; Research; Communication Beginner Columbia University","{'organization': 'Columbia University', 'difficulty': 'Beginner', 'rating': 4.8, 'url': ''}"
course_0157,Construction Scheduling,"Construction Scheduling introduces learners to the core ideas, foundational methods, and practical applications of this subject through guided study and applied examples.",Critical Thinking; Research; Communication,Beginner,4.8,Columbia University,,"Construction Scheduling Construction Scheduling introduces learners to the core ideas, foundational methods, and practical applications of this subject through guided study and applied examples. Critical Thinking; Research; Communication Beginner Columbia University","{'organization': 'Columbia University', 'difficulty': 'Beginner', 'rating': 4.8, 'url': ''}"
course_0158,Contabilidad para no contadores,"Contabilidad para no contadores introduces learners to the core ideas, foundational methods, and practical applications of this subject through guided study and applied examples.",Critical Thinking; Research; Communication,Beginner,4.7,Universidad Nacional Autonoma de Mexico,,"Contabilidad para no contadores Contabilidad para no contadores introduces learners to the core ideas, foundational methods, and practical applications of this subject through guided study and applied examples. Critical Thinking; Research; Communication Beginner Universidad Nacional Autonoma de Mexico","{'organization': 'Universidad Nacional Autonoma de Mexico', 'difficulty': 'Beginner', 'rating': 4.7, 'url': ''}"
course_0159,Content Strategy for Professionals,"Content Strategy for Professionals introduces learners to the core ideas, foundational methods, and practical applications of this subject through guided study and applied examples.",Critical Thinking; Research; Communication,Beginner,4.5,Northwestern University,,"Content Strategy for Professionals Content Strategy for Professionals introduces learners to the core ideas, foundational methods, and practical applications of this subject through guided study and applied examples. Critical Thinking; Research; Communication Beginner Northwestern University","{'organization': 'Northwestern University', 'difficulty': 'Beginner', 'rating': 4.5, 'url': ''}"
course_0160,Continuous Delivery & DevOps,"Continuous Delivery & DevOps introduces learners to the core ideas, foundational methods, and practical applications of this subject through guided study and applied examples.",Critical Thinking; Research; Communication,Beginner,4.6,University of Virginia,,"Continuous Delivery & DevOps Continuous Delivery & DevOps introduces learners to the core ideas, foundational methods, and practical applications of this subject through guided study and applied examples. Critical Thinking; Research; Communication Beginner University of Virginia","{'organization': 'University of Virginia', 'difficulty': 'Beginner', 'rating': 4.6, 'url': ''}"
course_0161,Control of Mobile Robots,"Control of Mobile Robots introduces learners to the core ideas, foundational methods, and practical applications of this subject through guided study and applied examples.",Critical Thinking; Research; Communication,Intermediate,4.8,Georgia Institute of Technology,,"Control of Mobile Robots Control of Mobile Robots introduces learners to the core ideas, foundational methods, and practical applications of this subject through guided study and applied examples. Critical Thinking; Research; Communication Intermediate Georgia Institute of Technology","{'organization': 'Georgia Institute of Technology', 'difficulty': 'Intermediate', 'rating': 4.8, 'url': ''}"
course_0162,Convolutional Neural Networks,"Convolutional Neural Networks covers neural network architectures, backpropagation, and practical deep learning implementation.",Critical Thinking; Research; Communication,Intermediate,4.9,deeplearning.ai,,"Convolutional Neural Networks Convolutional Neural Networks covers neural network architectures, backpropagation, and practical deep learning implementation. Critical Thinking; Research; Communication Intermediate deeplearning.ai","{'organization': 'deeplearning.ai', 'difficulty': 'Intermediate', 'rating': 4.9, 'url': ''}"
course_0163,Convolutional Neural Networks in TensorFlow,"Convolutional Neural Networks in TensorFlow covers neural network architectures, backpropagation, and practical deep learning implementation.",Critical Thinking; Research; Communication,Intermediate,4.7,deeplearning.ai,,"Convolutional Neural Networks in TensorFlow Convolutional Neural Networks in TensorFlow covers neural network architectures, backpropagation, and practical deep learning implementation. Critical Thinking; Research; Communication Intermediate deeplearning.ai","{'organization': 'deeplearning.ai', 'difficulty': 'Intermediate', 'rating': 4.7, 'url': ''}"
course_0164,Corporate & Commercial Law I: Contracts & Employment Law,"Corporate & Commercial Law I: Contracts & Employment Law introduces learners to the core ideas, foundational methods, and practical applications of this subject through guided study and applied examples.",Critical Thinking; Research; Communication,Intermediate,4.8,University of Illinois at Urbana-Champaign,,"Corporate & Commercial Law I: Contracts & Employment Law Corporate & Commercial Law I: Contracts & Employment Law introduces learners to the core ideas, foundational methods, and practical applications of this subject through guided study and applied examples. Critical Thinking; Research; Communication Intermediate University of Illinois at Urbana-Champaign","{'organization': 'University of Illinois at Urbana-Champaign', 'difficulty': 'Intermediate', 'rating': 4.8, 'url': ''}"
course_0165,Corporate Finance Essentials,"Corporate Finance Essentials introduces learners to the core ideas, foundational methods, and practical applications of this subject through guided study and applied examples.",Critical Thinking; Research; Communication,Intermediate,4.8,IESE Business School,,"Corporate Finance Essentials Corporate Finance Essentials introduces learners to the core ideas, foundational methods, and practical applications of this subject through guided study and applied examples. Critical Thinking; Research; Communication Intermediate IESE Business School","{'organization': 'IESE Business School', 'difficulty': 'Intermediate', 'rating': 4.8, 'url': ''}"
course_0166,Corporate Strategy,"Corporate Strategy introduces learners to the core ideas, foundational methods, and practical applications of this subject through guided study and applied examples.",Critical Thinking; Research; Communication,Beginner,4.8,UCL School of Management,,"Corporate Strategy Corporate Strategy introduces learners to the core ideas, foundational methods, and practical applications of this subject through guided study and applied examples. Critical Thinking; Research; Communication Beginner UCL School of Management","{'organization': 'UCL School of Management', 'difficulty': 'Beginner', 'rating': 4.8, 'url': ''}"
course_0167,Corporate Sustainability. Understanding and Seizing the Strategic Opportunity,"Corporate Sustainability. Understanding and Seizing the Strategic Opportunity helps learners understand core concepts, algorithms, and applications used in modern machine learning and intelligent systems.",Artificial Intelligence,Intermediate,4.6,Universita Bocconi,,"Corporate Sustainability. Understanding and Seizing the Strategic Opportunity Corporate Sustainability. Understanding and Seizing the Strategic Opportunity helps learners understand core concepts, algorithms, and applications used in modern machine learning and intelligent systems. Artificial Intelligence Intermediate Universita Bocconi","{'organization': 'Universita Bocconi', 'difficulty': 'Intermediate', 'rating': 4.6, 'url': ''}"
course_0168,"Correccion, estilo y variaciones de la lengua espanola","Correccion, estilo y variaciones de la lengua espanola introduces learners to the core ideas, foundational methods, and practical applications of this subject through guided study and applied examples.",Critical Thinking; Research; Communication,Beginner,4.6,Universitat Autonoma de Barcelona,,"Correccion, estilo y variaciones de la lengua espanola Correccion, estilo y variaciones de la lengua espanola introduces learners to the core ideas, foundational methods, and practical applications of this subject through guided study and applied examples. Critical Thinking; Research; Communication Beginner Universitat Autonoma de Barcelona","{'organization': 'Universitat Autonoma de Barcelona', 'difficulty': 'Beginner', 'rating': 4.6, 'url': ''}"
course_0169,Cost and Economics in Pricing Strategy,"Cost and Economics in Pricing Strategy introduces learners to the core ideas, foundational methods, and practical applications of this subject through guided study and applied examples.",Critical Thinking; Research; Communication,Beginner,4.8,University of Virginia,,"Cost and Economics in Pricing Strategy Cost and Economics in Pricing Strategy introduces learners to the core ideas, foundational methods, and practical applications of this subject through guided study and applied examples. Critical Thinking; Research; Communication Beginner University of Virginia","{'organization': 'University of Virginia', 'difficulty': 'Beginner', 'rating': 4.8, 'url': ''}"
course_0170,Costos para los Negocios,"Costos para los Negocios introduces learners to the core ideas, foundational methods, and practical applications of this subject through guided study and applied examples.",Critical Thinking; Research; Communication,Intermediate,4.8,Universidad de Chile,,"Costos para los Negocios Costos para los Negocios introduces learners to the core ideas, foundational methods, and practical applications of this subject through guided study and applied examples. Critical Thinking; Research; Communication Intermediate Universidad de Chile","{'organization': 'Universidad de Chile', 'difficulty': 'Intermediate', 'rating': 4.8, 'url': ''}"
course_0171,Crash Course on Python,"Crash Course on Python introduces learners to the core ideas, foundational methods, and practical applications of this subject through guided study and applied examples.",Python,Beginner,4.8,Google,,"Crash Course on Python Crash Course on Python introduces learners to the core ideas, foundational methods, and practical applications of this subject through guided study and applied examples. Python Beginner Google","{'organization': 'Google', 'difficulty': 'Beginner', 'rating': 4.8, 'url': ''}"
course_0172,Creative Problem Solving,"Creative Problem Solving introduces learners to the core ideas, foundational methods, and practical applications of this subject through guided study and applied examples.",Critical Thinking; Research; Communication,Intermediate,4.3,University of Minnesota,,"Creative Problem Solving Creative Problem Solving introduces learners to the core ideas, foundational methods, and practical applications of this subject through guided study and applied examples. Critical Thinking; Research; Communication Intermediate University of Minnesota","{'organization': 'University of Minnesota', 'difficulty': 'Intermediate', 'rating': 4.3, 'url': ''}"
course_0173,Creative Writing,"Creative Writing introduces learners to the core ideas, foundational methods, and practical applications of this subject through guided study and applied examples.",Critical Thinking; Research; Communication,Beginner,4.6,Wesleyan University,,"Creative Writing Creative Writing introduces learners to the core ideas, foundational methods, and practical applications of this subject through guided study and applied examples. Critical Thinking; Research; Communication Beginner Wesleyan University","{'organization': 'Wesleyan University', 'difficulty': 'Beginner', 'rating': 4.6, 'url': ''}"
course_0174,Creative Writing: The Craft of Plot,"Creative Writing: The Craft of Plot introduces learners to the core ideas, foundational methods, and practical applications of this subject through guided study and applied examples.",Critical Thinking; Research; Communication,Intermediate,4.7,Wesleyan University,,"Creative Writing: The Craft of Plot Creative Writing: The Craft of Plot introduces learners to the core ideas, foundational methods, and practical applications of this subject through guided study and applied examples. Critical Thinking; Research; Communication Intermediate Wesleyan University","{'organization': 'Wesleyan University', 'difficulty': 'Intermediate', 'rating': 4.7, 'url': ''}"
course_0175,"Creatividad, diseno e innovacion: Tecnicas y herramientas","Creatividad, diseno e innovacion: Tecnicas y herramientas introduces learners to the core ideas, foundational methods, and practical applications of this subject through guided study and applied examples.",Critical Thinking; Research; Communication,Beginner,4.7,Arizona State University,,"Creatividad, diseno e innovacion: Tecnicas y herramientas Creatividad, diseno e innovacion: Tecnicas y herramientas introduces learners to the core ideas, foundational methods, and practical applications of this subject through guided study and applied examples. Critical Thinking; Research; Communication Beginner Arizona State University","{'organization': 'Arizona State University', 'difficulty': 'Beginner', 'rating': 4.7, 'url': ''}"
course_0176,Cuidado de heridas en el ambito hospitalario,"Cuidado de heridas en el ambito hospitalario introduces learners to the core ideas, foundational methods, and practical applications of this subject through guided study and applied examples.",Critical Thinking; Research; Communication,Intermediate,4.8,Universidad Nacional Autonoma de Mexico,,"Cuidado de heridas en el ambito hospitalario Cuidado de heridas en el ambito hospitalario introduces learners to the core ideas, foundational methods, and practical applications of this subject through guided study and applied examples. Critical Thinking; Research; Communication Intermediate Universidad Nacional Autonoma de Mexico","{'organization': 'Universidad Nacional Autonoma de Mexico', 'difficulty': 'Intermediate', 'rating': 4.8, 'url': ''}"
course_0177,Cuidados y procedimientos generales en la atencion del recien nacido,"Cuidados y procedimientos generales en la atencion del recien nacido introduces learners to the core ideas, foundational methods, and practical applications of this subject through guided study and applied examples.",Critical Thinking; Research; Communication,Intermediate,4.8,Universidad de Chile,,"Cuidados y procedimientos generales en la atencion del recien nacido Cuidados y procedimientos generales en la atencion del recien nacido introduces learners to the core ideas, foundational methods, and practical applications of this subject through guided study and applied examples. Critical Thinking; Research; Communication Intermediate Universidad de Chile","{'organization': 'Universidad de Chile', 'difficulty': 'Intermediate', 'rating': 4.8, 'url': ''}"
course_0178,Culture-Driven Team Building,"Culture-Driven Team Building introduces learners to the core ideas, foundational methods, and practical applications of this subject through guided study and applied examples.",Critical Thinking; Research; Communication,Beginner,4.6,University of Pennsylvania,,"Culture-Driven Team Building Culture-Driven Team Building introduces learners to the core ideas, foundational methods, and practical applications of this subject through guided study and applied examples. Critical Thinking; Research; Communication Beginner University of Pennsylvania","{'organization': 'University of Pennsylvania', 'difficulty': 'Beginner', 'rating': 4.6, 'url': ''}"
course_0179,Curanderismo: Traditional Healing Using Plants,"Curanderismo: Traditional Healing Using Plants introduces learners to the core ideas, foundational methods, and practical applications of this subject through guided study and applied examples.",Critical Thinking; Research; Communication,Beginner,4.6,University of New Mexico,,"Curanderismo: Traditional Healing Using Plants Curanderismo: Traditional Healing Using Plants introduces learners to the core ideas, foundational methods, and practical applications of this subject through guided study and applied examples. Critical Thinking; Research; Communication Beginner University of New Mexico","{'organization': 'University of New Mexico', 'difficulty': 'Beginner', 'rating': 4.6, 'url': ''}"
course_0180,Customer Segmentation and Prospecting,"Customer Segmentation and Prospecting introduces learners to the core ideas, foundational methods, and practical applications of this subject through guided study and applied examples.",Critical Thinking; Research; Communication,Beginner,4.7,Northwestern University,,"Customer Segmentation and Prospecting Customer Segmentation and Prospecting introduces learners to the core ideas, foundational methods, and practical applications of this subject through guided study and applied examples. Critical Thinking; Research; Communication Beginner Northwestern University","{'organization': 'Northwestern University', 'difficulty': 'Beginner', 'rating': 4.7, 'url': ''}"
course_0181,Cybersecurity,"Cybersecurity covers the core ideas behind cloud-native systems, security principles, and the practical systems thinking needed to build and maintain modern digital services.",Security Fundamentals; Risk Management,Intermediate,4.5,"University of Maryland, College Park",,"Cybersecurity Cybersecurity covers the core ideas behind cloud-native systems, security principles, and the practical systems thinking needed to build and maintain modern digital services. Security Fundamentals; Risk Management Intermediate University of Maryland, College Park","{'organization': 'University of Maryland, College Park', 'difficulty': 'Intermediate', 'rating': 4.5, 'url': ''}"
course_0182,Cybersecurity and Its Ten Domains,"Cybersecurity and Its Ten Domains helps learners understand core concepts, algorithms, and applications used in modern machine learning and intelligent systems.",Artificial Intelligence; Security Fundamentals; Risk Management,Beginner,4.2,University System of Georgia,,"Cybersecurity and Its Ten Domains Cybersecurity and Its Ten Domains helps learners understand core concepts, algorithms, and applications used in modern machine learning and intelligent systems. Artificial Intelligence; Security Fundamentals; Risk Management Beginner University System of Georgia","{'organization': 'University System of Georgia', 'difficulty': 'Beginner', 'rating': 4.2, 'url': ''}"
course_0183,Cybersecurity for Business,"Cybersecurity for Business covers the core ideas behind cloud-native systems, security principles, and the practical systems thinking needed to build and maintain modern digital services.",Security Fundamentals; Risk Management,Beginner,4.6,University of Colorado System,,"Cybersecurity for Business Cybersecurity for Business covers the core ideas behind cloud-native systems, security principles, and the practical systems thinking needed to build and maintain modern digital services. Security Fundamentals; Risk Management Beginner University of Colorado System","{'organization': 'University of Colorado System', 'difficulty': 'Beginner', 'rating': 4.6, 'url': ''}"
course_0184,Como hablar bien en publico,"Como hablar bien en publico introduces learners to the core ideas, foundational methods, and practical applications of this subject through guided study and applied examples.",Critical Thinking; Research; Communication,Beginner,4.8,Universitat Autonoma de Barcelona,,"Como hablar bien en publico Como hablar bien en publico introduces learners to the core ideas, foundational methods, and practical applications of this subject through guided study and applied examples. Critical Thinking; Research; Communication Beginner Universitat Autonoma de Barcelona","{'organization': 'Universitat Autonoma de Barcelona', 'difficulty': 'Beginner', 'rating': 4.8, 'url': ''}"
course_0185,Dairy Production and Management,"Dairy Production and Management helps learners understand core concepts, algorithms, and applications used in modern machine learning and intelligent systems.",Artificial Intelligence,Intermediate,4.8,The Pennsylvania State University,,"Dairy Production and Management Dairy Production and Management helps learners understand core concepts, algorithms, and applications used in modern machine learning and intelligent systems. Artificial Intelligence Intermediate The Pennsylvania State University","{'organization': 'The Pennsylvania State University', 'difficulty': 'Intermediate', 'rating': 4.8, 'url': ''}"
course_0186,Data Analysis and Interpretation,"Data Analysis and Interpretation introduces learners to the foundations of data analysis, statistical reasoning, and practical decision-making using real-world data examples.",Data Analysis; Statistics,Beginner,4.4,Wesleyan University,,"Data Analysis and Interpretation Data Analysis and Interpretation introduces learners to the foundations of data analysis, statistical reasoning, and practical decision-making using real-world data examples. Data Analysis; Statistics Beginner Wesleyan University","{'organization': 'Wesleyan University', 'difficulty': 'Beginner', 'rating': 4.4, 'url': ''}"
course_0187,Data Analysis and Presentation Skills: the PwC Approach,"Data Analysis and Presentation Skills: the PwC Approach introduces learners to the foundations of data analysis, statistical reasoning, and practical decision-making using real-world data examples.",Data Analysis; Statistics,Beginner,4.6,PwC,,"Data Analysis and Presentation Skills: the PwC Approach Data Analysis and Presentation Skills: the PwC Approach introduces learners to the foundations of data analysis, statistical reasoning, and practical decision-making using real-world data examples. Data Analysis; Statistics Beginner PwC","{'organization': 'PwC', 'difficulty': 'Beginner', 'rating': 4.6, 'url': ''}"
course_0188,Data Analysis with Python,"Data Analysis with Python introduces learners to the foundations of data analysis, statistical reasoning, and practical decision-making using real-world data examples.",Python; Data Analysis; Statistics,Beginner,4.7,IBM,,"Data Analysis with Python Data Analysis with Python introduces learners to the foundations of data analysis, statistical reasoning, and practical decision-making using real-world data examples. Python; Data Analysis; Statistics Beginner IBM","{'organization': 'IBM', 'difficulty': 'Beginner', 'rating': 4.7, 'url': ''}"
course_0189,Data Analytics for Lean Six Sigma,"Data Analytics for Lean Six Sigma introduces learners to the foundations of data analysis, statistical reasoning, and practical decision-making using real-world data examples.",Data Analysis; Statistics,Beginner,4.8,University of Amsterdam,,"Data Analytics for Lean Six Sigma Data Analytics for Lean Six Sigma introduces learners to the foundations of data analysis, statistical reasoning, and practical decision-making using real-world data examples. Data Analysis; Statistics Beginner University of Amsterdam","{'organization': 'University of Amsterdam', 'difficulty': 'Beginner', 'rating': 4.8, 'url': ''}"
course_0190,Data Collection and Processing with Python,"Data Collection and Processing with Python introduces learners to the core ideas, foundational methods, and practical applications of this subject through guided study and applied examples.",Python,Intermediate,4.7,University of Michigan,,"Data Collection and Processing with Python Data Collection and Processing with Python introduces learners to the core ideas, foundational methods, and practical applications of this subject through guided study and applied examples. Python Intermediate University of Michigan","{'organization': 'University of Michigan', 'difficulty': 'Intermediate', 'rating': 4.7, 'url': ''}"
course_0191,Data Engineering on Google Cloud Platform,"Data Engineering on Google Cloud Platform covers the core ideas behind cloud-native systems, security principles, and the practical systems thinking needed to build and maintain modern digital services.",Cloud Computing; Security Fundamentals,Intermediate,4.4,Google Cloud,,"Data Engineering on Google Cloud Platform Data Engineering on Google Cloud Platform covers the core ideas behind cloud-native systems, security principles, and the practical systems thinking needed to build and maintain modern digital services. Cloud Computing; Security Fundamentals Intermediate Google Cloud","{'organization': 'Google Cloud', 'difficulty': 'Intermediate', 'rating': 4.4, 'url': ''}"
course_0192,Data Engineering with Google Cloud,"Data Engineering with Google Cloud covers the core ideas behind cloud-native systems, security principles, and the practical systems thinking needed to build and maintain modern digital services.",Cloud Computing; Security Fundamentals,Intermediate,4.6,Google Cloud,,"Data Engineering with Google Cloud Data Engineering with Google Cloud covers the core ideas behind cloud-native systems, security principles, and the practical systems thinking needed to build and maintain modern digital services. Cloud Computing; Security Fundamentals Intermediate Google Cloud","{'organization': 'Google Cloud', 'difficulty': 'Intermediate', 'rating': 4.6, 'url': ''}"
course_0193,"Data Engineering, Big Data, and Machine Learning on GCP","Data Engineering, Big Data, and Machine Learning on GCP helps learners understand core concepts, algorithms, and applications used in modern machine learning and intelligent systems.",Machine Learning; Cloud Computing; GCP,Intermediate,4.6,Google Cloud,,"Data Engineering, Big Data, and Machine Learning on GCP Data Engineering, Big Data, and Machine Learning on GCP helps learners understand core concepts, algorithms, and applications used in modern machine learning and intelligent systems. Machine Learning; Cloud Computing; GCP Intermediate Google Cloud","{'organization': 'Google Cloud', 'difficulty': 'Intermediate', 'rating': 4.6, 'url': ''}"
course_0194,Data Management for Clinical Research,"Data Management for Clinical Research introduces learners to the core ideas, foundational methods, and practical applications of this subject through guided study and applied examples.",Critical Thinking; Research; Communication,Beginner,4.7,Vanderbilt University,,"Data Management for Clinical Research Data Management for Clinical Research introduces learners to the core ideas, foundational methods, and practical applications of this subject through guided study and applied examples. Critical Thinking; Research; Communication Beginner Vanderbilt University","{'organization': 'Vanderbilt University', 'difficulty': 'Beginner', 'rating': 4.7, 'url': ''}"
course_0195,Data Mining,"Data Mining introduces learners to the core ideas, foundational methods, and practical applications of this subject through guided study and applied examples.",Critical Thinking; Research; Communication,Intermediate,4.4,University of Illinois at Urbana-Champaign,,"Data Mining Data Mining introduces learners to the core ideas, foundational methods, and practical applications of this subject through guided study and applied examples. Critical Thinking; Research; Communication Intermediate University of Illinois at Urbana-Champaign","{'organization': 'University of Illinois at Urbana-Champaign', 'difficulty': 'Intermediate', 'rating': 4.4, 'url': ''}"
course_0196,Data Science,"Data Science introduces learners to the foundations of data analysis, statistical reasoning, and practical decision-making using real-world data examples.",Data Analysis; Statistics; Python,Beginner,4.5,Johns Hopkins University,,"Data Science Data Science introduces learners to the foundations of data analysis, statistical reasoning, and practical decision-making using real-world data examples. Data Analysis; Statistics; Python Beginner Johns Hopkins University","{'organization': 'Johns Hopkins University', 'difficulty': 'Beginner', 'rating': 4.5, 'url': ''}"
course_0197,Data Science Math Skills,"Data Science Math Skills introduces learners to the foundations of data analysis, statistical reasoning, and practical decision-making using real-world data examples.",Data Analysis; Statistics; Python,Beginner,4.5,Duke University,,"Data Science Math Skills Data Science Math Skills introduces learners to the foundations of data analysis, statistical reasoning, and practical decision-making using real-world data examples. Data Analysis; Statistics; Python Beginner Duke University","{'organization': 'Duke University', 'difficulty': 'Beginner', 'rating': 4.5, 'url': ''}"
course_0198,Data Science Methodology,"Data Science Methodology introduces learners to the foundations of data analysis, statistical reasoning, and practical decision-making using real-world data examples.",Data Analysis; Statistics; Python,Beginner,4.6,IBM,,"Data Science Methodology Data Science Methodology introduces learners to the foundations of data analysis, statistical reasoning, and practical decision-making using real-world data examples. Data Analysis; Statistics; Python Beginner IBM","{'organization': 'IBM', 'difficulty': 'Beginner', 'rating': 4.6, 'url': ''}"
course_0199,Data Science: Foundations using R,"Data Science: Foundations using R introduces learners to the foundations of data analysis, statistical reasoning, and practical decision-making using real-world data examples.",Data Analysis; Statistics; Python,Beginner,4.6,Johns Hopkins University,,"Data Science: Foundations using R Data Science: Foundations using R introduces learners to the foundations of data analysis, statistical reasoning, and practical decision-making using real-world data examples. Data Analysis; Statistics; Python Beginner Johns Hopkins University","{'organization': 'Johns Hopkins University', 'difficulty': 'Beginner', 'rating': 4.6, 'url': ''}"
course_0200,Data Science: Statistics and Machine Learning,"Data Science: Statistics and Machine Learning introduces learners to the foundations of data analysis, statistical reasoning, and practical decision-making using real-world data examples.",Machine Learning; Data Analysis; Statistics; Python,Intermediate,4.4,Johns Hopkins University,,"Data Science: Statistics and Machine Learning Data Science: Statistics and Machine Learning introduces learners to the foundations of data analysis, statistical reasoning, and practical decision-making using real-world data examples. Machine Learning; Data Analysis; Statistics; Python Intermediate Johns Hopkins University","{'organization': 'Johns Hopkins University', 'difficulty': 'Intermediate', 'rating': 4.4, 'url': ''}"
course_0201,Data Visualization and Communication with Tableau,"Data Visualization and Communication with Tableau introduces learners to the core ideas, foundational methods, and practical applications of this subject through guided study and applied examples.",Critical Thinking; Research; Communication,Intermediate,4.7,Duke University,,"Data Visualization and Communication with Tableau Data Visualization and Communication with Tableau introduces learners to the core ideas, foundational methods, and practical applications of this subject through guided study and applied examples. Critical Thinking; Research; Communication Intermediate Duke University","{'organization': 'Duke University', 'difficulty': 'Intermediate', 'rating': 4.7, 'url': ''}"
course_0202,Data Visualization with Advanced Excel,"Data Visualization with Advanced Excel introduces learners to the core ideas, foundational methods, and practical applications of this subject through guided study and applied examples.",Critical Thinking; Research; Communication,Beginner,4.8,PwC,,"Data Visualization with Advanced Excel Data Visualization with Advanced Excel introduces learners to the core ideas, foundational methods, and practical applications of this subject through guided study and applied examples. Critical Thinking; Research; Communication Beginner PwC","{'organization': 'PwC', 'difficulty': 'Beginner', 'rating': 4.8, 'url': ''}"
course_0203,Data Visualization with Python,"Data Visualization with Python introduces learners to the core ideas, foundational methods, and practical applications of this subject through guided study and applied examples.",Python,Intermediate,4.6,IBM,,"Data Visualization with Python Data Visualization with Python introduces learners to the core ideas, foundational methods, and practical applications of this subject through guided study and applied examples. Python Intermediate IBM","{'organization': 'IBM', 'difficulty': 'Intermediate', 'rating': 4.6, 'url': ''}"
course_0204,Data Visualization with Tableau,"Data Visualization with Tableau introduces learners to the core ideas, foundational methods, and practical applications of this subject through guided study and applied examples.",Critical Thinking; Research; Communication,Beginner,4.5,"University of California, Davis",,"Data Visualization with Tableau Data Visualization with Tableau introduces learners to the core ideas, foundational methods, and practical applications of this subject through guided study and applied examples. Critical Thinking; Research; Communication Beginner University of California, Davis","{'organization': 'University of California, Davis', 'difficulty': 'Beginner', 'rating': 4.5, 'url': ''}"
course_0205,Data Warehousing for Business Intelligence,"Data Warehousing for Business Intelligence introduces learners to the core ideas, foundational methods, and practical applications of this subject through guided study and applied examples.",Critical Thinking; Research; Communication,Advanced,4.5,University of Colorado System,,"Data Warehousing for Business Intelligence Data Warehousing for Business Intelligence introduces learners to the core ideas, foundational methods, and practical applications of this subject through guided study and applied examples. Critical Thinking; Research; Communication Advanced University of Colorado System","{'organization': 'University of Colorado System', 'difficulty': 'Advanced', 'rating': 4.5, 'url': ''}"
course_0206,Data and Health Indicators in Public Health Practice,"Data and Health Indicators in Public Health Practice introduces learners to the core ideas, foundational methods, and practical applications of this subject through guided study and applied examples.",Critical Thinking; Research; Communication,Beginner,4.7,Johns Hopkins University,,"Data and Health Indicators in Public Health Practice Data and Health Indicators in Public Health Practice introduces learners to the core ideas, foundational methods, and practical applications of this subject through guided study and applied examples. Critical Thinking; Research; Communication Beginner Johns Hopkins University","{'organization': 'Johns Hopkins University', 'difficulty': 'Beginner', 'rating': 4.7, 'url': ''}"
course_0207,Data-driven Decision Making,"Data-driven Decision Making introduces learners to the core ideas, foundational methods, and practical applications of this subject through guided study and applied examples.",Critical Thinking; Research; Communication,Beginner,4.6,PwC,,"Data-driven Decision Making Data-driven Decision Making introduces learners to the core ideas, foundational methods, and practical applications of this subject through guided study and applied examples. Critical Thinking; Research; Communication Beginner PwC","{'organization': 'PwC', 'difficulty': 'Beginner', 'rating': 4.6, 'url': ''}"
course_0208,Databases and SQL for Data Science,"Databases and SQL for Data Science introduces learners to the foundations of data analysis, statistical reasoning, and practical decision-making using real-world data examples.",Data Analysis; Statistics; Python; Databases; SQL,Beginner,4.7,IBM,,"Databases and SQL for Data Science Databases and SQL for Data Science introduces learners to the foundations of data analysis, statistical reasoning, and practical decision-making using real-world data examples. Data Analysis; Statistics; Python; Databases; SQL Beginner IBM","{'organization': 'IBM', 'difficulty': 'Beginner', 'rating': 4.7, 'url': ''}"
course_0209,De-Mystifying Mindfulness,"De-Mystifying Mindfulness introduces learners to the core ideas, foundational methods, and practical applications of this subject through guided study and applied examples.",Critical Thinking; Research; Communication,Beginner,4.8,Universiteit Leiden,,"De-Mystifying Mindfulness De-Mystifying Mindfulness introduces learners to the core ideas, foundational methods, and practical applications of this subject through guided study and applied examples. Critical Thinking; Research; Communication Beginner Universiteit Leiden","{'organization': 'Universiteit Leiden', 'difficulty': 'Beginner', 'rating': 4.8, 'url': ''}"
course_0210,Decision-Making and Scenarios,"Decision-Making and Scenarios introduces learners to the core ideas, foundational methods, and practical applications of this subject through guided study and applied examples.",Critical Thinking; Research; Communication,Intermediate,4.6,University of Pennsylvania,,"Decision-Making and Scenarios Decision-Making and Scenarios introduces learners to the core ideas, foundational methods, and practical applications of this subject through guided study and applied examples. Critical Thinking; Research; Communication Intermediate University of Pennsylvania","{'organization': 'University of Pennsylvania', 'difficulty': 'Intermediate', 'rating': 4.6, 'url': ''}"
course_0211,Deep Learning,"Deep Learning covers neural network architectures, backpropagation, and practical deep learning implementation.",Deep Learning; Machine Learning,Intermediate,4.8,deeplearning.ai,,"Deep Learning Deep Learning covers neural network architectures, backpropagation, and practical deep learning implementation. Deep Learning; Machine Learning Intermediate deeplearning.ai","{'organization': 'deeplearning.ai', 'difficulty': 'Intermediate', 'rating': 4.8, 'url': ''}"
course_0212,Democracia y decisiones publicas. Introduccion al analisis de politicas publicas,"Democracia y decisiones publicas. Introduccion al analisis de politicas publicas introduces learners to the core ideas, foundational methods, and practical applications of this subject through guided study and applied examples.",Critical Thinking; Research; Communication,Beginner,4.8,Universitat Autonoma de Barcelona,,"Democracia y decisiones publicas. Introduccion al analisis de politicas publicas Democracia y decisiones publicas. Introduccion al analisis de politicas publicas introduces learners to the core ideas, foundational methods, and practical applications of this subject through guided study and applied examples. Critical Thinking; Research; Communication Beginner Universitat Autonoma de Barcelona","{'organization': 'Universitat Autonoma de Barcelona', 'difficulty': 'Beginner', 'rating': 4.8, 'url': ''}"
course_0213,Dentistry 101,"Dentistry 101 introduces learners to the core ideas, foundational methods, and practical applications of this subject through guided study and applied examples.",Critical Thinking; Research; Communication,Beginner,4.7,University of Michigan,,"Dentistry 101 Dentistry 101 introduces learners to the core ideas, foundational methods, and practical applications of this subject through guided study and applied examples. Critical Thinking; Research; Communication Beginner University of Michigan","{'organization': 'University of Michigan', 'difficulty': 'Beginner', 'rating': 4.7, 'url': ''}"
course_0214,Dermatology: Trip to skin,"Dermatology: Trip to skin introduces learners to the core ideas, foundational methods, and practical applications of this subject through guided study and applied examples.",Critical Thinking; Research; Communication,Beginner,4.4,Novosibirsk State University,,"Dermatology: Trip to skin Dermatology: Trip to skin introduces learners to the core ideas, foundational methods, and practical applications of this subject through guided study and applied examples. Critical Thinking; Research; Communication Beginner Novosibirsk State University","{'organization': 'Novosibirsk State University', 'difficulty': 'Beginner', 'rating': 4.4, 'url': ''}"
course_0215,Design Thinking for Innovation,"Design Thinking for Innovation introduces learners to the core ideas, foundational methods, and practical applications of this subject through guided study and applied examples.",Critical Thinking; Research; Communication,Beginner,4.6,University of Virginia,,"Design Thinking for Innovation Design Thinking for Innovation introduces learners to the core ideas, foundational methods, and practical applications of this subject through guided study and applied examples. Critical Thinking; Research; Communication Beginner University of Virginia","{'organization': 'University of Virginia', 'difficulty': 'Beginner', 'rating': 4.6, 'url': ''}"
course_0216,Design Thinking for the Greater Good: Innovation in the Social Sector,"Design Thinking for the Greater Good: Innovation in the Social Sector introduces learners to the core ideas, foundational methods, and practical applications of this subject through guided study and applied examples.",Critical Thinking; Research; Communication,Beginner,4.6,University of Virginia,,"Design Thinking for the Greater Good: Innovation in the Social Sector Design Thinking for the Greater Good: Innovation in the Social Sector introduces learners to the core ideas, foundational methods, and practical applications of this subject through guided study and applied examples. Critical Thinking; Research; Communication Beginner University of Virginia","{'organization': 'University of Virginia', 'difficulty': 'Beginner', 'rating': 4.6, 'url': ''}"
course_0217,Design and Interpretation of Clinical Trials,"Design and Interpretation of Clinical Trials introduces learners to the core ideas, foundational methods, and practical applications of this subject through guided study and applied examples.",Critical Thinking; Research; Communication,Intermediate,4.7,Johns Hopkins University,,"Design and Interpretation of Clinical Trials Design and Interpretation of Clinical Trials introduces learners to the core ideas, foundational methods, and practical applications of this subject through guided study and applied examples. Critical Thinking; Research; Communication Intermediate Johns Hopkins University","{'organization': 'Johns Hopkins University', 'difficulty': 'Intermediate', 'rating': 4.7, 'url': ''}"
course_0218,Design and Make Infographics (Project-Centered Course),"Design and Make Infographics (Project-Centered Course) introduces learners to the core ideas, foundational methods, and practical applications of this subject through guided study and applied examples.",Critical Thinking; Research; Communication,Intermediate,4.7,Michigan State University,,"Design and Make Infographics (Project-Centered Course) Design and Make Infographics (Project-Centered Course) introduces learners to the core ideas, foundational methods, and practical applications of this subject through guided study and applied examples. Critical Thinking; Research; Communication Intermediate Michigan State University","{'organization': 'Michigan State University', 'difficulty': 'Intermediate', 'rating': 4.7, 'url': ''}"
course_0219,Design-Led Strategy: Design thinking for business strategy and entrepreneurship,"Design-Led Strategy: Design thinking for business strategy and entrepreneurship introduces learners to the core ideas, foundational methods, and practical applications of this subject through guided study and applied examples.",Critical Thinking; Research; Communication,Intermediate,4.6,The University of Sydney,,"Design-Led Strategy: Design thinking for business strategy and entrepreneurship Design-Led Strategy: Design thinking for business strategy and entrepreneurship introduces learners to the core ideas, foundational methods, and practical applications of this subject through guided study and applied examples. Critical Thinking; Research; Communication Intermediate The University of Sydney","{'organization': 'The University of Sydney', 'difficulty': 'Intermediate', 'rating': 4.6, 'url': ''}"
course_0220,Developing APIs with Google Cloud's Apigee API Platform,"Developing APIs with Google Cloud's Apigee API Platform covers the core ideas behind cloud-native systems, security principles, and the practical systems thinking needed to build and maintain modern digital services.",Cloud Computing; Security Fundamentals,Intermediate,4.6,Google Cloud,,"Developing APIs with Google Cloud's Apigee API Platform Developing APIs with Google Cloud's Apigee API Platform covers the core ideas behind cloud-native systems, security principles, and the practical systems thinking needed to build and maintain modern digital services. Cloud Computing; Security Fundamentals Intermediate Google Cloud","{'organization': 'Google Cloud', 'difficulty': 'Intermediate', 'rating': 4.6, 'url': ''}"
course_0221,Developing Applications with Google Cloud Platform,"Developing Applications with Google Cloud Platform covers the core ideas behind cloud-native systems, security principles, and the practical systems thinking needed to build and maintain modern digital services.",Cloud Computing; Security Fundamentals,Intermediate,4.7,Google Cloud,,"Developing Applications with Google Cloud Platform Developing Applications with Google Cloud Platform covers the core ideas behind cloud-native systems, security principles, and the practical systems thinking needed to build and maintain modern digital services. Cloud Computing; Security Fundamentals Intermediate Google Cloud","{'organization': 'Google Cloud', 'difficulty': 'Intermediate', 'rating': 4.7, 'url': ''}"
course_0223,Developing Industrial Internet of Things,"Developing Industrial Internet of Things introduces learners to the core ideas, foundational methods, and practical applications of this subject through guided study and applied examples.",Critical Thinking; Research; Communication,Intermediate,4.6,University of Colorado Boulder,,"Developing Industrial Internet of Things Developing Industrial Internet of Things introduces learners to the core ideas, foundational methods, and practical applications of this subject through guided study and applied examples. Critical Thinking; Research; Communication Intermediate University of Colorado Boulder","{'organization': 'University of Colorado Boulder', 'difficulty': 'Intermediate', 'rating': 4.6, 'url': ''}"
course_0224,Developing Your Musicianship,"Developing Your Musicianship introduces learners to the core ideas, foundational methods, and practical applications of this subject through guided study and applied examples.",Critical Thinking; Research; Communication,Intermediate,4.8,Berklee College of Music,,"Developing Your Musicianship Developing Your Musicianship introduces learners to the core ideas, foundational methods, and practical applications of this subject through guided study and applied examples. Critical Thinking; Research; Communication Intermediate Berklee College of Music","{'organization': 'Berklee College of Music', 'difficulty': 'Intermediate', 'rating': 4.8, 'url': ''}"
course_0226,Devenir entrepreneur du changement,"Devenir entrepreneur du changement introduces learners to the core ideas, foundational methods, and practical applications of this subject through guided study and applied examples.",Critical Thinking; Research; Communication,Intermediate,4.7,Ticket for Change,,"Devenir entrepreneur du changement Devenir entrepreneur du changement introduces learners to the core ideas, foundational methods, and practical applications of this subject through guided study and applied examples. Critical Thinking; Research; Communication Intermediate Ticket for Change","{'organization': 'Ticket for Change', 'difficulty': 'Intermediate', 'rating': 4.7, 'url': ''}"
course_0227,Digital Advertising Strategy,"Digital Advertising Strategy introduces learners to the core ideas, foundational methods, and practical applications of this subject through guided study and applied examples.",Critical Thinking; Research; Communication,Beginner,4.4,University of Colorado Boulder,,"Digital Advertising Strategy Digital Advertising Strategy introduces learners to the core ideas, foundational methods, and practical applications of this subject through guided study and applied examples. Critical Thinking; Research; Communication Beginner University of Colorado Boulder","{'organization': 'University of Colorado Boulder', 'difficulty': 'Beginner', 'rating': 4.4, 'url': ''}"
course_0228,Digital Business Models,"Digital Business Models introduces learners to the core ideas, foundational methods, and practical applications of this subject through guided study and applied examples.",Critical Thinking; Research; Communication,Beginner,4.5,Lund University,,"Digital Business Models Digital Business Models introduces learners to the core ideas, foundational methods, and practical applications of this subject through guided study and applied examples. Critical Thinking; Research; Communication Beginner Lund University","{'organization': 'Lund University', 'difficulty': 'Beginner', 'rating': 4.5, 'url': ''}"
course_0229,Digital Manufacturing & Design Technology,"Digital Manufacturing & Design Technology introduces learners to the core ideas, foundational methods, and practical applications of this subject through guided study and applied examples.",Critical Thinking; Research; Communication,Beginner,4.6,University at Buffalo,,"Digital Manufacturing & Design Technology Digital Manufacturing & Design Technology introduces learners to the core ideas, foundational methods, and practical applications of this subject through guided study and applied examples. Critical Thinking; Research; Communication Beginner University at Buffalo","{'organization': 'University at Buffalo', 'difficulty': 'Beginner', 'rating': 4.6, 'url': ''}"
course_0230,Digital Marketing,"Digital Marketing introduces learners to the core ideas, foundational methods, and practical applications of this subject through guided study and applied examples.",Critical Thinking; Research; Communication,Beginner,4.6,University of Illinois at Urbana-Champaign,,"Digital Marketing Digital Marketing introduces learners to the core ideas, foundational methods, and practical applications of this subject through guided study and applied examples. Critical Thinking; Research; Communication Beginner University of Illinois at Urbana-Champaign","{'organization': 'University of Illinois at Urbana-Champaign', 'difficulty': 'Beginner', 'rating': 4.6, 'url': ''}"
course_0231,Digital Media and Marketing Strategies,"Digital Media and Marketing Strategies introduces learners to the core ideas, foundational methods, and practical applications of this subject through guided study and applied examples.",Critical Thinking; Research; Communication,Intermediate,4.4,University of Illinois at Urbana-Champaign,,"Digital Media and Marketing Strategies Digital Media and Marketing Strategies introduces learners to the core ideas, foundational methods, and practical applications of this subject through guided study and applied examples. Critical Thinking; Research; Communication Intermediate University of Illinois at Urbana-Champaign","{'organization': 'University of Illinois at Urbana-Champaign', 'difficulty': 'Intermediate', 'rating': 4.4, 'url': ''}"
course_0232,Digital Product Management,"Digital Product Management introduces learners to the core ideas, foundational methods, and practical applications of this subject through guided study and applied examples.",Critical Thinking; Research; Communication,Beginner,4.7,University of Virginia,,"Digital Product Management Digital Product Management introduces learners to the core ideas, foundational methods, and practical applications of this subject through guided study and applied examples. Critical Thinking; Research; Communication Beginner University of Virginia","{'organization': 'University of Virginia', 'difficulty': 'Beginner', 'rating': 4.7, 'url': ''}"
course_0233,Digital Product Management: Modern Fundamentals,"Digital Product Management: Modern Fundamentals introduces learners to the core ideas, foundational methods, and practical applications of this subject through guided study and applied examples.",Critical Thinking; Research; Communication,Beginner,4.7,University of Virginia,,"Digital Product Management: Modern Fundamentals Digital Product Management: Modern Fundamentals introduces learners to the core ideas, foundational methods, and practical applications of this subject through guided study and applied examples. Critical Thinking; Research; Communication Beginner University of Virginia","{'organization': 'University of Virginia', 'difficulty': 'Beginner', 'rating': 4.7, 'url': ''}"
course_0234,Dino 101: Dinosaur Paleobiology,"Dino 101: Dinosaur Paleobiology introduces learners to the core ideas, foundational methods, and practical applications of this subject through guided study and applied examples.",Critical Thinking; Research; Communication,Beginner,4.5,University of Alberta,,"Dino 101: Dinosaur Paleobiology Dino 101: Dinosaur Paleobiology introduces learners to the core ideas, foundational methods, and practical applications of this subject through guided study and applied examples. Critical Thinking; Research; Communication Beginner University of Alberta","{'organization': 'University of Alberta', 'difficulty': 'Beginner', 'rating': 4.5, 'url': ''}"
course_0235,Discrete Optimization,"Discrete Optimization introduces learners to the core ideas, foundational methods, and practical applications of this subject through guided study and applied examples.",Critical Thinking; Research; Communication,Intermediate,4.9,The University of Melbourne,,"Discrete Optimization Discrete Optimization introduces learners to the core ideas, foundational methods, and practical applications of this subject through guided study and applied examples. Critical Thinking; Research; Communication Intermediate The University of Melbourne","{'organization': 'The University of Melbourne', 'difficulty': 'Intermediate', 'rating': 4.9, 'url': ''}"
course_0236,Diseno Instruccional: Aprendizaje activo y Pedagogia digital,"Diseno Instruccional: Aprendizaje activo y Pedagogia digital introduces learners to the core ideas, foundational methods, and practical applications of this subject through guided study and applied examples.",Critical Thinking; Research; Communication,Beginner,4.6,Tecnologico de Monterrey,,"Diseno Instruccional: Aprendizaje activo y Pedagogia digital Diseno Instruccional: Aprendizaje activo y Pedagogia digital introduces learners to the core ideas, foundational methods, and practical applications of this subject through guided study and applied examples. Critical Thinking; Research; Communication Beginner Tecnologico de Monterrey","{'organization': 'Tecnologico de Monterrey', 'difficulty': 'Beginner', 'rating': 4.6, 'url': ''}"
course_0237,Diseno y Creacion de un Emprendimiento Social,"Diseno y Creacion de un Emprendimiento Social introduces learners to the core ideas, foundational methods, and practical applications of this subject through guided study and applied examples.",Critical Thinking; Research; Communication,Beginner,4.9,Pontificia Universidad Catolica de Chile,,"Diseno y Creacion de un Emprendimiento Social Diseno y Creacion de un Emprendimiento Social introduces learners to the core ideas, foundational methods, and practical applications of this subject through guided study and applied examples. Critical Thinking; Research; Communication Beginner Pontificia Universidad Catolica de Chile","{'organization': 'Pontificia Universidad Catolica de Chile', 'difficulty': 'Beginner', 'rating': 4.9, 'url': ''}"
course_0238,"Divide and Conquer, Sorting and Searching, and Randomized Algorithms","Divide and Conquer, Sorting and Searching, and Randomized Algorithms introduces learners to the core ideas, foundational methods, and practical applications of this subject through guided study and applied examples.",Algorithms; Data Structures,Intermediate,4.8,Stanford University,,"Divide and Conquer, Sorting and Searching, and Randomized Algorithms Divide and Conquer, Sorting and Searching, and Randomized Algorithms introduces learners to the core ideas, foundational methods, and practical applications of this subject through guided study and applied examples. Algorithms; Data Structures Intermediate Stanford University","{'organization': 'Stanford University', 'difficulty': 'Intermediate', 'rating': 4.8, 'url': ''}"
course_0239,Dog Emotion and Cognition,"Dog Emotion and Cognition introduces learners to the core ideas, foundational methods, and practical applications of this subject through guided study and applied examples.",Critical Thinking; Research; Communication,Intermediate,4.6,Duke University,,"Dog Emotion and Cognition Dog Emotion and Cognition introduces learners to the core ideas, foundational methods, and practical applications of this subject through guided study and applied examples. Critical Thinking; Research; Communication Intermediate Duke University","{'organization': 'Duke University', 'difficulty': 'Intermediate', 'rating': 4.6, 'url': ''}"
course_0240,Driving business towards the Sustainable Development Goals,"Driving business towards the Sustainable Development Goals helps learners understand core concepts, algorithms, and applications used in modern machine learning and intelligent systems.",Artificial Intelligence,Beginner,4.8,Erasmus University Rotterdam,,"Driving business towards the Sustainable Development Goals Driving business towards the Sustainable Development Goals helps learners understand core concepts, algorithms, and applications used in modern machine learning and intelligent systems. Artificial Intelligence Beginner Erasmus University Rotterdam","{'organization': 'Erasmus University Rotterdam', 'difficulty': 'Beginner', 'rating': 4.8, 'url': ''}"
course_0241,Drug Commercialization,"Drug Commercialization introduces learners to the core ideas, foundational methods, and practical applications of this subject through guided study and applied examples.",Critical Thinking; Research; Communication,Beginner,4.7,University of California San Diego,,"Drug Commercialization Drug Commercialization introduces learners to the core ideas, foundational methods, and practical applications of this subject through guided study and applied examples. Critical Thinking; Research; Communication Beginner University of California San Diego","{'organization': 'University of California San Diego', 'difficulty': 'Beginner', 'rating': 4.7, 'url': ''}"
course_0242,Drug Discovery,"Drug Discovery introduces learners to the core ideas, foundational methods, and practical applications of this subject through guided study and applied examples.",Critical Thinking; Research; Communication,Beginner,4.6,University of California San Diego,,"Drug Discovery Drug Discovery introduces learners to the core ideas, foundational methods, and practical applications of this subject through guided study and applied examples. Critical Thinking; Research; Communication Beginner University of California San Diego","{'organization': 'University of California San Diego', 'difficulty': 'Beginner', 'rating': 4.6, 'url': ''}"
course_0243,Dynamic Public Speaking,"Dynamic Public Speaking introduces learners to the core ideas, foundational methods, and practical applications of this subject through guided study and applied examples.",Critical Thinking; Research; Communication,Beginner,4.7,University of Washington,,"Dynamic Public Speaking Dynamic Public Speaking introduces learners to the core ideas, foundational methods, and practical applications of this subject through guided study and applied examples. Critical Thinking; Research; Communication Beginner University of Washington","{'organization': 'University of Washington', 'difficulty': 'Beginner', 'rating': 4.7, 'url': ''}"
course_0244,EMT Foundations,"EMT Foundations introduces learners to the core ideas, foundational methods, and practical applications of this subject through guided study and applied examples.",Critical Thinking; Research; Communication,Beginner,4.8,University of Colorado System,,"EMT Foundations EMT Foundations introduces learners to the core ideas, foundational methods, and practical applications of this subject through guided study and applied examples. Critical Thinking; Research; Communication Beginner University of Colorado System","{'organization': 'University of Colorado System', 'difficulty': 'Beginner', 'rating': 4.8, 'url': ''}"
course_0245,Ecology: Ecosystem Dynamics and Conservation,"Ecology: Ecosystem Dynamics and Conservation introduces learners to the core ideas, foundational methods, and practical applications of this subject through guided study and applied examples.",Critical Thinking; Research; Communication,Intermediate,4.8,American Museum of Natural History,,"Ecology: Ecosystem Dynamics and Conservation Ecology: Ecosystem Dynamics and Conservation introduces learners to the core ideas, foundational methods, and practical applications of this subject through guided study and applied examples. Critical Thinking; Research; Communication Intermediate American Museum of Natural History","{'organization': 'American Museum of Natural History', 'difficulty': 'Intermediate', 'rating': 4.8, 'url': ''}"
course_0246,Econometrics: Methods and Applications,"Econometrics: Methods and Applications introduces learners to the core ideas, foundational methods, and practical applications of this subject through guided study and applied examples.",Critical Thinking; Research; Communication,Intermediate,4.7,Erasmus University Rotterdam,,"Econometrics: Methods and Applications Econometrics: Methods and Applications introduces learners to the core ideas, foundational methods, and practical applications of this subject through guided study and applied examples. Critical Thinking; Research; Communication Intermediate Erasmus University Rotterdam","{'organization': 'Erasmus University Rotterdam', 'difficulty': 'Intermediate', 'rating': 4.7, 'url': ''}"
course_0247,Economics of Money and Banking,"Economics of Money and Banking introduces learners to the core ideas, foundational methods, and practical applications of this subject through guided study and applied examples.",Critical Thinking; Research; Communication,Intermediate,4.9,Columbia University,,"Economics of Money and Banking Economics of Money and Banking introduces learners to the core ideas, foundational methods, and practical applications of this subject through guided study and applied examples. Critical Thinking; Research; Communication Intermediate Columbia University","{'organization': 'Columbia University', 'difficulty': 'Intermediate', 'rating': 4.9, 'url': ''}"
course_0248,Ecosystem Services: a Method for Sustainable Development,"Ecosystem Services: a Method for Sustainable Development helps learners understand core concepts, algorithms, and applications used in modern machine learning and intelligent systems.",Artificial Intelligence,Intermediate,4.7,University of Geneva,,"Ecosystem Services: a Method for Sustainable Development Ecosystem Services: a Method for Sustainable Development helps learners understand core concepts, algorithms, and applications used in modern machine learning and intelligent systems. Artificial Intelligence Intermediate University of Geneva","{'organization': 'University of Geneva', 'difficulty': 'Intermediate', 'rating': 4.7, 'url': ''}"
course_0249,Effective Compliance Programs,"Effective Compliance Programs introduces learners to the core ideas, foundational methods, and practical applications of this subject through guided study and applied examples.",Critical Thinking; Research; Communication,Intermediate,4.9,University of Pennsylvania,,"Effective Compliance Programs Effective Compliance Programs introduces learners to the core ideas, foundational methods, and practical applications of this subject through guided study and applied examples. Critical Thinking; Research; Communication Intermediate University of Pennsylvania","{'organization': 'University of Pennsylvania', 'difficulty': 'Intermediate', 'rating': 4.9, 'url': ''}"
course_0250,Egiptologia (Egyptology),"Egiptologia (Egyptology) introduces learners to the core ideas, foundational methods, and practical applications of this subject through guided study and applied examples.",Critical Thinking; Research; Communication,Beginner,4.9,Universitat Autonoma de Barcelona,,"Egiptologia (Egyptology) Egiptologia (Egyptology) introduces learners to the core ideas, foundational methods, and practical applications of this subject through guided study and applied examples. Critical Thinking; Research; Communication Beginner Universitat Autonoma de Barcelona","{'organization': 'Universitat Autonoma de Barcelona', 'difficulty': 'Beginner', 'rating': 4.9, 'url': ''}"
course_0251,El Abogado del Futuro: Legaltech y la Transformacion Digital del Derecho,"El Abogado del Futuro: Legaltech y la Transformacion Digital del Derecho introduces learners to the core ideas, foundational methods, and practical applications of this subject through guided study and applied examples.",Critical Thinking; Research; Communication,Beginner,5.0,Universidad Austral,,"El Abogado del Futuro: Legaltech y la Transformacion Digital del Derecho El Abogado del Futuro: Legaltech y la Transformacion Digital del Derecho introduces learners to the core ideas, foundational methods, and practical applications of this subject through guided study and applied examples. Critical Thinking; Research; Communication Beginner Universidad Austral","{'organization': 'Universidad Austral', 'difficulty': 'Beginner', 'rating': 5.0, 'url': ''}"
course_0252,Elastic Google Cloud Infrastructure: Scaling and Automation,"Elastic Google Cloud Infrastructure: Scaling and Automation covers the core ideas behind cloud-native systems, security principles, and the practical systems thinking needed to build and maintain modern digital services.",Cloud Computing; Security Fundamentals,Intermediate,4.7,Google Cloud,,"Elastic Google Cloud Infrastructure: Scaling and Automation Elastic Google Cloud Infrastructure: Scaling and Automation covers the core ideas behind cloud-native systems, security principles, and the practical systems thinking needed to build and maintain modern digital services. Cloud Computing; Security Fundamentals Intermediate Google Cloud","{'organization': 'Google Cloud', 'difficulty': 'Intermediate', 'rating': 4.7, 'url': ''}"
course_0253,Electric Industry Operations and Markets,"Electric Industry Operations and Markets introduces learners to the core ideas, foundational methods, and practical applications of this subject through guided study and applied examples.",Critical Thinking; Research; Communication,Beginner,4.8,Duke University,,"Electric Industry Operations and Markets Electric Industry Operations and Markets introduces learners to the core ideas, foundational methods, and practical applications of this subject through guided study and applied examples. Critical Thinking; Research; Communication Beginner Duke University","{'organization': 'Duke University', 'difficulty': 'Beginner', 'rating': 4.8, 'url': ''}"
course_0254,Electronic Music Production,"Electronic Music Production introduces learners to the core ideas, foundational methods, and practical applications of this subject through guided study and applied examples.",Critical Thinking; Research; Communication,Intermediate,4.8,Berklee College of Music,,"Electronic Music Production Electronic Music Production introduces learners to the core ideas, foundational methods, and practical applications of this subject through guided study and applied examples. Critical Thinking; Research; Communication Intermediate Berklee College of Music","{'organization': 'Berklee College of Music', 'difficulty': 'Intermediate', 'rating': 4.8, 'url': ''}"
course_0255,Emerging Technologies: From Smartphones to IoT to Big Data,"Emerging Technologies: From Smartphones to IoT to Big Data introduces learners to the core ideas, foundational methods, and practical applications of this subject through guided study and applied examples.",Critical Thinking; Research; Communication,Beginner,4.6,Yonsei University,,"Emerging Technologies: From Smartphones to IoT to Big Data Emerging Technologies: From Smartphones to IoT to Big Data introduces learners to the core ideas, foundational methods, and practical applications of this subject through guided study and applied examples. Critical Thinking; Research; Communication Beginner Yonsei University","{'organization': 'Yonsei University', 'difficulty': 'Beginner', 'rating': 4.6, 'url': ''}"
course_0256,"Energy Production, Distribution & Safety","Energy Production, Distribution & Safety introduces learners to the core ideas, foundational methods, and practical applications of this subject through guided study and applied examples.",Critical Thinking; Research; Communication,Beginner,4.7,University at Buffalo,,"Energy Production, Distribution & Safety Energy Production, Distribution & Safety introduces learners to the core ideas, foundational methods, and practical applications of this subject through guided study and applied examples. Critical Thinking; Research; Communication Beginner University at Buffalo","{'organization': 'University at Buffalo', 'difficulty': 'Beginner', 'rating': 4.7, 'url': ''}"
course_0257,Engineering Health: Introduction to Yoga and Physiology,"Engineering Health: Introduction to Yoga and Physiology introduces learners to the core ideas, foundational methods, and practical applications of this subject through guided study and applied examples.",Critical Thinking; Research; Communication,Beginner,4.8,New York University,,"Engineering Health: Introduction to Yoga and Physiology Engineering Health: Introduction to Yoga and Physiology introduces learners to the core ideas, foundational methods, and practical applications of this subject through guided study and applied examples. Critical Thinking; Research; Communication Beginner New York University","{'organization': 'New York University', 'difficulty': 'Beginner', 'rating': 4.8, 'url': ''}"
course_0258,Engineering Project Management: Initiating and Planning,"Engineering Project Management: Initiating and Planning introduces learners to the core ideas, foundational methods, and practical applications of this subject through guided study and applied examples.",Critical Thinking; Research; Communication,Beginner,4.7,Rice University,,"Engineering Project Management: Initiating and Planning Engineering Project Management: Initiating and Planning introduces learners to the core ideas, foundational methods, and practical applications of this subject through guided study and applied examples. Critical Thinking; Research; Communication Beginner Rice University","{'organization': 'Rice University', 'difficulty': 'Beginner', 'rating': 4.7, 'url': ''}"
course_0259,English Composition I,"English Composition I introduces learners to the core ideas, foundational methods, and practical applications of this subject through guided study and applied examples.",Critical Thinking; Research; Communication,Beginner,4.6,Duke University,,"English Composition I English Composition I introduces learners to the core ideas, foundational methods, and practical applications of this subject through guided study and applied examples. Critical Thinking; Research; Communication Beginner Duke University","{'organization': 'Duke University', 'difficulty': 'Beginner', 'rating': 4.6, 'url': ''}"
course_0260,English for Business and Entrepreneurship,"English for Business and Entrepreneurship introduces learners to the core ideas, foundational methods, and practical applications of this subject through guided study and applied examples.",Critical Thinking; Research; Communication,Beginner,4.8,University of Pennsylvania,,"English for Business and Entrepreneurship English for Business and Entrepreneurship introduces learners to the core ideas, foundational methods, and practical applications of this subject through guided study and applied examples. Critical Thinking; Research; Communication Beginner University of Pennsylvania","{'organization': 'University of Pennsylvania', 'difficulty': 'Beginner', 'rating': 4.8, 'url': ''}"
course_0261,English for Career Development,"English for Career Development introduces learners to the core ideas, foundational methods, and practical applications of this subject through guided study and applied examples.",Critical Thinking; Research; Communication,Intermediate,4.8,University of Pennsylvania,,"English for Career Development English for Career Development introduces learners to the core ideas, foundational methods, and practical applications of this subject through guided study and applied examples. Critical Thinking; Research; Communication Intermediate University of Pennsylvania","{'organization': 'University of Pennsylvania', 'difficulty': 'Intermediate', 'rating': 4.8, 'url': ''}"
course_0262,English for Journalism,"English for Journalism introduces learners to the core ideas, foundational methods, and practical applications of this subject through guided study and applied examples.",Critical Thinking; Research; Communication,Intermediate,4.8,University of Pennsylvania,,"English for Journalism English for Journalism introduces learners to the core ideas, foundational methods, and practical applications of this subject through guided study and applied examples. Critical Thinking; Research; Communication Intermediate University of Pennsylvania","{'organization': 'University of Pennsylvania', 'difficulty': 'Intermediate', 'rating': 4.8, 'url': ''}"
course_0263,English for Research Publication Purposes,"English for Research Publication Purposes introduces learners to the core ideas, foundational methods, and practical applications of this subject through guided study and applied examples.",Critical Thinking; Research; Communication,Intermediate,4.6,Moscow Institute of Physics and Technology,,"English for Research Publication Purposes English for Research Publication Purposes introduces learners to the core ideas, foundational methods, and practical applications of this subject through guided study and applied examples. Critical Thinking; Research; Communication Intermediate Moscow Institute of Physics and Technology","{'organization': 'Moscow Institute of Physics and Technology', 'difficulty': 'Intermediate', 'rating': 4.6, 'url': ''}"
course_0264,"English for Science, Technology, Engineering, and Mathematics","English for Science, Technology, Engineering, and Mathematics introduces learners to the core ideas, foundational methods, and practical applications of this subject through guided study and applied examples.",Mathematics,Beginner,4.8,University of Pennsylvania,,"English for Science, Technology, Engineering, and Mathematics English for Science, Technology, Engineering, and Mathematics introduces learners to the core ideas, foundational methods, and practical applications of this subject through guided study and applied examples. Mathematics Beginner University of Pennsylvania","{'organization': 'University of Pennsylvania', 'difficulty': 'Beginner', 'rating': 4.8, 'url': ''}"
course_0265,Enterprise Architecture,"Enterprise Architecture introduces learners to the core ideas, foundational methods, and practical applications of this subject through guided study and applied examples.",Critical Thinking; Research; Communication,Beginner,4.4,Peter the Great St. Petersburg Polytechnic University,,"Enterprise Architecture Enterprise Architecture introduces learners to the core ideas, foundational methods, and practical applications of this subject through guided study and applied examples. Critical Thinking; Research; Communication Beginner Peter the Great St. Petersburg Polytechnic University","{'organization': 'Peter the Great St. Petersburg Polytechnic University', 'difficulty': 'Beginner', 'rating': 4.4, 'url': ''}"
course_0266,Entrepreneurial Finance: Strategy and Innovation,"Entrepreneurial Finance: Strategy and Innovation introduces learners to the core ideas, foundational methods, and practical applications of this subject through guided study and applied examples.",Critical Thinking; Research; Communication,Intermediate,4.5,Duke University,,"Entrepreneurial Finance: Strategy and Innovation Entrepreneurial Finance: Strategy and Innovation introduces learners to the core ideas, foundational methods, and practical applications of this subject through guided study and applied examples. Critical Thinking; Research; Communication Intermediate Duke University","{'organization': 'Duke University', 'difficulty': 'Intermediate', 'rating': 4.5, 'url': ''}"
course_0267,Entrepreneurship,"Entrepreneurship introduces learners to the core ideas, foundational methods, and practical applications of this subject through guided study and applied examples.",Critical Thinking; Research; Communication,Beginner,4.8,University of Pennsylvania,,"Entrepreneurship Entrepreneurship introduces learners to the core ideas, foundational methods, and practical applications of this subject through guided study and applied examples. Critical Thinking; Research; Communication Beginner University of Pennsylvania","{'organization': 'University of Pennsylvania', 'difficulty': 'Beginner', 'rating': 4.8, 'url': ''}"
course_0268,Entrepreneurship 1: Developing the Opportunity,"Entrepreneurship 1: Developing the Opportunity introduces learners to the core ideas, foundational methods, and practical applications of this subject through guided study and applied examples.",Critical Thinking; Research; Communication,Intermediate,4.8,University of Pennsylvania,,"Entrepreneurship 1: Developing the Opportunity Entrepreneurship 1: Developing the Opportunity introduces learners to the core ideas, foundational methods, and practical applications of this subject through guided study and applied examples. Critical Thinking; Research; Communication Intermediate University of Pennsylvania","{'organization': 'University of Pennsylvania', 'difficulty': 'Intermediate', 'rating': 4.8, 'url': ''}"
course_0269,Entrepreneurship 2: Launching your Start-Up,"Entrepreneurship 2: Launching your Start-Up introduces learners to the core ideas, foundational methods, and practical applications of this subject through guided study and applied examples.",Critical Thinking; Research; Communication,Intermediate,4.8,University of Pennsylvania,,"Entrepreneurship 2: Launching your Start-Up Entrepreneurship 2: Launching your Start-Up introduces learners to the core ideas, foundational methods, and practical applications of this subject through guided study and applied examples. Critical Thinking; Research; Communication Intermediate University of Pennsylvania","{'organization': 'University of Pennsylvania', 'difficulty': 'Intermediate', 'rating': 4.8, 'url': ''}"
course_0270,Entrepreneurship 3: Growth Strategies,"Entrepreneurship 3: Growth Strategies introduces learners to the core ideas, foundational methods, and practical applications of this subject through guided study and applied examples.",Critical Thinking; Research; Communication,Beginner,4.7,University of Pennsylvania,,"Entrepreneurship 3: Growth Strategies Entrepreneurship 3: Growth Strategies introduces learners to the core ideas, foundational methods, and practical applications of this subject through guided study and applied examples. Critical Thinking; Research; Communication Beginner University of Pennsylvania","{'organization': 'University of Pennsylvania', 'difficulty': 'Beginner', 'rating': 4.7, 'url': ''}"
course_0271,Entrepreneurship Strategy: From Ideation to Exit,"Entrepreneurship Strategy: From Ideation to Exit introduces learners to the core ideas, foundational methods, and practical applications of this subject through guided study and applied examples.",Critical Thinking; Research; Communication,Beginner,4.8,HEC Paris,,"Entrepreneurship Strategy: From Ideation to Exit Entrepreneurship Strategy: From Ideation to Exit introduces learners to the core ideas, foundational methods, and practical applications of this subject through guided study and applied examples. Critical Thinking; Research; Communication Beginner HEC Paris","{'organization': 'HEC Paris', 'difficulty': 'Beginner', 'rating': 4.8, 'url': ''}"
course_0272,Entrepreneurship: Launching an Innovative Business,"Entrepreneurship: Launching an Innovative Business introduces learners to the core ideas, foundational methods, and practical applications of this subject through guided study and applied examples.",Critical Thinking; Research; Communication,Beginner,4.6,"University of Maryland, College Park",,"Entrepreneurship: Launching an Innovative Business Entrepreneurship: Launching an Innovative Business introduces learners to the core ideas, foundational methods, and practical applications of this subject through guided study and applied examples. Critical Thinking; Research; Communication Beginner University of Maryland, College Park","{'organization': 'University of Maryland, College Park', 'difficulty': 'Beginner', 'rating': 4.6, 'url': ''}"
course_0273,Epidemics - the Dynamics of Infectious Diseases,"Epidemics - the Dynamics of Infectious Diseases introduces learners to the core ideas, foundational methods, and practical applications of this subject through guided study and applied examples.",Critical Thinking; Research; Communication,Intermediate,4.8,The Pennsylvania State University,,"Epidemics - the Dynamics of Infectious Diseases Epidemics - the Dynamics of Infectious Diseases introduces learners to the core ideas, foundational methods, and practical applications of this subject through guided study and applied examples. Critical Thinking; Research; Communication Intermediate The Pennsylvania State University","{'organization': 'The Pennsylvania State University', 'difficulty': 'Intermediate', 'rating': 4.8, 'url': ''}"
course_0274,"Epidemics, Pandemics and Outbreaks","Epidemics, Pandemics and Outbreaks introduces learners to the core ideas, foundational methods, and practical applications of this subject through guided study and applied examples.",Critical Thinking; Research; Communication,Intermediate,4.7,University of Pittsburgh,,"Epidemics, Pandemics and Outbreaks Epidemics, Pandemics and Outbreaks introduces learners to the core ideas, foundational methods, and practical applications of this subject through guided study and applied examples. Critical Thinking; Research; Communication Intermediate University of Pittsburgh","{'organization': 'University of Pittsburgh', 'difficulty': 'Intermediate', 'rating': 4.7, 'url': ''}"
course_0275,Epidemiology for Public Health,"Epidemiology for Public Health introduces learners to the core ideas, foundational methods, and practical applications of this subject through guided study and applied examples.",Critical Thinking; Research; Communication,Beginner,4.7,Imperial College London,,"Epidemiology for Public Health Epidemiology for Public Health introduces learners to the core ideas, foundational methods, and practical applications of this subject through guided study and applied examples. Critical Thinking; Research; Communication Beginner Imperial College London","{'organization': 'Imperial College London', 'difficulty': 'Beginner', 'rating': 4.7, 'url': ''}"
course_0276,Epidemiology in Public Health Practice,"Epidemiology in Public Health Practice introduces learners to the core ideas, foundational methods, and practical applications of this subject through guided study and applied examples.",Critical Thinking; Research; Communication,Beginner,4.7,Johns Hopkins University,,"Epidemiology in Public Health Practice Epidemiology in Public Health Practice introduces learners to the core ideas, foundational methods, and practical applications of this subject through guided study and applied examples. Critical Thinking; Research; Communication Beginner Johns Hopkins University","{'organization': 'Johns Hopkins University', 'difficulty': 'Beginner', 'rating': 4.7, 'url': ''}"
course_0277,Epidemiology: The Basic Science of Public Health,"Epidemiology: The Basic Science of Public Health introduces learners to the core ideas, foundational methods, and practical applications of this subject through guided study and applied examples.",Critical Thinking; Research; Communication,Intermediate,4.6,The University of North Carolina at Chapel Hill,,"Epidemiology: The Basic Science of Public Health Epidemiology: The Basic Science of Public Health introduces learners to the core ideas, foundational methods, and practical applications of this subject through guided study and applied examples. Critical Thinking; Research; Communication Intermediate The University of North Carolina at Chapel Hill","{'organization': 'The University of North Carolina at Chapel Hill', 'difficulty': 'Intermediate', 'rating': 4.6, 'url': ''}"
course_0278,Epigenetic Control of Gene Expression,"Epigenetic Control of Gene Expression introduces learners to the core ideas, foundational methods, and practical applications of this subject through guided study and applied examples.",Critical Thinking; Research; Communication,Intermediate,4.8,The University of Melbourne,,"Epigenetic Control of Gene Expression Epigenetic Control of Gene Expression introduces learners to the core ideas, foundational methods, and practical applications of this subject through guided study and applied examples. Critical Thinking; Research; Communication Intermediate The University of Melbourne","{'organization': 'The University of Melbourne', 'difficulty': 'Intermediate', 'rating': 4.8, 'url': ''}"
course_0279,Equine Welfare and Management,"Equine Welfare and Management introduces learners to the core ideas, foundational methods, and practical applications of this subject through guided study and applied examples.",Critical Thinking; Research; Communication,Beginner,4.8,"University of California, Davis",,"Equine Welfare and Management Equine Welfare and Management introduces learners to the core ideas, foundational methods, and practical applications of this subject through guided study and applied examples. Critical Thinking; Research; Communication Beginner University of California, Davis","{'organization': 'University of California, Davis', 'difficulty': 'Beginner', 'rating': 4.8, 'url': ''}"
course_0280,Esports,"Esports introduces learners to the core ideas, foundational methods, and practical applications of this subject through guided study and applied examples.",Critical Thinking; Research; Communication,Beginner,4.5,"University of California, Irvine",,"Esports Esports introduces learners to the core ideas, foundational methods, and practical applications of this subject through guided study and applied examples. Critical Thinking; Research; Communication Beginner University of California, Irvine","{'organization': 'University of California, Irvine', 'difficulty': 'Beginner', 'rating': 4.5, 'url': ''}"
course_0281,Essential Epidemiologic Tools for Public Health Practice,"Essential Epidemiologic Tools for Public Health Practice introduces learners to the core ideas, foundational methods, and practical applications of this subject through guided study and applied examples.",Critical Thinking; Research; Communication,Beginner,4.7,Johns Hopkins University,,"Essential Epidemiologic Tools for Public Health Practice Essential Epidemiologic Tools for Public Health Practice introduces learners to the core ideas, foundational methods, and practical applications of this subject through guided study and applied examples. Critical Thinking; Research; Communication Beginner Johns Hopkins University","{'organization': 'Johns Hopkins University', 'difficulty': 'Beginner', 'rating': 4.7, 'url': ''}"
course_0282,Essential Google Cloud Infrastructure: Core Services,"Essential Google Cloud Infrastructure: Core Services covers the core ideas behind cloud-native systems, security principles, and the practical systems thinking needed to build and maintain modern digital services.",Cloud Computing; Security Fundamentals,Intermediate,4.7,Google Cloud,,"Essential Google Cloud Infrastructure: Core Services Essential Google Cloud Infrastructure: Core Services covers the core ideas behind cloud-native systems, security principles, and the practical systems thinking needed to build and maintain modern digital services. Cloud Computing; Security Fundamentals Intermediate Google Cloud","{'organization': 'Google Cloud', 'difficulty': 'Intermediate', 'rating': 4.7, 'url': ''}"
course_0283,Essential Google Cloud Infrastructure: Foundation,"Essential Google Cloud Infrastructure: Foundation covers the core ideas behind cloud-native systems, security principles, and the practical systems thinking needed to build and maintain modern digital services.",Cloud Computing; Security Fundamentals,Intermediate,4.7,Google Cloud,,"Essential Google Cloud Infrastructure: Foundation Essential Google Cloud Infrastructure: Foundation covers the core ideas behind cloud-native systems, security principles, and the practical systems thinking needed to build and maintain modern digital services. Cloud Computing; Security Fundamentals Intermediate Google Cloud","{'organization': 'Google Cloud', 'difficulty': 'Intermediate', 'rating': 4.7, 'url': ''}"
course_0284,Essentials in Clinical Simulations Across the Health Professions,"Essentials in Clinical Simulations Across the Health Professions introduces learners to the core ideas, foundational methods, and practical applications of this subject through guided study and applied examples.",Critical Thinking; Research; Communication,Intermediate,4.8,The George Washington University,,"Essentials in Clinical Simulations Across the Health Professions Essentials in Clinical Simulations Across the Health Professions introduces learners to the core ideas, foundational methods, and practical applications of this subject through guided study and applied examples. Critical Thinking; Research; Communication Intermediate The George Washington University","{'organization': 'The George Washington University', 'difficulty': 'Intermediate', 'rating': 4.8, 'url': ''}"
course_0285,Essentials of Corporate Finance,"Essentials of Corporate Finance introduces learners to the core ideas, foundational methods, and practical applications of this subject through guided study and applied examples.",Critical Thinking; Research; Communication,Intermediate,4.6,The University of Melbourne,,"Essentials of Corporate Finance Essentials of Corporate Finance introduces learners to the core ideas, foundational methods, and practical applications of this subject through guided study and applied examples. Critical Thinking; Research; Communication Intermediate The University of Melbourne","{'organization': 'The University of Melbourne', 'difficulty': 'Intermediate', 'rating': 4.6, 'url': ''}"
course_0286,Essentials of Global Health,"Essentials of Global Health introduces learners to the core ideas, foundational methods, and practical applications of this subject through guided study and applied examples.",Critical Thinking; Research; Communication,Intermediate,4.8,Yale University,,"Essentials of Global Health Essentials of Global Health introduces learners to the core ideas, foundational methods, and practical applications of this subject through guided study and applied examples. Critical Thinking; Research; Communication Intermediate Yale University","{'organization': 'Yale University', 'difficulty': 'Intermediate', 'rating': 4.8, 'url': ''}"
course_0287,Estadistica y probabilidad,"Estadistica y probabilidad introduces learners to the core ideas, foundational methods, and practical applications of this subject through guided study and applied examples.",Critical Thinking; Research; Communication,Beginner,4.7,Universidad Nacional Autonoma de Mexico,,"Estadistica y probabilidad Estadistica y probabilidad introduces learners to the core ideas, foundational methods, and practical applications of this subject through guided study and applied examples. Critical Thinking; Research; Communication Beginner Universidad Nacional Autonoma de Mexico","{'organization': 'Universidad Nacional Autonoma de Mexico', 'difficulty': 'Beginner', 'rating': 4.7, 'url': ''}"
course_0288,Evaluacion educativa,"Evaluacion educativa introduces learners to the core ideas, foundational methods, and practical applications of this subject through guided study and applied examples.",Critical Thinking; Research; Communication,Beginner,4.8,Universidad Nacional Autonoma de Mexico,,"Evaluacion educativa Evaluacion educativa introduces learners to the core ideas, foundational methods, and practical applications of this subject through guided study and applied examples. Critical Thinking; Research; Communication Beginner Universidad Nacional Autonoma de Mexico","{'organization': 'Universidad Nacional Autonoma de Mexico', 'difficulty': 'Beginner', 'rating': 4.8, 'url': ''}"
course_0289,"Everyday Excel, Part 1","Everyday Excel, Part 1 introduces learners to the core ideas, foundational methods, and practical applications of this subject through guided study and applied examples.",Critical Thinking; Research; Communication,Beginner,4.8,University of Colorado Boulder,,"Everyday Excel, Part 1 Everyday Excel, Part 1 introduces learners to the core ideas, foundational methods, and practical applications of this subject through guided study and applied examples. Critical Thinking; Research; Communication Beginner University of Colorado Boulder","{'organization': 'University of Colorado Boulder', 'difficulty': 'Beginner', 'rating': 4.8, 'url': ''}"
course_0290,Everyday Parenting: The ABCs of Child Rearing,"Everyday Parenting: The ABCs of Child Rearing introduces learners to the core ideas, foundational methods, and practical applications of this subject through guided study and applied examples.",Critical Thinking; Research; Communication,Beginner,4.9,Yale University,,"Everyday Parenting: The ABCs of Child Rearing Everyday Parenting: The ABCs of Child Rearing introduces learners to the core ideas, foundational methods, and practical applications of this subject through guided study and applied examples. Critical Thinking; Research; Communication Beginner Yale University","{'organization': 'Yale University', 'difficulty': 'Beginner', 'rating': 4.9, 'url': ''}"
course_0291,Excel Skills for Business,"Excel Skills for Business introduces learners to the core ideas, foundational methods, and practical applications of this subject through guided study and applied examples.",Critical Thinking; Research; Communication,Beginner,4.9,Macquarie University,,"Excel Skills for Business Excel Skills for Business introduces learners to the core ideas, foundational methods, and practical applications of this subject through guided study and applied examples. Critical Thinking; Research; Communication Beginner Macquarie University","{'organization': 'Macquarie University', 'difficulty': 'Beginner', 'rating': 4.9, 'url': ''}"
course_0292,Excel Skills for Business: Advanced,"Excel Skills for Business: Advanced introduces learners to the core ideas, foundational methods, and practical applications of this subject through guided study and applied examples.",Critical Thinking; Research; Communication,Intermediate,4.7,Macquarie University,,"Excel Skills for Business: Advanced Excel Skills for Business: Advanced introduces learners to the core ideas, foundational methods, and practical applications of this subject through guided study and applied examples. Critical Thinking; Research; Communication Intermediate Macquarie University","{'organization': 'Macquarie University', 'difficulty': 'Intermediate', 'rating': 4.7, 'url': ''}"
course_0293,Excel Skills for Business: Essentials,"Excel Skills for Business: Essentials introduces learners to the core ideas, foundational methods, and practical applications of this subject through guided study and applied examples.",Critical Thinking; Research; Communication,Beginner,4.9,Macquarie University,,"Excel Skills for Business: Essentials Excel Skills for Business: Essentials introduces learners to the core ideas, foundational methods, and practical applications of this subject through guided study and applied examples. Critical Thinking; Research; Communication Beginner Macquarie University","{'organization': 'Macquarie University', 'difficulty': 'Beginner', 'rating': 4.9, 'url': ''}"
course_0294,Excel Skills for Business: Intermediate I,"Excel Skills for Business: Intermediate I introduces learners to the core ideas, foundational methods, and practical applications of this subject through guided study and applied examples.",Critical Thinking; Research; Communication,Intermediate,4.9,Macquarie University,,"Excel Skills for Business: Intermediate I Excel Skills for Business: Intermediate I introduces learners to the core ideas, foundational methods, and practical applications of this subject through guided study and applied examples. Critical Thinking; Research; Communication Intermediate Macquarie University","{'organization': 'Macquarie University', 'difficulty': 'Intermediate', 'rating': 4.9, 'url': ''}"
course_0295,Excel Skills for Business: Intermediate II,"Excel Skills for Business: Intermediate II introduces learners to the core ideas, foundational methods, and practical applications of this subject through guided study and applied examples.",Critical Thinking; Research; Communication,Intermediate,4.8,Macquarie University,,"Excel Skills for Business: Intermediate II Excel Skills for Business: Intermediate II introduces learners to the core ideas, foundational methods, and practical applications of this subject through guided study and applied examples. Critical Thinking; Research; Communication Intermediate Macquarie University","{'organization': 'Macquarie University', 'difficulty': 'Intermediate', 'rating': 4.8, 'url': ''}"
course_0296,Excel to MySQL: Analytic Techniques for Business,"Excel to MySQL: Analytic Techniques for Business introduces learners to the core ideas, foundational methods, and practical applications of this subject through guided study and applied examples.",SQL; Databases,Beginner,4.6,Duke University,,"Excel to MySQL: Analytic Techniques for Business Excel to MySQL: Analytic Techniques for Business introduces learners to the core ideas, foundational methods, and practical applications of this subject through guided study and applied examples. SQL; Databases Beginner Duke University","{'organization': 'Duke University', 'difficulty': 'Beginner', 'rating': 4.6, 'url': ''}"
course_0297,Excel/VBA for Creative Problem Solving,"Excel/VBA for Creative Problem Solving introduces learners to the core ideas, foundational methods, and practical applications of this subject through guided study and applied examples.",Critical Thinking; Research; Communication,Beginner,4.8,University of Colorado Boulder,,"Excel/VBA for Creative Problem Solving Excel/VBA for Creative Problem Solving introduces learners to the core ideas, foundational methods, and practical applications of this subject through guided study and applied examples. Critical Thinking; Research; Communication Beginner University of Colorado Boulder","{'organization': 'University of Colorado Boulder', 'difficulty': 'Beginner', 'rating': 4.8, 'url': ''}"
course_0298,"Excel/VBA for Creative Problem Solving, Part 1","Excel/VBA for Creative Problem Solving, Part 1 introduces learners to the core ideas, foundational methods, and practical applications of this subject through guided study and applied examples.",Critical Thinking; Research; Communication,Beginner,4.8,University of Colorado Boulder,,"Excel/VBA for Creative Problem Solving, Part 1 Excel/VBA for Creative Problem Solving, Part 1 introduces learners to the core ideas, foundational methods, and practical applications of this subject through guided study and applied examples. Critical Thinking; Research; Communication Beginner University of Colorado Boulder","{'organization': 'University of Colorado Boulder', 'difficulty': 'Beginner', 'rating': 4.8, 'url': ''}"
course_0299,Executive Data Science,"Executive Data Science introduces learners to the foundations of data analysis, statistical reasoning, and practical decision-making using real-world data examples.",Data Analysis; Statistics; Python,Beginner,4.5,Johns Hopkins University,,"Executive Data Science Executive Data Science introduces learners to the foundations of data analysis, statistical reasoning, and practical decision-making using real-world data examples. Data Analysis; Statistics; Python Beginner Johns Hopkins University","{'organization': 'Johns Hopkins University', 'difficulty': 'Beginner', 'rating': 4.5, 'url': ''}"
course_0300,Explorando la Energia Sustentable,"Explorando la Energia Sustentable introduces learners to the core ideas, foundational methods, and practical applications of this subject through guided study and applied examples.",Critical Thinking; Research; Communication,Beginner,4.8,Pontificia Universidad Catolica de Chile,,"Explorando la Energia Sustentable Explorando la Energia Sustentable introduces learners to the core ideas, foundational methods, and practical applications of this subject through guided study and applied examples. Critical Thinking; Research; Communication Beginner Pontificia Universidad Catolica de Chile","{'organization': 'Pontificia Universidad Catolica de Chile', 'difficulty': 'Beginner', 'rating': 4.8, 'url': ''}"
course_0301,Fashion as Design,"Fashion as Design introduces learners to the core ideas, foundational methods, and practical applications of this subject through guided study and applied examples.",Critical Thinking; Research; Communication,Beginner,4.8,The Museum of Modern Art,,"Fashion as Design Fashion as Design introduces learners to the core ideas, foundational methods, and practical applications of this subject through guided study and applied examples. Critical Thinking; Research; Communication Beginner The Museum of Modern Art","{'organization': 'The Museum of Modern Art', 'difficulty': 'Beginner', 'rating': 4.8, 'url': ''}"
course_0302,Feminism and Social Justice,"Feminism and Social Justice introduces learners to the core ideas, foundational methods, and practical applications of this subject through guided study and applied examples.",Critical Thinking; Research; Communication,Beginner,4.8,"University of California, Santa Cruz",,"Feminism and Social Justice Feminism and Social Justice introduces learners to the core ideas, foundational methods, and practical applications of this subject through guided study and applied examples. Critical Thinking; Research; Communication Beginner University of California, Santa Cruz","{'organization': 'University of California, Santa Cruz', 'difficulty': 'Beginner', 'rating': 4.8, 'url': ''}"
course_0303,FinTech Law and Policy,"FinTech Law and Policy introduces learners to the core ideas, foundational methods, and practical applications of this subject through guided study and applied examples.",Critical Thinking; Research; Communication,Beginner,4.8,Duke University,,"FinTech Law and Policy FinTech Law and Policy introduces learners to the core ideas, foundational methods, and practical applications of this subject through guided study and applied examples. Critical Thinking; Research; Communication Beginner Duke University","{'organization': 'Duke University', 'difficulty': 'Beginner', 'rating': 4.8, 'url': ''}"
course_0304,FinTech: Finance Industry Transformation and Regulation,"FinTech: Finance Industry Transformation and Regulation introduces learners to the core ideas, foundational methods, and practical applications of this subject through guided study and applied examples.",Critical Thinking; Research; Communication,Beginner,4.6,The Hong Kong University of Science and Technology,,"FinTech: Finance Industry Transformation and Regulation FinTech: Finance Industry Transformation and Regulation introduces learners to the core ideas, foundational methods, and practical applications of this subject through guided study and applied examples. Critical Thinking; Research; Communication Beginner The Hong Kong University of Science and Technology","{'organization': 'The Hong Kong University of Science and Technology', 'difficulty': 'Beginner', 'rating': 4.6, 'url': ''}"
course_0305,"FinTech: Foundations, Payments, and Regulations","FinTech: Foundations, Payments, and Regulations introduces learners to the core ideas, foundational methods, and practical applications of this subject through guided study and applied examples.",Critical Thinking; Research; Communication,Beginner,4.7,University of Pennsylvania,,"FinTech: Foundations, Payments, and Regulations FinTech: Foundations, Payments, and Regulations introduces learners to the core ideas, foundational methods, and practical applications of this subject through guided study and applied examples. Critical Thinking; Research; Communication Beginner University of Pennsylvania","{'organization': 'University of Pennsylvania', 'difficulty': 'Beginner', 'rating': 4.7, 'url': ''}"
course_0306,Finance & Quantitative Modeling for Analysts,"Finance & Quantitative Modeling for Analysts introduces learners to the core ideas, foundational methods, and practical applications of this subject through guided study and applied examples.",Critical Thinking; Research; Communication,Beginner,4.5,University of Pennsylvania,,"Finance & Quantitative Modeling for Analysts Finance & Quantitative Modeling for Analysts introduces learners to the core ideas, foundational methods, and practical applications of this subject through guided study and applied examples. Critical Thinking; Research; Communication Beginner University of Pennsylvania","{'organization': 'University of Pennsylvania', 'difficulty': 'Beginner', 'rating': 4.5, 'url': ''}"
course_0307,Finance for Non-Finance Professionals,"Finance for Non-Finance Professionals introduces learners to the core ideas, foundational methods, and practical applications of this subject through guided study and applied examples.",Critical Thinking; Research; Communication,Beginner,4.8,Rice University,,"Finance for Non-Finance Professionals Finance for Non-Finance Professionals introduces learners to the core ideas, foundational methods, and practical applications of this subject through guided study and applied examples. Critical Thinking; Research; Communication Beginner Rice University","{'organization': 'Rice University', 'difficulty': 'Beginner', 'rating': 4.8, 'url': ''}"
course_0308,Finance for Non-Financial Managers,"Finance for Non-Financial Managers introduces learners to the core ideas, foundational methods, and practical applications of this subject through guided study and applied examples.",Critical Thinking; Research; Communication,Intermediate,4.4,Emory University,,"Finance for Non-Financial Managers Finance for Non-Financial Managers introduces learners to the core ideas, foundational methods, and practical applications of this subject through guided study and applied examples. Critical Thinking; Research; Communication Intermediate Emory University","{'organization': 'Emory University', 'difficulty': 'Intermediate', 'rating': 4.4, 'url': ''}"
course_0309,Financial Accounting Fundamentals,"Financial Accounting Fundamentals introduces learners to the core ideas, foundational methods, and practical applications of this subject through guided study and applied examples.",Critical Thinking; Research; Communication,Beginner,4.8,University of Virginia,,"Financial Accounting Fundamentals Financial Accounting Fundamentals introduces learners to the core ideas, foundational methods, and practical applications of this subject through guided study and applied examples. Critical Thinking; Research; Communication Beginner University of Virginia","{'organization': 'University of Virginia', 'difficulty': 'Beginner', 'rating': 4.8, 'url': ''}"
course_0310,Financial Acumen for Non-Financial Managers,"Financial Acumen for Non-Financial Managers introduces learners to the core ideas, foundational methods, and practical applications of this subject through guided study and applied examples.",Critical Thinking; Research; Communication,Beginner,4.5,University of Pennsylvania,,"Financial Acumen for Non-Financial Managers Financial Acumen for Non-Financial Managers introduces learners to the core ideas, foundational methods, and practical applications of this subject through guided study and applied examples. Critical Thinking; Research; Communication Beginner University of Pennsylvania","{'organization': 'University of Pennsylvania', 'difficulty': 'Beginner', 'rating': 4.5, 'url': ''}"
course_0311,Financial Engineering and Risk Management Part I,"Financial Engineering and Risk Management Part I introduces learners to the core ideas, foundational methods, and practical applications of this subject through guided study and applied examples.",Critical Thinking; Research; Communication,Intermediate,4.6,Columbia University,,"Financial Engineering and Risk Management Part I Financial Engineering and Risk Management Part I introduces learners to the core ideas, foundational methods, and practical applications of this subject through guided study and applied examples. Critical Thinking; Research; Communication Intermediate Columbia University","{'organization': 'Columbia University', 'difficulty': 'Intermediate', 'rating': 4.6, 'url': ''}"
course_0312,Financial Management,"Financial Management introduces learners to the core ideas, foundational methods, and practical applications of this subject through guided study and applied examples.",Critical Thinking; Research; Communication,Intermediate,4.7,University of Illinois at Urbana-Champaign,,"Financial Management Financial Management introduces learners to the core ideas, foundational methods, and practical applications of this subject through guided study and applied examples. Critical Thinking; Research; Communication Intermediate University of Illinois at Urbana-Champaign","{'organization': 'University of Illinois at Urbana-Champaign', 'difficulty': 'Intermediate', 'rating': 4.7, 'url': ''}"
course_0313,Financial Markets,"Financial Markets introduces learners to the core ideas, foundational methods, and practical applications of this subject through guided study and applied examples.",Critical Thinking; Research; Communication,Beginner,4.8,Yale University,,"Financial Markets Financial Markets introduces learners to the core ideas, foundational methods, and practical applications of this subject through guided study and applied examples. Critical Thinking; Research; Communication Beginner Yale University","{'organization': 'Yale University', 'difficulty': 'Beginner', 'rating': 4.8, 'url': ''}"
course_0314,Financial Markets and Investment Strategy,"Financial Markets and Investment Strategy introduces learners to the core ideas, foundational methods, and practical applications of this subject through guided study and applied examples.",Critical Thinking; Research; Communication,Beginner,4.5,Indian School of Business,,"Financial Markets and Investment Strategy Financial Markets and Investment Strategy introduces learners to the core ideas, foundational methods, and practical applications of this subject through guided study and applied examples. Critical Thinking; Research; Communication Beginner Indian School of Business","{'organization': 'Indian School of Business', 'difficulty': 'Beginner', 'rating': 4.5, 'url': ''}"
course_0315,Financial Reporting,"Financial Reporting introduces learners to the core ideas, foundational methods, and practical applications of this subject through guided study and applied examples.",Critical Thinking; Research; Communication,Intermediate,4.8,University of Illinois at Urbana-Champaign,,"Financial Reporting Financial Reporting introduces learners to the core ideas, foundational methods, and practical applications of this subject through guided study and applied examples. Critical Thinking; Research; Communication Intermediate University of Illinois at Urbana-Champaign","{'organization': 'University of Illinois at Urbana-Champaign', 'difficulty': 'Intermediate', 'rating': 4.8, 'url': ''}"
course_0316,Financial Technology (Fintech) Innovations,"Financial Technology (Fintech) Innovations introduces learners to the core ideas, foundational methods, and practical applications of this subject through guided study and applied examples.",Critical Thinking; Research; Communication,Beginner,4.7,University of Michigan,,"Financial Technology (Fintech) Innovations Financial Technology (Fintech) Innovations introduces learners to the core ideas, foundational methods, and practical applications of this subject through guided study and applied examples. Critical Thinking; Research; Communication Beginner University of Michigan","{'organization': 'University of Michigan', 'difficulty': 'Beginner', 'rating': 4.7, 'url': ''}"
course_0317,Financing and Investing in Infrastructure,"Financing and Investing in Infrastructure introduces learners to the core ideas, foundational methods, and practical applications of this subject through guided study and applied examples.",Critical Thinking; Research; Communication,Intermediate,4.8,Universita Bocconi,,"Financing and Investing in Infrastructure Financing and Investing in Infrastructure introduces learners to the core ideas, foundational methods, and practical applications of this subject through guided study and applied examples. Critical Thinking; Research; Communication Intermediate Universita Bocconi","{'organization': 'Universita Bocconi', 'difficulty': 'Intermediate', 'rating': 4.8, 'url': ''}"
course_0318,Finanzas corporativas,"Finanzas corporativas introduces learners to the core ideas, foundational methods, and practical applications of this subject through guided study and applied examples.",Critical Thinking; Research; Communication,Intermediate,4.6,Universidad Nacional Autonoma de Mexico,,"Finanzas corporativas Finanzas corporativas introduces learners to the core ideas, foundational methods, and practical applications of this subject through guided study and applied examples. Critical Thinking; Research; Communication Intermediate Universidad Nacional Autonoma de Mexico","{'organization': 'Universidad Nacional Autonoma de Mexico', 'difficulty': 'Intermediate', 'rating': 4.6, 'url': ''}"
course_0319,Finanzas personales,"Finanzas personales introduces learners to the core ideas, foundational methods, and practical applications of this subject through guided study and applied examples.",Critical Thinking; Research; Communication,Intermediate,4.8,Universidad Nacional Autonoma de Mexico,,"Finanzas personales Finanzas personales introduces learners to the core ideas, foundational methods, and practical applications of this subject through guided study and applied examples. Critical Thinking; Research; Communication Intermediate Universidad Nacional Autonoma de Mexico","{'organization': 'Universidad Nacional Autonoma de Mexico', 'difficulty': 'Intermediate', 'rating': 4.8, 'url': ''}"
course_0320,Finding Purpose and Meaning In Life: Living for What Matters Most,"Finding Purpose and Meaning In Life: Living for What Matters Most introduces learners to the core ideas, foundational methods, and practical applications of this subject through guided study and applied examples.",Critical Thinking; Research; Communication,Beginner,4.7,University of Michigan,,"Finding Purpose and Meaning In Life: Living for What Matters Most Finding Purpose and Meaning In Life: Living for What Matters Most introduces learners to the core ideas, foundational methods, and practical applications of this subject through guided study and applied examples. Critical Thinking; Research; Communication Beginner University of Michigan","{'organization': 'University of Michigan', 'difficulty': 'Beginner', 'rating': 4.7, 'url': ''}"
course_0321,Fintech: Foundations & Applications of Financial Technology,"Fintech: Foundations & Applications of Financial Technology introduces learners to the core ideas, foundational methods, and practical applications of this subject through guided study and applied examples.",Critical Thinking; Research; Communication,Beginner,4.6,University of Pennsylvania,,"Fintech: Foundations & Applications of Financial Technology Fintech: Foundations & Applications of Financial Technology introduces learners to the core ideas, foundational methods, and practical applications of this subject through guided study and applied examples. Critical Thinking; Research; Communication Beginner University of Pennsylvania","{'organization': 'University of Pennsylvania', 'difficulty': 'Beginner', 'rating': 4.6, 'url': ''}"
course_0322,First Step Korean,"First Step Korean introduces learners to the core ideas, foundational methods, and practical applications of this subject through guided study and applied examples.",Critical Thinking; Research; Communication,Beginner,4.9,Yonsei University,,"First Step Korean First Step Korean introduces learners to the core ideas, foundational methods, and practical applications of this subject through guided study and applied examples. Critical Thinking; Research; Communication Beginner Yonsei University","{'organization': 'Yonsei University', 'difficulty': 'Beginner', 'rating': 4.9, 'url': ''}"
course_0323,Food & Beverage Management,"Food & Beverage Management introduces learners to the core ideas, foundational methods, and practical applications of this subject through guided study and applied examples.",Critical Thinking; Research; Communication,Intermediate,4.8,Universita Bocconi,,"Food & Beverage Management Food & Beverage Management introduces learners to the core ideas, foundational methods, and practical applications of this subject through guided study and applied examples. Critical Thinking; Research; Communication Intermediate Universita Bocconi","{'organization': 'Universita Bocconi', 'difficulty': 'Intermediate', 'rating': 4.8, 'url': ''}"
course_0324,Forensic Accounting and Fraud Examination,"Forensic Accounting and Fraud Examination introduces learners to the core ideas, foundational methods, and practical applications of this subject through guided study and applied examples.",Critical Thinking; Research; Communication,Intermediate,4.7,West Virginia University,,"Forensic Accounting and Fraud Examination Forensic Accounting and Fraud Examination introduces learners to the core ideas, foundational methods, and practical applications of this subject through guided study and applied examples. Critical Thinking; Research; Communication Intermediate West Virginia University","{'organization': 'West Virginia University', 'difficulty': 'Intermediate', 'rating': 4.7, 'url': ''}"
course_0325,Formulacion y evaluacion de proyectos complejos,"Formulacion y evaluacion de proyectos complejos introduces learners to the core ideas, foundational methods, and practical applications of this subject through guided study and applied examples.",Critical Thinking; Research; Communication,Intermediate,4.9,Universidad de los Andes,,"Formulacion y evaluacion de proyectos complejos Formulacion y evaluacion de proyectos complejos introduces learners to the core ideas, foundational methods, and practical applications of this subject through guided study and applied examples. Critical Thinking; Research; Communication Intermediate Universidad de los Andes","{'organization': 'Universidad de los Andes', 'difficulty': 'Intermediate', 'rating': 4.9, 'url': ''}"
course_0326,Foundational Finance for Strategic Decision Making,"Foundational Finance for Strategic Decision Making introduces learners to the core ideas, foundational methods, and practical applications of this subject through guided study and applied examples.",Critical Thinking; Research; Communication,Beginner,4.8,University of Michigan,,"Foundational Finance for Strategic Decision Making Foundational Finance for Strategic Decision Making introduces learners to the core ideas, foundational methods, and practical applications of this subject through guided study and applied examples. Critical Thinking; Research; Communication Beginner University of Michigan","{'organization': 'University of Michigan', 'difficulty': 'Beginner', 'rating': 4.8, 'url': ''}"
course_0327,Foundations of Business Strategy,"Foundations of Business Strategy introduces learners to the core ideas, foundational methods, and practical applications of this subject through guided study and applied examples.",Critical Thinking; Research; Communication,Beginner,4.8,University of Virginia,,"Foundations of Business Strategy Foundations of Business Strategy introduces learners to the core ideas, foundational methods, and practical applications of this subject through guided study and applied examples. Critical Thinking; Research; Communication Beginner University of Virginia","{'organization': 'University of Virginia', 'difficulty': 'Beginner', 'rating': 4.8, 'url': ''}"
course_0328,Foundations of Everyday Leadership,"Foundations of Everyday Leadership introduces learners to the core ideas, foundational methods, and practical applications of this subject through guided study and applied examples.",Critical Thinking; Research; Communication,Intermediate,4.8,University of Illinois at Urbana-Champaign,,"Foundations of Everyday Leadership Foundations of Everyday Leadership introduces learners to the core ideas, foundational methods, and practical applications of this subject through guided study and applied examples. Critical Thinking; Research; Communication Intermediate University of Illinois at Urbana-Champaign","{'organization': 'University of Illinois at Urbana-Champaign', 'difficulty': 'Intermediate', 'rating': 4.8, 'url': ''}"
course_0329,Foundations of Global Health,"Foundations of Global Health introduces learners to the core ideas, foundational methods, and practical applications of this subject through guided study and applied examples.",Critical Thinking; Research; Communication,Beginner,4.7,Johns Hopkins University,,"Foundations of Global Health Foundations of Global Health introduces learners to the core ideas, foundational methods, and practical applications of this subject through guided study and applied examples. Critical Thinking; Research; Communication Beginner Johns Hopkins University","{'organization': 'Johns Hopkins University', 'difficulty': 'Beginner', 'rating': 4.7, 'url': ''}"
course_0330,Foundations of Management,"Foundations of Management introduces learners to the core ideas, foundational methods, and practical applications of this subject through guided study and applied examples.",Critical Thinking; Research; Communication,Beginner,4.8,IESE Business School,,"Foundations of Management Foundations of Management introduces learners to the core ideas, foundational methods, and practical applications of this subject through guided study and applied examples. Critical Thinking; Research; Communication Beginner IESE Business School","{'organization': 'IESE Business School', 'difficulty': 'Beginner', 'rating': 4.8, 'url': ''}"
course_0331,Foundations of Marketing Analytics,"Foundations of Marketing Analytics introduces learners to the foundations of data analysis, statistical reasoning, and practical decision-making using real-world data examples.",Data Analysis; Statistics,Intermediate,4.2,Emory University,,"Foundations of Marketing Analytics Foundations of Marketing Analytics introduces learners to the foundations of data analysis, statistical reasoning, and practical decision-making using real-world data examples. Data Analysis; Statistics Intermediate Emory University","{'organization': 'Emory University', 'difficulty': 'Intermediate', 'rating': 4.2, 'url': ''}"
course_0332,Foundations of Positive Psychology,"Foundations of Positive Psychology introduces learners to the core ideas, foundational methods, and practical applications of this subject through guided study and applied examples.",Critical Thinking; Research; Communication,Beginner,4.8,University of Pennsylvania,,"Foundations of Positive Psychology Foundations of Positive Psychology introduces learners to the core ideas, foundational methods, and practical applications of this subject through guided study and applied examples. Critical Thinking; Research; Communication Beginner University of Pennsylvania","{'organization': 'University of Pennsylvania', 'difficulty': 'Beginner', 'rating': 4.8, 'url': ''}"
course_0333,Foundations of Public Health Practice,"Foundations of Public Health Practice introduces learners to the core ideas, foundational methods, and practical applications of this subject through guided study and applied examples.",Critical Thinking; Research; Communication,Beginner,4.8,Imperial College London,,"Foundations of Public Health Practice Foundations of Public Health Practice introduces learners to the core ideas, foundational methods, and practical applications of this subject through guided study and applied examples. Critical Thinking; Research; Communication Beginner Imperial College London","{'organization': 'Imperial College London', 'difficulty': 'Beginner', 'rating': 4.8, 'url': ''}"
course_0334,From Data to Insights with Google Cloud Platform,"From Data to Insights with Google Cloud Platform covers the core ideas behind cloud-native systems, security principles, and the practical systems thinking needed to build and maintain modern digital services.",Cloud Computing; Security Fundamentals,Beginner,4.6,Google Cloud,,"From Data to Insights with Google Cloud Platform From Data to Insights with Google Cloud Platform covers the core ideas behind cloud-native systems, security principles, and the practical systems thinking needed to build and maintain modern digital services. Cloud Computing; Security Fundamentals Beginner Google Cloud","{'organization': 'Google Cloud', 'difficulty': 'Beginner', 'rating': 4.6, 'url': ''}"
course_0335,From the Big Bang to Dark Energy,"From the Big Bang to Dark Energy introduces learners to the core ideas, foundational methods, and practical applications of this subject through guided study and applied examples.",Critical Thinking; Research; Communication,Beginner,4.8,The University of Tokyo,,"From the Big Bang to Dark Energy From the Big Bang to Dark Energy introduces learners to the core ideas, foundational methods, and practical applications of this subject through guided study and applied examples. Critical Thinking; Research; Communication Beginner The University of Tokyo","{'organization': 'The University of Tokyo', 'difficulty': 'Beginner', 'rating': 4.8, 'url': ''}"
course_0336,Front-End Web Development with React,"Front-End Web Development with React introduces learners to the core ideas, foundational methods, and practical applications of this subject through guided study and applied examples.",Web Development; JavaScript,Intermediate,4.7,The Hong Kong University of Science and Technology,,"Front-End Web Development with React Front-End Web Development with React introduces learners to the core ideas, foundational methods, and practical applications of this subject through guided study and applied examples. Web Development; JavaScript Intermediate The Hong Kong University of Science and Technology","{'organization': 'The Hong Kong University of Science and Technology', 'difficulty': 'Intermediate', 'rating': 4.7, 'url': ''}"
course_0337,Front-End Web UI Frameworks and Tools: Bootstrap 4,"Front-End Web UI Frameworks and Tools: Bootstrap 4 introduces learners to the core ideas, foundational methods, and practical applications of this subject through guided study and applied examples.",Web Development; JavaScript,Intermediate,4.8,The Hong Kong University of Science and Technology,,"Front-End Web UI Frameworks and Tools: Bootstrap 4 Front-End Web UI Frameworks and Tools: Bootstrap 4 introduces learners to the core ideas, foundational methods, and practical applications of this subject through guided study and applied examples. Web Development; JavaScript Intermediate The Hong Kong University of Science and Technology","{'organization': 'The Hong Kong University of Science and Technology', 'difficulty': 'Intermediate', 'rating': 4.8, 'url': ''}"
course_0338,Full Stack Web and Multiplatform Mobile App Development,"Full Stack Web and Multiplatform Mobile App Development introduces learners to the core ideas, foundational methods, and practical applications of this subject through guided study and applied examples.",Web Development; JavaScript,Intermediate,4.7,The Hong Kong University of Science and Technology,,"Full Stack Web and Multiplatform Mobile App Development Full Stack Web and Multiplatform Mobile App Development introduces learners to the core ideas, foundational methods, and practical applications of this subject through guided study and applied examples. Web Development; JavaScript Intermediate The Hong Kong University of Science and Technology","{'organization': 'The Hong Kong University of Science and Technology', 'difficulty': 'Intermediate', 'rating': 4.7, 'url': ''}"
course_0339,Full-Stack Web Development with React,"Full-Stack Web Development with React introduces learners to the core ideas, foundational methods, and practical applications of this subject through guided study and applied examples.",Web Development; JavaScript,Intermediate,4.7,The Hong Kong University of Science and Technology,,"Full-Stack Web Development with React Full-Stack Web Development with React introduces learners to the core ideas, foundational methods, and practical applications of this subject through guided study and applied examples. Web Development; JavaScript Intermediate The Hong Kong University of Science and Technology","{'organization': 'The Hong Kong University of Science and Technology', 'difficulty': 'Intermediate', 'rating': 4.7, 'url': ''}"
course_0340,Functional Programming Principles in Scala,"Functional Programming Principles in Scala guides learners through software engineering patterns, algorithmic problem solving, and effective coding practices.",Programming,Intermediate,4.8,Ecole Polytechnique Federale de Lausanne,,"Functional Programming Principles in Scala Functional Programming Principles in Scala guides learners through software engineering patterns, algorithmic problem solving, and effective coding practices. Programming Intermediate Ecole Polytechnique Federale de Lausanne","{'organization': 'Ecole Polytechnique Federale de Lausanne', 'difficulty': 'Intermediate', 'rating': 4.8, 'url': ''}"
course_0341,Functional Programming in Scala,"Functional Programming in Scala guides learners through software engineering patterns, algorithmic problem solving, and effective coding practices.",Programming,Intermediate,4.7,Ecole Polytechnique Federale de Lausanne,,"Functional Programming in Scala Functional Programming in Scala guides learners through software engineering patterns, algorithmic problem solving, and effective coding practices. Programming Intermediate Ecole Polytechnique Federale de Lausanne","{'organization': 'Ecole Polytechnique Federale de Lausanne', 'difficulty': 'Intermediate', 'rating': 4.7, 'url': ''}"
course_0342,Fundamental Neuroscience for Neuroimaging,"Fundamental Neuroscience for Neuroimaging introduces learners to the core ideas, foundational methods, and practical applications of this subject through guided study and applied examples.",Critical Thinking; Research; Communication,Beginner,4.6,Johns Hopkins University,,"Fundamental Neuroscience for Neuroimaging Fundamental Neuroscience for Neuroimaging introduces learners to the core ideas, foundational methods, and practical applications of this subject through guided study and applied examples. Critical Thinking; Research; Communication Beginner Johns Hopkins University","{'organization': 'Johns Hopkins University', 'difficulty': 'Beginner', 'rating': 4.6, 'url': ''}"
course_0343,Fundamentals of Accounting,"Fundamentals of Accounting introduces learners to the core ideas, foundational methods, and practical applications of this subject through guided study and applied examples.",Critical Thinking; Research; Communication,Beginner,4.6,University of Illinois at Urbana-Champaign,,"Fundamentals of Accounting Fundamentals of Accounting introduces learners to the core ideas, foundational methods, and practical applications of this subject through guided study and applied examples. Critical Thinking; Research; Communication Beginner University of Illinois at Urbana-Champaign","{'organization': 'University of Illinois at Urbana-Champaign', 'difficulty': 'Beginner', 'rating': 4.6, 'url': ''}"
course_0344,Fundamentals of Computing,"Fundamentals of Computing introduces learners to the core ideas, foundational methods, and practical applications of this subject through guided study and applied examples.",Critical Thinking; Research; Communication,Beginner,4.8,Rice University,,"Fundamentals of Computing Fundamentals of Computing introduces learners to the core ideas, foundational methods, and practical applications of this subject through guided study and applied examples. Critical Thinking; Research; Communication Beginner Rice University","{'organization': 'Rice University', 'difficulty': 'Beginner', 'rating': 4.8, 'url': ''}"
course_0345,Fundamentals of Engineering Exam Review,"Fundamentals of Engineering Exam Review introduces learners to the core ideas, foundational methods, and practical applications of this subject through guided study and applied examples.",Critical Thinking; Research; Communication,Intermediate,4.7,Georgia Institute of Technology,,"Fundamentals of Engineering Exam Review Fundamentals of Engineering Exam Review introduces learners to the core ideas, foundational methods, and practical applications of this subject through guided study and applied examples. Critical Thinking; Research; Communication Intermediate Georgia Institute of Technology","{'organization': 'Georgia Institute of Technology', 'difficulty': 'Intermediate', 'rating': 4.7, 'url': ''}"
course_0346,Fundamentals of GIS,"Fundamentals of GIS introduces learners to the core ideas, foundational methods, and practical applications of this subject through guided study and applied examples.",Critical Thinking; Research; Communication,Beginner,4.8,"University of California, Davis",,"Fundamentals of GIS Fundamentals of GIS introduces learners to the core ideas, foundational methods, and practical applications of this subject through guided study and applied examples. Critical Thinking; Research; Communication Beginner University of California, Davis","{'organization': 'University of California, Davis', 'difficulty': 'Beginner', 'rating': 4.8, 'url': ''}"
course_0347,Fundamentals of Graphic Design,"Fundamentals of Graphic Design introduces learners to the core ideas, foundational methods, and practical applications of this subject through guided study and applied examples.",Critical Thinking; Research; Communication,Beginner,4.8,California Institute of the Arts,,"Fundamentals of Graphic Design Fundamentals of Graphic Design introduces learners to the core ideas, foundational methods, and practical applications of this subject through guided study and applied examples. Critical Thinking; Research; Communication Beginner California Institute of the Arts","{'organization': 'California Institute of the Arts', 'difficulty': 'Beginner', 'rating': 4.8, 'url': ''}"
course_0348,Fundamentals of Immunology,"Fundamentals of Immunology introduces learners to the core ideas, foundational methods, and practical applications of this subject through guided study and applied examples.",Critical Thinking; Research; Communication,Intermediate,4.7,Rice University,,"Fundamentals of Immunology Fundamentals of Immunology introduces learners to the core ideas, foundational methods, and practical applications of this subject through guided study and applied examples. Critical Thinking; Research; Communication Intermediate Rice University","{'organization': 'Rice University', 'difficulty': 'Intermediate', 'rating': 4.7, 'url': ''}"
course_0349,Fundamentals of Immunology: Innate Immunity and B-Cell Function,"Fundamentals of Immunology: Innate Immunity and B-Cell Function introduces learners to the core ideas, foundational methods, and practical applications of this subject through guided study and applied examples.",Critical Thinking; Research; Communication,Intermediate,4.7,Rice University,,"Fundamentals of Immunology: Innate Immunity and B-Cell Function Fundamentals of Immunology: Innate Immunity and B-Cell Function introduces learners to the core ideas, foundational methods, and practical applications of this subject through guided study and applied examples. Critical Thinking; Research; Communication Intermediate Rice University","{'organization': 'Rice University', 'difficulty': 'Intermediate', 'rating': 4.7, 'url': ''}"
course_0350,Fundamentals of Music Theory,"Fundamentals of Music Theory introduces learners to the core ideas, foundational methods, and practical applications of this subject through guided study and applied examples.",Critical Thinking; Research; Communication,Beginner,4.6,The University of Edinburgh,,"Fundamentals of Music Theory Fundamentals of Music Theory introduces learners to the core ideas, foundational methods, and practical applications of this subject through guided study and applied examples. Critical Thinking; Research; Communication Beginner The University of Edinburgh","{'organization': 'The University of Edinburgh', 'difficulty': 'Beginner', 'rating': 4.6, 'url': ''}"
course_0351,Fundamentals of Project Planning and Management,"Fundamentals of Project Planning and Management introduces learners to the core ideas, foundational methods, and practical applications of this subject through guided study and applied examples.",Critical Thinking; Research; Communication,Beginner,4.7,University of Virginia,,"Fundamentals of Project Planning and Management Fundamentals of Project Planning and Management introduces learners to the core ideas, foundational methods, and practical applications of this subject through guided study and applied examples. Critical Thinking; Research; Communication Beginner University of Virginia","{'organization': 'University of Virginia', 'difficulty': 'Beginner', 'rating': 4.7, 'url': ''}"
course_0352,Fundamentals of Quantitative Modeling,"Fundamentals of Quantitative Modeling introduces learners to the core ideas, foundational methods, and practical applications of this subject through guided study and applied examples.",Critical Thinking; Research; Communication,Intermediate,4.6,University of Pennsylvania,,"Fundamentals of Quantitative Modeling Fundamentals of Quantitative Modeling introduces learners to the core ideas, foundational methods, and practical applications of this subject through guided study and applied examples. Critical Thinking; Research; Communication Intermediate University of Pennsylvania","{'organization': 'University of Pennsylvania', 'difficulty': 'Intermediate', 'rating': 4.6, 'url': ''}"
course_0353,Fundamentals of Reinforcement Learning,"Fundamentals of Reinforcement Learning introduces learners to the core ideas, foundational methods, and practical applications of this subject through guided study and applied examples.",Critical Thinking; Research; Communication,Intermediate,4.8,University of Alberta,,"Fundamentals of Reinforcement Learning Fundamentals of Reinforcement Learning introduces learners to the core ideas, foundational methods, and practical applications of this subject through guided study and applied examples. Critical Thinking; Research; Communication Intermediate University of Alberta","{'organization': 'University of Alberta', 'difficulty': 'Intermediate', 'rating': 4.8, 'url': ''}"
course_0354,Fundamentals of Visualization with Tableau,"Fundamentals of Visualization with Tableau introduces learners to the core ideas, foundational methods, and practical applications of this subject through guided study and applied examples.",Critical Thinking; Research; Communication,Beginner,4.5,"University of California, Davis",,"Fundamentals of Visualization with Tableau Fundamentals of Visualization with Tableau introduces learners to the core ideas, foundational methods, and practical applications of this subject through guided study and applied examples. Critical Thinking; Research; Communication Beginner University of California, Davis","{'organization': 'University of California, Davis', 'difficulty': 'Beginner', 'rating': 4.5, 'url': ''}"
course_0355,Fundamentos Empresariales,"Fundamentos Empresariales introduces learners to the core ideas, foundational methods, and practical applications of this subject through guided study and applied examples.",Critical Thinking; Research; Communication,Beginner,4.6,University of Pennsylvania,,"Fundamentos Empresariales Fundamentos Empresariales introduces learners to the core ideas, foundational methods, and practical applications of this subject through guided study and applied examples. Critical Thinking; Research; Communication Beginner University of Pennsylvania","{'organization': 'University of Pennsylvania', 'difficulty': 'Beginner', 'rating': 4.6, 'url': ''}"
course_0356,Fundamentos Estrategicos Empresariales,"Fundamentos Estrategicos Empresariales introduces learners to the core ideas, foundational methods, and practical applications of this subject through guided study and applied examples.",Critical Thinking; Research; Communication,Beginner,4.6,Universidad Nacional Autonoma de Mexico,,"Fundamentos Estrategicos Empresariales Fundamentos Estrategicos Empresariales introduces learners to the core ideas, foundational methods, and practical applications of this subject through guided study and applied examples. Critical Thinking; Research; Communication Beginner Universidad Nacional Autonoma de Mexico","{'organization': 'Universidad Nacional Autonoma de Mexico', 'difficulty': 'Beginner', 'rating': 4.6, 'url': ''}"
course_0357,Fundamentos de Excel para Negocios,"Fundamentos de Excel para Negocios introduces learners to the core ideas, foundational methods, and practical applications of this subject through guided study and applied examples.",Critical Thinking; Research; Communication,Beginner,4.7,Universidad Austral,,"Fundamentos de Excel para Negocios Fundamentos de Excel para Negocios introduces learners to the core ideas, foundational methods, and practical applications of this subject through guided study and applied examples. Critical Thinking; Research; Communication Beginner Universidad Austral","{'organization': 'Universidad Austral', 'difficulty': 'Beginner', 'rating': 4.7, 'url': ''}"
course_0358,Fundamentos de Finanzas Empresariales,"Fundamentos de Finanzas Empresariales introduces learners to the core ideas, foundational methods, and practical applications of this subject through guided study and applied examples.",Critical Thinking; Research; Communication,Beginner,4.8,Universidad de los Andes,,"Fundamentos de Finanzas Empresariales Fundamentos de Finanzas Empresariales introduces learners to the core ideas, foundational methods, and practical applications of this subject through guided study and applied examples. Critical Thinking; Research; Communication Beginner Universidad de los Andes","{'organization': 'Universidad de los Andes', 'difficulty': 'Beginner', 'rating': 4.8, 'url': ''}"
course_0359,Fundamentos de la escritura,"Fundamentos de la escritura introduces learners to the core ideas, foundational methods, and practical applications of this subject through guided study and applied examples.",Critical Thinking; Research; Communication,Beginner,4.6,Tecnologico de Monterrey,,"Fundamentos de la escritura Fundamentos de la escritura introduces learners to the core ideas, foundational methods, and practical applications of this subject through guided study and applied examples. Critical Thinking; Research; Communication Beginner Tecnologico de Monterrey","{'organization': 'Tecnologico de Monterrey', 'difficulty': 'Beginner', 'rating': 4.6, 'url': ''}"
course_0360,Fundraising and Development,"Fundraising and Development helps learners understand core concepts, algorithms, and applications used in modern machine learning and intelligent systems.",Artificial Intelligence,Beginner,4.6,"University of California, Davis",,"Fundraising and Development Fundraising and Development helps learners understand core concepts, algorithms, and applications used in modern machine learning and intelligent systems. Artificial Intelligence Beginner University of California, Davis","{'organization': 'University of California, Davis', 'difficulty': 'Beginner', 'rating': 4.6, 'url': ''}"
course_0361,Futures Thinking,"Futures Thinking introduces learners to the core ideas, foundational methods, and practical applications of this subject through guided study and applied examples.",Critical Thinking; Research; Communication,Beginner,4.8,Institute for the Future,,"Futures Thinking Futures Thinking introduces learners to the core ideas, foundational methods, and practical applications of this subject through guided study and applied examples. Critical Thinking; Research; Communication Beginner Institute for the Future","{'organization': 'Institute for the Future', 'difficulty': 'Beginner', 'rating': 4.8, 'url': ''}"
course_0362,G Suite Administration,"G Suite Administration introduces learners to the core ideas, foundational methods, and practical applications of this subject through guided study and applied examples.",Critical Thinking; Research; Communication,Beginner,4.7,Google Cloud,,"G Suite Administration G Suite Administration introduces learners to the core ideas, foundational methods, and practical applications of this subject through guided study and applied examples. Critical Thinking; Research; Communication Beginner Google Cloud","{'organization': 'Google Cloud', 'difficulty': 'Beginner', 'rating': 4.7, 'url': ''}"
course_0363,"GIS, Mapping, and Spatial Analysis","GIS, Mapping, and Spatial Analysis introduces learners to the core ideas, foundational methods, and practical applications of this subject through guided study and applied examples.",Critical Thinking; Research; Communication,Beginner,4.8,University of Toronto,,"GIS, Mapping, and Spatial Analysis GIS, Mapping, and Spatial Analysis introduces learners to the core ideas, foundational methods, and practical applications of this subject through guided study and applied examples. Critical Thinking; Research; Communication Beginner University of Toronto","{'organization': 'University of Toronto', 'difficulty': 'Beginner', 'rating': 4.8, 'url': ''}"
course_0364,Game Design and Development,"Game Design and Development introduces learners to the core ideas, foundational methods, and practical applications of this subject through guided study and applied examples.",Critical Thinking; Research; Communication,Intermediate,4.7,Michigan State University,,"Game Design and Development Game Design and Development introduces learners to the core ideas, foundational methods, and practical applications of this subject through guided study and applied examples. Critical Thinking; Research; Communication Intermediate Michigan State University","{'organization': 'Michigan State University', 'difficulty': 'Intermediate', 'rating': 4.7, 'url': ''}"
course_0365,Game Theory,"Game Theory introduces learners to the core ideas, foundational methods, and practical applications of this subject through guided study and applied examples.",Critical Thinking; Research; Communication,Beginner,4.6,Stanford University,,"Game Theory Game Theory introduces learners to the core ideas, foundational methods, and practical applications of this subject through guided study and applied examples. Critical Thinking; Research; Communication Beginner Stanford University","{'organization': 'Stanford University', 'difficulty': 'Beginner', 'rating': 4.6, 'url': ''}"
course_0366,Gamification,"Gamification introduces learners to the core ideas, foundational methods, and practical applications of this subject through guided study and applied examples.",Critical Thinking; Research; Communication,Intermediate,4.8,University of Pennsylvania,,"Gamification Gamification introduces learners to the core ideas, foundational methods, and practical applications of this subject through guided study and applied examples. Critical Thinking; Research; Communication Intermediate University of Pennsylvania","{'organization': 'University of Pennsylvania', 'difficulty': 'Intermediate', 'rating': 4.8, 'url': ''}"
course_0367,Gender and Sexuality: Diversity and Inclusion in the Workplace,"Gender and Sexuality: Diversity and Inclusion in the Workplace introduces learners to the core ideas, foundational methods, and practical applications of this subject through guided study and applied examples.",Critical Thinking; Research; Communication,Beginner,4.7,University of Pittsburgh,,"Gender and Sexuality: Diversity and Inclusion in the Workplace Gender and Sexuality: Diversity and Inclusion in the Workplace introduces learners to the core ideas, foundational methods, and practical applications of this subject through guided study and applied examples. Critical Thinking; Research; Communication Beginner University of Pittsburgh","{'organization': 'University of Pittsburgh', 'difficulty': 'Beginner', 'rating': 4.7, 'url': ''}"
course_0368,Genomic Data Science,"Genomic Data Science introduces learners to the foundations of data analysis, statistical reasoning, and practical decision-making using real-world data examples.",Data Analysis; Statistics; Python,Intermediate,4.4,Johns Hopkins University,,"Genomic Data Science Genomic Data Science introduces learners to the foundations of data analysis, statistical reasoning, and practical decision-making using real-world data examples. Data Analysis; Statistics; Python Intermediate Johns Hopkins University","{'organization': 'Johns Hopkins University', 'difficulty': 'Intermediate', 'rating': 4.4, 'url': ''}"
course_0369,Geographic Information Systems (GIS),"Geographic Information Systems (GIS) introduces learners to the core ideas, foundational methods, and practical applications of this subject through guided study and applied examples.",Critical Thinking; Research; Communication,Beginner,4.8,"University of California, Davis",,"Geographic Information Systems (GIS) Geographic Information Systems (GIS) introduces learners to the core ideas, foundational methods, and practical applications of this subject through guided study and applied examples. Critical Thinking; Research; Communication Beginner University of California, Davis","{'organization': 'University of California, Davis', 'difficulty': 'Beginner', 'rating': 4.8, 'url': ''}"
course_0370,Geopolitics of Europe,"Geopolitics of Europe introduces learners to the core ideas, foundational methods, and practical applications of this subject through guided study and applied examples.",Critical Thinking; Research; Communication,Intermediate,4.3,Sciences Po,,"Geopolitics of Europe Geopolitics of Europe introduces learners to the core ideas, foundational methods, and practical applications of this subject through guided study and applied examples. Critical Thinking; Research; Communication Intermediate Sciences Po","{'organization': 'Sciences Po', 'difficulty': 'Intermediate', 'rating': 4.3, 'url': ''}"
course_0371,Geopolitica y gobernanza global: riesgos y oportunidades,"Geopolitica y gobernanza global: riesgos y oportunidades introduces learners to the core ideas, foundational methods, and practical applications of this subject through guided study and applied examples.",Critical Thinking; Research; Communication,Intermediate,4.8,ESADE Business and Law School,,"Geopolitica y gobernanza global: riesgos y oportunidades Geopolitica y gobernanza global: riesgos y oportunidades introduces learners to the core ideas, foundational methods, and practical applications of this subject through guided study and applied examples. Critical Thinking; Research; Communication Intermediate ESADE Business and Law School","{'organization': 'ESADE Business and Law School', 'difficulty': 'Intermediate', 'rating': 4.8, 'url': ''}"
course_0372,Gestion de organizaciones efectivas,"Gestion de organizaciones efectivas introduces learners to the core ideas, foundational methods, and practical applications of this subject through guided study and applied examples.",Critical Thinking; Research; Communication,Intermediate,4.7,Pontificia Universidad Catolica de Chile,,"Gestion de organizaciones efectivas Gestion de organizaciones efectivas introduces learners to the core ideas, foundational methods, and practical applications of this subject through guided study and applied examples. Critical Thinking; Research; Communication Intermediate Pontificia Universidad Catolica de Chile","{'organization': 'Pontificia Universidad Catolica de Chile', 'difficulty': 'Intermediate', 'rating': 4.7, 'url': ''}"
course_0373,Get Interactive: Practical Teaching with Technology,"Get Interactive: Practical Teaching with Technology introduces learners to the core ideas, foundational methods, and practical applications of this subject through guided study and applied examples.",Critical Thinking; Research; Communication,Beginner,4.7,Bloomsbury Learning Exchange,,"Get Interactive: Practical Teaching with Technology Get Interactive: Practical Teaching with Technology introduces learners to the core ideas, foundational methods, and practical applications of this subject through guided study and applied examples. Critical Thinking; Research; Communication Beginner Bloomsbury Learning Exchange","{'organization': 'Bloomsbury Learning Exchange', 'difficulty': 'Beginner', 'rating': 4.7, 'url': ''}"
course_0374,Getting Started With Music Theory,"Getting Started With Music Theory introduces learners to the core ideas, foundational methods, and practical applications of this subject through guided study and applied examples.",Critical Thinking; Research; Communication,Beginner,4.5,Michigan State University,,"Getting Started With Music Theory Getting Started With Music Theory introduces learners to the core ideas, foundational methods, and practical applications of this subject through guided study and applied examples. Critical Thinking; Research; Communication Beginner Michigan State University","{'organization': 'Michigan State University', 'difficulty': 'Beginner', 'rating': 4.5, 'url': ''}"
course_0375,Getting Started with AWS Machine Learning,"Getting Started with AWS Machine Learning helps learners understand core concepts, algorithms, and applications used in modern machine learning and intelligent systems.",Machine Learning; Cloud Computing; AWS,Intermediate,4.5,Amazon Web Services,,"Getting Started with AWS Machine Learning Getting Started with AWS Machine Learning helps learners understand core concepts, algorithms, and applications used in modern machine learning and intelligent systems. Machine Learning; Cloud Computing; AWS Intermediate Amazon Web Services","{'organization': 'Amazon Web Services', 'difficulty': 'Intermediate', 'rating': 4.5, 'url': ''}"
course_0376,Getting Started with Go,"Getting Started with Go introduces learners to the core ideas, foundational methods, and practical applications of this subject through guided study and applied examples.",Critical Thinking; Research; Communication,Intermediate,4.6,"University of California, Irvine",,"Getting Started with Go Getting Started with Go introduces learners to the core ideas, foundational methods, and practical applications of this subject through guided study and applied examples. Critical Thinking; Research; Communication Intermediate University of California, Irvine","{'organization': 'University of California, Irvine', 'difficulty': 'Intermediate', 'rating': 4.6, 'url': ''}"
course_0377,Getting Started with Google Kubernetes Engine,"Getting Started with Google Kubernetes Engine introduces learners to the core ideas, foundational methods, and practical applications of this subject through guided study and applied examples.",Kubernetes; Cloud Computing,Intermediate,4.5,Google Cloud,,"Getting Started with Google Kubernetes Engine Getting Started with Google Kubernetes Engine introduces learners to the core ideas, foundational methods, and practical applications of this subject through guided study and applied examples. Kubernetes; Cloud Computing Intermediate Google Cloud","{'organization': 'Google Cloud', 'difficulty': 'Intermediate', 'rating': 4.5, 'url': ''}"
course_0378,Getting Started with Google Sheets,"Getting Started with Google Sheets introduces learners to the core ideas, foundational methods, and practical applications of this subject through guided study and applied examples.",Critical Thinking; Research; Communication,Beginner,4.6,Google Cloud,,"Getting Started with Google Sheets Getting Started with Google Sheets introduces learners to the core ideas, foundational methods, and practical applications of this subject through guided study and applied examples. Critical Thinking; Research; Communication Beginner Google Cloud","{'organization': 'Google Cloud', 'difficulty': 'Beginner', 'rating': 4.6, 'url': ''}"
course_0379,Getting Started with SAS Programming,"Getting Started with SAS Programming guides learners through software engineering patterns, algorithmic problem solving, and effective coding practices.",Programming,Beginner,4.9,SAS,,"Getting Started with SAS Programming Getting Started with SAS Programming guides learners through software engineering patterns, algorithmic problem solving, and effective coding practices. Programming Beginner SAS","{'organization': 'SAS', 'difficulty': 'Beginner', 'rating': 4.9, 'url': ''}"
course_0380,Global Diplomacy Diplomacy in the Modern World,"Global Diplomacy Diplomacy in the Modern World introduces learners to the core ideas, foundational methods, and practical applications of this subject through guided study and applied examples.",Critical Thinking; Research; Communication,Intermediate,4.6,SOAS University of London,,"Global Diplomacy Diplomacy in the Modern World Global Diplomacy Diplomacy in the Modern World introduces learners to the core ideas, foundational methods, and practical applications of this subject through guided study and applied examples. Critical Thinking; Research; Communication Intermediate SOAS University of London","{'organization': 'SOAS University of London', 'difficulty': 'Intermediate', 'rating': 4.6, 'url': ''}"
course_0381,Global Diplomacy: the United Nations in the World,"Global Diplomacy: the United Nations in the World introduces learners to the core ideas, foundational methods, and practical applications of this subject through guided study and applied examples.",Critical Thinking; Research; Communication,Beginner,4.7,SOAS University of London,,"Global Diplomacy: the United Nations in the World Global Diplomacy: the United Nations in the World introduces learners to the core ideas, foundational methods, and practical applications of this subject through guided study and applied examples. Critical Thinking; Research; Communication Beginner SOAS University of London","{'organization': 'SOAS University of London', 'difficulty': 'Beginner', 'rating': 4.7, 'url': ''}"
course_0382,Global Energy and Climate Policy,"Global Energy and Climate Policy introduces learners to the core ideas, foundational methods, and practical applications of this subject through guided study and applied examples.",Critical Thinking; Research; Communication,Beginner,4.5,SOAS University of London,,"Global Energy and Climate Policy Global Energy and Climate Policy introduces learners to the core ideas, foundational methods, and practical applications of this subject through guided study and applied examples. Critical Thinking; Research; Communication Beginner SOAS University of London","{'organization': 'SOAS University of London', 'difficulty': 'Beginner', 'rating': 4.5, 'url': ''}"
course_0383,Global Environmental Management,"Global Environmental Management introduces learners to the core ideas, foundational methods, and practical applications of this subject through guided study and applied examples.",Critical Thinking; Research; Communication,Intermediate,4.6,Technical University of Denmark (DTU),,"Global Environmental Management Global Environmental Management introduces learners to the core ideas, foundational methods, and practical applications of this subject through guided study and applied examples. Critical Thinking; Research; Communication Intermediate Technical University of Denmark (DTU)","{'organization': 'Technical University of Denmark (DTU)', 'difficulty': 'Intermediate', 'rating': 4.6, 'url': ''}"
course_0384,Global Financial Markets and Instruments,"Global Financial Markets and Instruments introduces learners to the core ideas, foundational methods, and practical applications of this subject through guided study and applied examples.",Critical Thinking; Research; Communication,Intermediate,4.6,Rice University,,"Global Financial Markets and Instruments Global Financial Markets and Instruments introduces learners to the core ideas, foundational methods, and practical applications of this subject through guided study and applied examples. Critical Thinking; Research; Communication Intermediate Rice University","{'organization': 'Rice University', 'difficulty': 'Intermediate', 'rating': 4.6, 'url': ''}"
course_0385,Global Financing Solutions (by EDHEC and Societe Generale),"Global Financing Solutions (by EDHEC and Societe Generale) introduces learners to the core ideas, foundational methods, and practical applications of this subject through guided study and applied examples.",Critical Thinking; Research; Communication,Intermediate,4.6,EDHEC Business School,,"Global Financing Solutions (by EDHEC and Societe Generale) Global Financing Solutions (by EDHEC and Societe Generale) introduces learners to the core ideas, foundational methods, and practical applications of this subject through guided study and applied examples. Critical Thinking; Research; Communication Intermediate EDHEC Business School","{'organization': 'EDHEC Business School', 'difficulty': 'Intermediate', 'rating': 4.6, 'url': ''}"
course_0386,Global Trends for Business and Society,"Global Trends for Business and Society introduces learners to the core ideas, foundational methods, and practical applications of this subject through guided study and applied examples.",Critical Thinking; Research; Communication,Intermediate,4.8,University of Pennsylvania,,"Global Trends for Business and Society Global Trends for Business and Society introduces learners to the core ideas, foundational methods, and practical applications of this subject through guided study and applied examples. Critical Thinking; Research; Communication Intermediate University of Pennsylvania","{'organization': 'University of Pennsylvania', 'difficulty': 'Intermediate', 'rating': 4.8, 'url': ''}"
course_0387,"Globalization, Economic Growth and Stability","Globalization, Economic Growth and Stability introduces learners to the core ideas, foundational methods, and practical applications of this subject through guided study and applied examples.",Critical Thinking; Research; Communication,Intermediate,4.8,IE Business School,,"Globalization, Economic Growth and Stability Globalization, Economic Growth and Stability introduces learners to the core ideas, foundational methods, and practical applications of this subject through guided study and applied examples. Critical Thinking; Research; Communication Intermediate IE Business School","{'organization': 'IE Business School', 'difficulty': 'Intermediate', 'rating': 4.8, 'url': ''}"
course_0388,Good with Words: Writing and Editing,"Good with Words: Writing and Editing introduces learners to the core ideas, foundational methods, and practical applications of this subject through guided study and applied examples.",Critical Thinking; Research; Communication,Beginner,4.6,University of Michigan,,"Good with Words: Writing and Editing Good with Words: Writing and Editing introduces learners to the core ideas, foundational methods, and practical applications of this subject through guided study and applied examples. Critical Thinking; Research; Communication Beginner University of Michigan","{'organization': 'University of Michigan', 'difficulty': 'Beginner', 'rating': 4.6, 'url': ''}"
course_0389,Google Cloud Platform Big Data and Machine Learning Fundamentals,"Google Cloud Platform Big Data and Machine Learning Fundamentals helps learners understand core concepts, algorithms, and applications used in modern machine learning and intelligent systems.",Machine Learning; Cloud Computing; Security Fundamentals,Intermediate,4.6,Google Cloud,,"Google Cloud Platform Big Data and Machine Learning Fundamentals Google Cloud Platform Big Data and Machine Learning Fundamentals helps learners understand core concepts, algorithms, and applications used in modern machine learning and intelligent systems. Machine Learning; Cloud Computing; Security Fundamentals Intermediate Google Cloud","{'organization': 'Google Cloud', 'difficulty': 'Intermediate', 'rating': 4.6, 'url': ''}"
course_0390,Google Cloud Platform Fundamentals for AWS Professionals,"Google Cloud Platform Fundamentals for AWS Professionals covers the core ideas behind cloud-native systems, security principles, and the practical systems thinking needed to build and maintain modern digital services.",Cloud Computing; Security Fundamentals; AWS,Intermediate,4.7,Google Cloud,,"Google Cloud Platform Fundamentals for AWS Professionals Google Cloud Platform Fundamentals for AWS Professionals covers the core ideas behind cloud-native systems, security principles, and the practical systems thinking needed to build and maintain modern digital services. Cloud Computing; Security Fundamentals; AWS Intermediate Google Cloud","{'organization': 'Google Cloud', 'difficulty': 'Intermediate', 'rating': 4.7, 'url': ''}"
course_0391,Google IT Automation with Python,"Google IT Automation with Python introduces learners to the core ideas, foundational methods, and practical applications of this subject through guided study and applied examples.",Python,Beginner,4.7,Google,,"Google IT Automation with Python Google IT Automation with Python introduces learners to the core ideas, foundational methods, and practical applications of this subject through guided study and applied examples. Python Beginner Google","{'organization': 'Google', 'difficulty': 'Beginner', 'rating': 4.7, 'url': ''}"
course_0392,Google IT Support,"Google IT Support introduces learners to the core ideas, foundational methods, and practical applications of this subject through guided study and applied examples.",Critical Thinking; Research; Communication,Beginner,4.8,Google,,"Google IT Support Google IT Support introduces learners to the core ideas, foundational methods, and practical applications of this subject through guided study and applied examples. Critical Thinking; Research; Communication Beginner Google","{'organization': 'Google', 'difficulty': 'Beginner', 'rating': 4.8, 'url': ''}"
course_0393,Grammar and Punctuation,"Grammar and Punctuation introduces learners to the core ideas, foundational methods, and practical applications of this subject through guided study and applied examples.",Critical Thinking; Research; Communication,Intermediate,4.7,"University of California, Irvine",,"Grammar and Punctuation Grammar and Punctuation introduces learners to the core ideas, foundational methods, and practical applications of this subject through guided study and applied examples. Critical Thinking; Research; Communication Intermediate University of California, Irvine","{'organization': 'University of California, Irvine', 'difficulty': 'Intermediate', 'rating': 4.7, 'url': ''}"
course_0394,Graphic Design Elements for Non-Designers,"Graphic Design Elements for Non-Designers introduces learners to the core ideas, foundational methods, and practical applications of this subject through guided study and applied examples.",Critical Thinking; Research; Communication,Beginner,4.7,University of Colorado Boulder,,"Graphic Design Elements for Non-Designers Graphic Design Elements for Non-Designers introduces learners to the core ideas, foundational methods, and practical applications of this subject through guided study and applied examples. Critical Thinking; Research; Communication Beginner University of Colorado Boulder","{'organization': 'University of Colorado Boulder', 'difficulty': 'Beginner', 'rating': 4.7, 'url': ''}"
course_0395,Greek and Roman Mythology,"Greek and Roman Mythology introduces learners to the core ideas, foundational methods, and practical applications of this subject through guided study and applied examples.",Critical Thinking; Research; Communication,Intermediate,4.8,University of Pennsylvania,,"Greek and Roman Mythology Greek and Roman Mythology introduces learners to the core ideas, foundational methods, and practical applications of this subject through guided study and applied examples. Critical Thinking; Research; Communication Intermediate University of Pennsylvania","{'organization': 'University of Pennsylvania', 'difficulty': 'Intermediate', 'rating': 4.8, 'url': ''}"
course_0396,Greening the Economy: Sustainable Cities,"Greening the Economy: Sustainable Cities helps learners understand core concepts, algorithms, and applications used in modern machine learning and intelligent systems.",Artificial Intelligence,Beginner,4.6,Lund University,,"Greening the Economy: Sustainable Cities Greening the Economy: Sustainable Cities helps learners understand core concepts, algorithms, and applications used in modern machine learning and intelligent systems. Artificial Intelligence Beginner Lund University","{'organization': 'Lund University', 'difficulty': 'Beginner', 'rating': 4.6, 'url': ''}"
course_0397,Guitar for Beginners,"Guitar for Beginners introduces learners to the core ideas, foundational methods, and practical applications of this subject through guided study and applied examples.",Critical Thinking; Research; Communication,Intermediate,4.8,Berklee College of Music,,"Guitar for Beginners Guitar for Beginners introduces learners to the core ideas, foundational methods, and practical applications of this subject through guided study and applied examples. Critical Thinking; Research; Communication Intermediate Berklee College of Music","{'organization': 'Berklee College of Music', 'difficulty': 'Intermediate', 'rating': 4.8, 'url': ''}"
course_0398,Gut Check: Exploring Your Microbiome,"Gut Check: Exploring Your Microbiome introduces learners to the core ideas, foundational methods, and practical applications of this subject through guided study and applied examples.",Critical Thinking; Research; Communication,Intermediate,4.7,University of California San Diego,,"Gut Check: Exploring Your Microbiome Gut Check: Exploring Your Microbiome introduces learners to the core ideas, foundational methods, and practical applications of this subject through guided study and applied examples. Critical Thinking; Research; Communication Intermediate University of California San Diego","{'organization': 'University of California San Diego', 'difficulty': 'Intermediate', 'rating': 4.7, 'url': ''}"
course_0399,"HTML, CSS, and Javascript for Web Developers","HTML, CSS, and Javascript for Web Developers guides learners through software engineering patterns, algorithmic problem solving, and effective coding practices.",Web Development; JavaScript; Java; Programming,Intermediate,4.8,Johns Hopkins University,,"HTML, CSS, and Javascript for Web Developers HTML, CSS, and Javascript for Web Developers guides learners through software engineering patterns, algorithmic problem solving, and effective coding practices. Web Development; JavaScript; Java; Programming Intermediate Johns Hopkins University","{'organization': 'Johns Hopkins University', 'difficulty': 'Intermediate', 'rating': 4.8, 'url': ''}"
course_0400,Habilidades Gerenciales,"Habilidades Gerenciales introduces learners to the core ideas, foundational methods, and practical applications of this subject through guided study and applied examples.",Critical Thinking; Research; Communication,Beginner,4.7,Universidad Nacional Autonoma de Mexico,,"Habilidades Gerenciales Habilidades Gerenciales introduces learners to the core ideas, foundational methods, and practical applications of this subject through guided study and applied examples. Critical Thinking; Research; Communication Beginner Universidad Nacional Autonoma de Mexico","{'organization': 'Universidad Nacional Autonoma de Mexico', 'difficulty': 'Beginner', 'rating': 4.7, 'url': ''}"
course_0401,Hacia una practica constructivista en el aula,"Hacia una practica constructivista en el aula introduces learners to the core ideas, foundational methods, and practical applications of this subject through guided study and applied examples.",Critical Thinking; Research; Communication,Intermediate,4.8,Pontificia Universidad Catolica de Chile,,"Hacia una practica constructivista en el aula Hacia una practica constructivista en el aula introduces learners to the core ideas, foundational methods, and practical applications of this subject through guided study and applied examples. Critical Thinking; Research; Communication Intermediate Pontificia Universidad Catolica de Chile","{'organization': 'Pontificia Universidad Catolica de Chile', 'difficulty': 'Intermediate', 'rating': 4.8, 'url': ''}"
course_0402,Hardware Description Languages for FPGA Design,"Hardware Description Languages for FPGA Design introduces learners to the core ideas, foundational methods, and practical applications of this subject through guided study and applied examples.",Critical Thinking; Research; Communication,Intermediate,4.2,University of Colorado Boulder,,"Hardware Description Languages for FPGA Design Hardware Description Languages for FPGA Design introduces learners to the core ideas, foundational methods, and practical applications of this subject through guided study and applied examples. Critical Thinking; Research; Communication Intermediate University of Colorado Boulder","{'organization': 'University of Colorado Boulder', 'difficulty': 'Intermediate', 'rating': 4.2, 'url': ''}"
course_0403,Healing with the Arts,"Healing with the Arts introduces learners to the core ideas, foundational methods, and practical applications of this subject through guided study and applied examples.",Critical Thinking; Research; Communication,Intermediate,4.6,University of Florida,,"Healing with the Arts Healing with the Arts introduces learners to the core ideas, foundational methods, and practical applications of this subject through guided study and applied examples. Critical Thinking; Research; Communication Intermediate University of Florida","{'organization': 'University of Florida', 'difficulty': 'Intermediate', 'rating': 4.6, 'url': ''}"
course_0404,Health Informatics,"Health Informatics introduces learners to the core ideas, foundational methods, and practical applications of this subject through guided study and applied examples.",Critical Thinking; Research; Communication,Beginner,4.5,Johns Hopkins University,,"Health Informatics Health Informatics introduces learners to the core ideas, foundational methods, and practical applications of this subject through guided study and applied examples. Critical Thinking; Research; Communication Beginner Johns Hopkins University","{'organization': 'Johns Hopkins University', 'difficulty': 'Beginner', 'rating': 4.5, 'url': ''}"
course_0405,Health Information Literacy for Data Analytics,"Health Information Literacy for Data Analytics introduces learners to the foundations of data analysis, statistical reasoning, and practical decision-making using real-world data examples.",Data Analysis; Statistics,Intermediate,4.5,"University of California, Davis",,"Health Information Literacy for Data Analytics Health Information Literacy for Data Analytics introduces learners to the foundations of data analysis, statistical reasoning, and practical decision-making using real-world data examples. Data Analysis; Statistics Intermediate University of California, Davis","{'organization': 'University of California, Davis', 'difficulty': 'Intermediate', 'rating': 4.5, 'url': ''}"
course_0406,Healthcare Law,"Healthcare Law introduces learners to the core ideas, foundational methods, and practical applications of this subject through guided study and applied examples.",Critical Thinking; Research; Communication,Intermediate,4.7,University of Pennsylvania,,"Healthcare Law Healthcare Law introduces learners to the core ideas, foundational methods, and practical applications of this subject through guided study and applied examples. Critical Thinking; Research; Communication Intermediate University of Pennsylvania","{'organization': 'University of Pennsylvania', 'difficulty': 'Intermediate', 'rating': 4.7, 'url': ''}"
course_0407,Healthcare Marketplace,"Healthcare Marketplace introduces learners to the core ideas, foundational methods, and practical applications of this subject through guided study and applied examples.",Critical Thinking; Research; Communication,Beginner,4.4,University of Minnesota,,"Healthcare Marketplace Healthcare Marketplace introduces learners to the core ideas, foundational methods, and practical applications of this subject through guided study and applied examples. Critical Thinking; Research; Communication Beginner University of Minnesota","{'organization': 'University of Minnesota', 'difficulty': 'Beginner', 'rating': 4.4, 'url': ''}"
course_0408,Healthcare Organization Operations,"Healthcare Organization Operations introduces learners to the core ideas, foundational methods, and practical applications of this subject through guided study and applied examples.",Critical Thinking; Research; Communication,Beginner,4.6,Rutgers the State University of New Jersey,,"Healthcare Organization Operations Healthcare Organization Operations introduces learners to the core ideas, foundational methods, and practical applications of this subject through guided study and applied examples. Critical Thinking; Research; Communication Beginner Rutgers the State University of New Jersey","{'organization': 'Rutgers the State University of New Jersey', 'difficulty': 'Beginner', 'rating': 4.6, 'url': ''}"
course_0409,"High Performance Collaboration: Leadership, Teamwork, and Negotiation","High Performance Collaboration: Leadership, Teamwork, and Negotiation introduces learners to the core ideas, foundational methods, and practical applications of this subject through guided study and applied examples.",Critical Thinking; Research; Communication,Intermediate,4.8,Northwestern University,,"High Performance Collaboration: Leadership, Teamwork, and Negotiation High Performance Collaboration: Leadership, Teamwork, and Negotiation introduces learners to the core ideas, foundational methods, and practical applications of this subject through guided study and applied examples. Critical Thinking; Research; Communication Intermediate Northwestern University","{'organization': 'Northwestern University', 'difficulty': 'Intermediate', 'rating': 4.8, 'url': ''}"
course_0410,Homeland Security and Cybersecurity,"Homeland Security and Cybersecurity covers the core ideas behind cloud-native systems, security principles, and the practical systems thinking needed to build and maintain modern digital services.",Security Fundamentals; Risk Management,Beginner,4.7,University of Colorado System,,"Homeland Security and Cybersecurity Homeland Security and Cybersecurity covers the core ideas behind cloud-native systems, security principles, and the practical systems thinking needed to build and maintain modern digital services. Security Fundamentals; Risk Management Beginner University of Colorado System","{'organization': 'University of Colorado System', 'difficulty': 'Beginner', 'rating': 4.7, 'url': ''}"
course_0411,"Hotel Management: Distribution, Revenue and Demand Management","Hotel Management: Distribution, Revenue and Demand Management introduces learners to the core ideas, foundational methods, and practical applications of this subject through guided study and applied examples.",Critical Thinking; Research; Communication,Beginner,4.6,ESSEC Business School,,"Hotel Management: Distribution, Revenue and Demand Management Hotel Management: Distribution, Revenue and Demand Management introduces learners to the core ideas, foundational methods, and practical applications of this subject through guided study and applied examples. Critical Thinking; Research; Communication Beginner ESSEC Business School","{'organization': 'ESSEC Business School', 'difficulty': 'Beginner', 'rating': 4.6, 'url': ''}"
course_0412,How Things Work: An Introduction to Physics,"How Things Work: An Introduction to Physics introduces learners to the core ideas, foundational methods, and practical applications of this subject through guided study and applied examples.",Critical Thinking; Research; Communication,Intermediate,4.8,University of Virginia,,"How Things Work: An Introduction to Physics How Things Work: An Introduction to Physics introduces learners to the core ideas, foundational methods, and practical applications of this subject through guided study and applied examples. Critical Thinking; Research; Communication Intermediate University of Virginia","{'organization': 'University of Virginia', 'difficulty': 'Intermediate', 'rating': 4.8, 'url': ''}"
course_0413,How To Create a Website in a Weekend! (Project-Centered Course),"How To Create a Website in a Weekend! (Project-Centered Course) introduces learners to the core ideas, foundational methods, and practical applications of this subject through guided study and applied examples.",Web Development; JavaScript,Intermediate,3.3,The State University of New York,,"How To Create a Website in a Weekend! (Project-Centered Course) How To Create a Website in a Weekend! (Project-Centered Course) introduces learners to the core ideas, foundational methods, and practical applications of this subject through guided study and applied examples. Web Development; JavaScript Intermediate The State University of New York","{'organization': 'The State University of New York', 'difficulty': 'Intermediate', 'rating': 3.3, 'url': ''}"
course_0414,How to Start Your Own Business,"How to Start Your Own Business introduces learners to the core ideas, foundational methods, and practical applications of this subject through guided study and applied examples.",Critical Thinking; Research; Communication,Beginner,4.1,Michigan State University,,"How to Start Your Own Business How to Start Your Own Business introduces learners to the core ideas, foundational methods, and practical applications of this subject through guided study and applied examples. Critical Thinking; Research; Communication Beginner Michigan State University","{'organization': 'Michigan State University', 'difficulty': 'Beginner', 'rating': 4.1, 'url': ''}"
course_0415,Human Resource Management: HR for People Managers,"Human Resource Management: HR for People Managers introduces learners to the core ideas, foundational methods, and practical applications of this subject through guided study and applied examples.",Critical Thinking; Research; Communication,Beginner,4.7,University of Minnesota,,"Human Resource Management: HR for People Managers Human Resource Management: HR for People Managers introduces learners to the core ideas, foundational methods, and practical applications of this subject through guided study and applied examples. Critical Thinking; Research; Communication Beginner University of Minnesota","{'organization': 'University of Minnesota', 'difficulty': 'Beginner', 'rating': 4.7, 'url': ''}"
course_0416,IBM AI Engineering,"IBM AI Engineering helps learners understand core concepts, algorithms, and applications used in modern machine learning and intelligent systems.",Artificial Intelligence,Intermediate,4.6,IBM,,"IBM AI Engineering IBM AI Engineering helps learners understand core concepts, algorithms, and applications used in modern machine learning and intelligent systems. Artificial Intelligence Intermediate IBM","{'organization': 'IBM', 'difficulty': 'Intermediate', 'rating': 4.6, 'url': ''}"
course_0417,IBM AI Enterprise Workflow,"IBM AI Enterprise Workflow helps learners understand core concepts, algorithms, and applications used in modern machine learning and intelligent systems.",Artificial Intelligence,Advanced,4.4,IBM,,"IBM AI Enterprise Workflow IBM AI Enterprise Workflow helps learners understand core concepts, algorithms, and applications used in modern machine learning and intelligent systems. Artificial Intelligence Advanced IBM","{'organization': 'IBM', 'difficulty': 'Advanced', 'rating': 4.4, 'url': ''}"
course_0418,IBM Applied AI,"IBM Applied AI helps learners understand core concepts, algorithms, and applications used in modern machine learning and intelligent systems.",Artificial Intelligence,Beginner,4.6,IBM,,"IBM Applied AI IBM Applied AI helps learners understand core concepts, algorithms, and applications used in modern machine learning and intelligent systems. Artificial Intelligence Beginner IBM","{'organization': 'IBM', 'difficulty': 'Beginner', 'rating': 4.6, 'url': ''}"
course_0419,IBM Customer Engagement Specialist Professional Certificate,"IBM Customer Engagement Specialist Professional Certificate introduces learners to the core ideas, foundational methods, and practical applications of this subject through guided study and applied examples.",Critical Thinking; Research; Communication,Beginner,4.8,IBM,,"IBM Customer Engagement Specialist Professional Certificate IBM Customer Engagement Specialist Professional Certificate introduces learners to the core ideas, foundational methods, and practical applications of this subject through guided study and applied examples. Critical Thinking; Research; Communication Beginner IBM","{'organization': 'IBM', 'difficulty': 'Beginner', 'rating': 4.8, 'url': ''}"
course_0420,IBM Data Science,"IBM Data Science introduces learners to the foundations of data analysis, statistical reasoning, and practical decision-making using real-world data examples.",Data Analysis; Statistics; Python,Beginner,4.6,IBM,,"IBM Data Science IBM Data Science introduces learners to the foundations of data analysis, statistical reasoning, and practical decision-making using real-world data examples. Data Analysis; Statistics; Python Beginner IBM","{'organization': 'IBM', 'difficulty': 'Beginner', 'rating': 4.6, 'url': ''}"
course_0421,IT Fundamentals for Cybersecurity,"IT Fundamentals for Cybersecurity covers the core ideas behind cloud-native systems, security principles, and the practical systems thinking needed to build and maintain modern digital services.",Security Fundamentals; Risk Management,Beginner,4.5,IBM,,"IT Fundamentals for Cybersecurity IT Fundamentals for Cybersecurity covers the core ideas behind cloud-native systems, security principles, and the practical systems thinking needed to build and maintain modern digital services. Security Fundamentals; Risk Management Beginner IBM","{'organization': 'IBM', 'difficulty': 'Beginner', 'rating': 4.5, 'url': ''}"
course_0422,IT Security: Defense against the digital dark arts,"IT Security: Defense against the digital dark arts helps learners understand core concepts, algorithms, and applications used in modern machine learning and intelligent systems.",Artificial Intelligence; Security Fundamentals; Risk Management,Beginner,4.8,Google,,"IT Security: Defense against the digital dark arts IT Security: Defense against the digital dark arts helps learners understand core concepts, algorithms, and applications used in modern machine learning and intelligent systems. Artificial Intelligence; Security Fundamentals; Risk Management Beginner Google","{'organization': 'Google', 'difficulty': 'Beginner', 'rating': 4.8, 'url': ''}"
course_0423,"Identifying, Monitoring, and Analyzing Risk and Incident Response and Recovery","Identifying, Monitoring, and Analyzing Risk and Incident Response and Recovery introduces learners to the core ideas, foundational methods, and practical applications of this subject through guided study and applied examples.",Critical Thinking; Research; Communication,Beginner,4.9,(ISC)22,,"Identifying, Monitoring, and Analyzing Risk and Incident Response and Recovery Identifying, Monitoring, and Analyzing Risk and Incident Response and Recovery introduces learners to the core ideas, foundational methods, and practical applications of this subject through guided study and applied examples. Critical Thinking; Research; Communication Beginner (ISC)22","{'organization': '(ISC)22', 'difficulty': 'Beginner', 'rating': 4.9, 'url': ''}"
course_0424,Implementacion del Marketing Mix,"Implementacion del Marketing Mix introduces learners to the core ideas, foundational methods, and practical applications of this subject through guided study and applied examples.",Critical Thinking; Research; Communication,Beginner,4.7,IE Business School,,"Implementacion del Marketing Mix Implementacion del Marketing Mix introduces learners to the core ideas, foundational methods, and practical applications of this subject through guided study and applied examples. Critical Thinking; Research; Communication Beginner IE Business School","{'organization': 'IE Business School', 'difficulty': 'Beginner', 'rating': 4.7, 'url': ''}"
course_0425,Implementing RPA with Cognitive Automation and Analytics,"Implementing RPA with Cognitive Automation and Analytics introduces learners to the foundations of data analysis, statistical reasoning, and practical decision-making using real-world data examples.",Data Analysis; Statistics,Beginner,4.6,Automation Anywhere,,"Implementing RPA with Cognitive Automation and Analytics Implementing RPA with Cognitive Automation and Analytics introduces learners to the foundations of data analysis, statistical reasoning, and practical decision-making using real-world data examples. Data Analysis; Statistics Beginner Automation Anywhere","{'organization': 'Automation Anywhere', 'difficulty': 'Beginner', 'rating': 4.6, 'url': ''}"
course_0426,Improve Your English Communication Skills,"Improve Your English Communication Skills introduces learners to the core ideas, foundational methods, and practical applications of this subject through guided study and applied examples.",Critical Thinking; Research; Communication,Beginner,4.7,Georgia Institute of Technology,,"Improve Your English Communication Skills Improve Your English Communication Skills introduces learners to the core ideas, foundational methods, and practical applications of this subject through guided study and applied examples. Critical Thinking; Research; Communication Beginner Georgia Institute of Technology","{'organization': 'Georgia Institute of Technology', 'difficulty': 'Beginner', 'rating': 4.7, 'url': ''}"
course_0427,"Improving Deep Neural Networks: Hyperparameter tuning, Regularization and Optimization","Improving Deep Neural Networks: Hyperparameter tuning, Regularization and Optimization covers neural network architectures, backpropagation, and practical deep learning implementation.",Critical Thinking; Research; Communication,Beginner,4.9,deeplearning.ai,,"Improving Deep Neural Networks: Hyperparameter tuning, Regularization and Optimization Improving Deep Neural Networks: Hyperparameter tuning, Regularization and Optimization covers neural network architectures, backpropagation, and practical deep learning implementation. Critical Thinking; Research; Communication Beginner deeplearning.ai","{'organization': 'deeplearning.ai', 'difficulty': 'Beginner', 'rating': 4.9, 'url': ''}"
course_0428,Improving Leadership & Governance in Nonprofit Organizations,"Improving Leadership & Governance in Nonprofit Organizations introduces learners to the core ideas, foundational methods, and practical applications of this subject through guided study and applied examples.",Critical Thinking; Research; Communication,Beginner,4.4,Luther College at the University of Regina,,"Improving Leadership & Governance in Nonprofit Organizations Improving Leadership & Governance in Nonprofit Organizations introduces learners to the core ideas, foundational methods, and practical applications of this subject through guided study and applied examples. Critical Thinking; Research; Communication Beginner Luther College at the University of Regina","{'organization': 'Luther College at the University of Regina', 'difficulty': 'Beginner', 'rating': 4.4, 'url': ''}"
course_0429,In the Studio: Postwar Abstract Painting,"In the Studio: Postwar Abstract Painting helps learners understand core concepts, algorithms, and applications used in modern machine learning and intelligent systems.",Artificial Intelligence,Beginner,4.9,The Museum of Modern Art,,"In the Studio: Postwar Abstract Painting In the Studio: Postwar Abstract Painting helps learners understand core concepts, algorithms, and applications used in modern machine learning and intelligent systems. Artificial Intelligence Beginner The Museum of Modern Art","{'organization': 'The Museum of Modern Art', 'difficulty': 'Beginner', 'rating': 4.9, 'url': ''}"
course_0430,Indigenous Canada,"Indigenous Canada introduces learners to the core ideas, foundational methods, and practical applications of this subject through guided study and applied examples.",Critical Thinking; Research; Communication,Intermediate,4.8,University of Alberta,,"Indigenous Canada Indigenous Canada introduces learners to the core ideas, foundational methods, and practical applications of this subject through guided study and applied examples. Critical Thinking; Research; Communication Intermediate University of Alberta","{'organization': 'University of Alberta', 'difficulty': 'Intermediate', 'rating': 4.8, 'url': ''}"
course_0431,Industrial IoT on Google Cloud Platform,"Industrial IoT on Google Cloud Platform covers the core ideas behind cloud-native systems, security principles, and the practical systems thinking needed to build and maintain modern digital services.",Cloud Computing; Security Fundamentals,Beginner,4.5,Google Cloud,,"Industrial IoT on Google Cloud Platform Industrial IoT on Google Cloud Platform covers the core ideas behind cloud-native systems, security principles, and the practical systems thinking needed to build and maintain modern digital services. Cloud Computing; Security Fundamentals Beginner Google Cloud","{'organization': 'Google Cloud', 'difficulty': 'Beginner', 'rating': 4.5, 'url': ''}"
course_0432,Infectious Disease Modelling,"Infectious Disease Modelling introduces learners to the core ideas, foundational methods, and practical applications of this subject through guided study and applied examples.",Critical Thinking; Research; Communication,Intermediate,5.0,Imperial College London,,"Infectious Disease Modelling Infectious Disease Modelling introduces learners to the core ideas, foundational methods, and practical applications of this subject through guided study and applied examples. Critical Thinking; Research; Communication Intermediate Imperial College London","{'organization': 'Imperial College London', 'difficulty': 'Intermediate', 'rating': 5.0, 'url': ''}"
course_0433,Influencer Marketing Strategy,"Influencer Marketing Strategy introduces learners to the core ideas, foundational methods, and practical applications of this subject through guided study and applied examples.",Critical Thinking; Research; Communication,Intermediate,4.4,Rutgers the State University of New Jersey,,"Influencer Marketing Strategy Influencer Marketing Strategy introduces learners to the core ideas, foundational methods, and practical applications of this subject through guided study and applied examples. Critical Thinking; Research; Communication Intermediate Rutgers the State University of New Jersey","{'organization': 'Rutgers the State University of New Jersey', 'difficulty': 'Intermediate', 'rating': 4.4, 'url': ''}"
course_0434,"Influencing: Storytelling, Change Management and Governance","Influencing: Storytelling, Change Management and Governance introduces learners to the core ideas, foundational methods, and practical applications of this subject through guided study and applied examples.",Critical Thinking; Research; Communication,Beginner,4.8,Macquarie University,,"Influencing: Storytelling, Change Management and Governance Influencing: Storytelling, Change Management and Governance introduces learners to the core ideas, foundational methods, and practical applications of this subject through guided study and applied examples. Critical Thinking; Research; Communication Beginner Macquarie University","{'organization': 'Macquarie University', 'difficulty': 'Beginner', 'rating': 4.8, 'url': ''}"
course_0435,Information Security: Context and Introduction,"Information Security: Context and Introduction covers the core ideas behind cloud-native systems, security principles, and the practical systems thinking needed to build and maintain modern digital services.",Security Fundamentals; Risk Management,Beginner,4.6,"Royal Holloway, University of London",,"Information Security: Context and Introduction Information Security: Context and Introduction covers the core ideas behind cloud-native systems, security principles, and the practical systems thinking needed to build and maintain modern digital services. Security Fundamentals; Risk Management Beginner Royal Holloway, University of London","{'organization': 'Royal Holloway, University of London', 'difficulty': 'Beginner', 'rating': 4.6, 'url': ''}"
course_0436,Information Visualization,"Information Visualization introduces learners to the core ideas, foundational methods, and practical applications of this subject through guided study and applied examples.",Critical Thinking; Research; Communication,Beginner,4.6,New York University,,"Information Visualization Information Visualization introduces learners to the core ideas, foundational methods, and practical applications of this subject through guided study and applied examples. Critical Thinking; Research; Communication Beginner New York University","{'organization': 'New York University', 'difficulty': 'Beginner', 'rating': 4.6, 'url': ''}"
course_0437,Information Systems,"Information Systems introduces learners to the core ideas, foundational methods, and practical applications of this subject through guided study and applied examples.",Critical Thinking; Research; Communication,Beginner,4.7,University of Minnesota,,"Information Systems Information Systems introduces learners to the core ideas, foundational methods, and practical applications of this subject through guided study and applied examples. Critical Thinking; Research; Communication Beginner University of Minnesota","{'organization': 'University of Minnesota', 'difficulty': 'Beginner', 'rating': 4.7, 'url': ''}"
course_0438,Initiating and Planning Projects,"Initiating and Planning Projects introduces learners to the core ideas, foundational methods, and practical applications of this subject through guided study and applied examples.",Critical Thinking; Research; Communication,Intermediate,4.7,"University of California, Irvine",,"Initiating and Planning Projects Initiating and Planning Projects introduces learners to the core ideas, foundational methods, and practical applications of this subject through guided study and applied examples. Critical Thinking; Research; Communication Intermediate University of California, Irvine","{'organization': 'University of California, Irvine', 'difficulty': 'Intermediate', 'rating': 4.7, 'url': ''}"
course_0439,Innovation Management,"Innovation Management introduces learners to the core ideas, foundational methods, and practical applications of this subject through guided study and applied examples.",Critical Thinking; Research; Communication,Beginner,4.6,Erasmus University Rotterdam,,"Innovation Management Innovation Management introduces learners to the core ideas, foundational methods, and practical applications of this subject through guided study and applied examples. Critical Thinking; Research; Communication Beginner Erasmus University Rotterdam","{'organization': 'Erasmus University Rotterdam', 'difficulty': 'Beginner', 'rating': 4.6, 'url': ''}"
course_0440,"Innovation Through Design: Think, Make, Break, Repeat","Innovation Through Design: Think, Make, Break, Repeat introduces learners to the core ideas, foundational methods, and practical applications of this subject through guided study and applied examples.",Critical Thinking; Research; Communication,Beginner,4.8,The University of Sydney,,"Innovation Through Design: Think, Make, Break, Repeat Innovation Through Design: Think, Make, Break, Repeat introduces learners to the core ideas, foundational methods, and practical applications of this subject through guided study and applied examples. Critical Thinking; Research; Communication Beginner The University of Sydney","{'organization': 'The University of Sydney', 'difficulty': 'Beginner', 'rating': 4.8, 'url': ''}"
course_0441,Innovation: From Creativity to Entrepreneurship,"Innovation: From Creativity to Entrepreneurship introduces learners to the core ideas, foundational methods, and practical applications of this subject through guided study and applied examples.",Critical Thinking; Research; Communication,Beginner,4.8,University of Illinois at Urbana-Champaign,,"Innovation: From Creativity to Entrepreneurship Innovation: From Creativity to Entrepreneurship introduces learners to the core ideas, foundational methods, and practical applications of this subject through guided study and applied examples. Critical Thinking; Research; Communication Beginner University of Illinois at Urbana-Champaign","{'organization': 'University of Illinois at Urbana-Champaign', 'difficulty': 'Beginner', 'rating': 4.8, 'url': ''}"
course_0442,Inspirational Leadership: Leading with Sense,"Inspirational Leadership: Leading with Sense introduces learners to the core ideas, foundational methods, and practical applications of this subject through guided study and applied examples.",Critical Thinking; Research; Communication,Beginner,4.5,HEC Paris,,"Inspirational Leadership: Leading with Sense Inspirational Leadership: Leading with Sense introduces learners to the core ideas, foundational methods, and practical applications of this subject through guided study and applied examples. Critical Thinking; Research; Communication Beginner HEC Paris","{'organization': 'HEC Paris', 'difficulty': 'Beginner', 'rating': 4.5, 'url': ''}"
course_0443,Inspired Leadership,"Inspired Leadership introduces learners to the core ideas, foundational methods, and practical applications of this subject through guided study and applied examples.",Critical Thinking; Research; Communication,Intermediate,4.7,Case Western Reserve University,,"Inspired Leadership Inspired Leadership introduces learners to the core ideas, foundational methods, and practical applications of this subject through guided study and applied examples. Critical Thinking; Research; Communication Intermediate Case Western Reserve University","{'organization': 'Case Western Reserve University', 'difficulty': 'Intermediate', 'rating': 4.7, 'url': ''}"
course_0444,Inspiring and Motivating Individuals,"Inspiring and Motivating Individuals introduces learners to the core ideas, foundational methods, and practical applications of this subject through guided study and applied examples.",Critical Thinking; Research; Communication,Intermediate,4.8,University of Michigan,,"Inspiring and Motivating Individuals Inspiring and Motivating Individuals introduces learners to the core ideas, foundational methods, and practical applications of this subject through guided study and applied examples. Critical Thinking; Research; Communication Intermediate University of Michigan","{'organization': 'University of Michigan', 'difficulty': 'Intermediate', 'rating': 4.8, 'url': ''}"
course_0445,Instructional Design Foundations and Applications,"Instructional Design Foundations and Applications introduces learners to the core ideas, foundational methods, and practical applications of this subject through guided study and applied examples.",Critical Thinking; Research; Communication,Intermediate,4.2,University of Illinois at Urbana-Champaign,,"Instructional Design Foundations and Applications Instructional Design Foundations and Applications introduces learners to the core ideas, foundational methods, and practical applications of this subject through guided study and applied examples. Critical Thinking; Research; Communication Intermediate University of Illinois at Urbana-Champaign","{'organization': 'University of Illinois at Urbana-Champaign', 'difficulty': 'Intermediate', 'rating': 4.2, 'url': ''}"
course_0446,Instructional Methods in Health Professions Education,"Instructional Methods in Health Professions Education introduces learners to the core ideas, foundational methods, and practical applications of this subject through guided study and applied examples.",Critical Thinking; Research; Communication,Intermediate,4.6,University of Michigan,,"Instructional Methods in Health Professions Education Instructional Methods in Health Professions Education introduces learners to the core ideas, foundational methods, and practical applications of this subject through guided study and applied examples. Critical Thinking; Research; Communication Intermediate University of Michigan","{'organization': 'University of Michigan', 'difficulty': 'Intermediate', 'rating': 4.6, 'url': ''}"
course_0447,Integrative Health and Medicine,"Integrative Health and Medicine introduces learners to the core ideas, foundational methods, and practical applications of this subject through guided study and applied examples.",Critical Thinking; Research; Communication,Beginner,4.8,University of Minnesota,,"Integrative Health and Medicine Integrative Health and Medicine introduces learners to the core ideas, foundational methods, and practical applications of this subject through guided study and applied examples. Critical Thinking; Research; Communication Beginner University of Minnesota","{'organization': 'University of Minnesota', 'difficulty': 'Beginner', 'rating': 4.8, 'url': ''}"
course_0448,Intellectual Property Law,"Intellectual Property Law introduces learners to the core ideas, foundational methods, and practical applications of this subject through guided study and applied examples.",Critical Thinking; Research; Communication,Intermediate,4.8,University of Pennsylvania,,"Intellectual Property Law Intellectual Property Law introduces learners to the core ideas, foundational methods, and practical applications of this subject through guided study and applied examples. Critical Thinking; Research; Communication Intermediate University of Pennsylvania","{'organization': 'University of Pennsylvania', 'difficulty': 'Intermediate', 'rating': 4.8, 'url': ''}"
course_0449,Interaction Design,"Interaction Design introduces learners to the core ideas, foundational methods, and practical applications of this subject through guided study and applied examples.",Critical Thinking; Research; Communication,Intermediate,4.5,University of California San Diego,,"Interaction Design Interaction Design introduces learners to the core ideas, foundational methods, and practical applications of this subject through guided study and applied examples. Critical Thinking; Research; Communication Intermediate University of California San Diego","{'organization': 'University of California San Diego', 'difficulty': 'Intermediate', 'rating': 4.5, 'url': ''}"
course_0450,Intercultural Management,"Intercultural Management introduces learners to the core ideas, foundational methods, and practical applications of this subject through guided study and applied examples.",Critical Thinking; Research; Communication,Beginner,4.6,ESCP Business School,,"Intercultural Management Intercultural Management introduces learners to the core ideas, foundational methods, and practical applications of this subject through guided study and applied examples. Critical Thinking; Research; Communication Beginner ESCP Business School","{'organization': 'ESCP Business School', 'difficulty': 'Beginner', 'rating': 4.6, 'url': ''}"
course_0451,International Business Essentials,"International Business Essentials introduces learners to the core ideas, foundational methods, and practical applications of this subject through guided study and applied examples.",Critical Thinking; Research; Communication,Intermediate,4.5,University of London,,"International Business Essentials International Business Essentials introduces learners to the core ideas, foundational methods, and practical applications of this subject through guided study and applied examples. Critical Thinking; Research; Communication Intermediate University of London","{'organization': 'University of London', 'difficulty': 'Intermediate', 'rating': 4.5, 'url': ''}"
course_0452,International Cyber Conflicts,"International Cyber Conflicts introduces learners to the core ideas, foundational methods, and practical applications of this subject through guided study and applied examples.",Critical Thinking; Research; Communication,Intermediate,4.4,The State University of New York,,"International Cyber Conflicts International Cyber Conflicts introduces learners to the core ideas, foundational methods, and practical applications of this subject through guided study and applied examples. Critical Thinking; Research; Communication Intermediate The State University of New York","{'organization': 'The State University of New York', 'difficulty': 'Intermediate', 'rating': 4.4, 'url': ''}"
course_0453,International Humanitarian Law in Theory and Practice,"International Humanitarian Law in Theory and Practice introduces learners to the core ideas, foundational methods, and practical applications of this subject through guided study and applied examples.",Critical Thinking; Research; Communication,Beginner,4.8,Kalshoven-Gieskes Forum,,"International Humanitarian Law in Theory and Practice International Humanitarian Law in Theory and Practice introduces learners to the core ideas, foundational methods, and practical applications of this subject through guided study and applied examples. Critical Thinking; Research; Communication Beginner Kalshoven-Gieskes Forum","{'organization': 'Kalshoven-Gieskes Forum', 'difficulty': 'Beginner', 'rating': 4.8, 'url': ''}"
course_0454,International Law in Action: A Guide to the International Courts and Tribunals in The Hague,"International Law in Action: A Guide to the International Courts and Tribunals in The Hague introduces learners to the core ideas, foundational methods, and practical applications of this subject through guided study and applied examples.",Critical Thinking; Research; Communication,Intermediate,4.8,Universiteit Leiden,,"International Law in Action: A Guide to the International Courts and Tribunals in The Hague International Law in Action: A Guide to the International Courts and Tribunals in The Hague introduces learners to the core ideas, foundational methods, and practical applications of this subject through guided study and applied examples. Critical Thinking; Research; Communication Intermediate Universiteit Leiden","{'organization': 'Universiteit Leiden', 'difficulty': 'Intermediate', 'rating': 4.8, 'url': ''}"
course_0455,International Law in Action: the Arbitration of International Disputes,"International Law in Action: the Arbitration of International Disputes introduces learners to the core ideas, foundational methods, and practical applications of this subject through guided study and applied examples.",Critical Thinking; Research; Communication,Intermediate,4.8,Universiteit Leiden,,"International Law in Action: the Arbitration of International Disputes International Law in Action: the Arbitration of International Disputes introduces learners to the core ideas, foundational methods, and practical applications of this subject through guided study and applied examples. Critical Thinking; Research; Communication Intermediate Universiteit Leiden","{'organization': 'Universiteit Leiden', 'difficulty': 'Intermediate', 'rating': 4.8, 'url': ''}"
course_0456,International Leadership and Organizational Behavior,"International Leadership and Organizational Behavior introduces learners to the core ideas, foundational methods, and practical applications of this subject through guided study and applied examples.",Critical Thinking; Research; Communication,Intermediate,4.8,Universita Bocconi,,"International Leadership and Organizational Behavior International Leadership and Organizational Behavior introduces learners to the core ideas, foundational methods, and practical applications of this subject through guided study and applied examples. Critical Thinking; Research; Communication Intermediate Universita Bocconi","{'organization': 'Universita Bocconi', 'difficulty': 'Intermediate', 'rating': 4.8, 'url': ''}"
course_0457,International Marketing & Cross Industry Growth,"International Marketing & Cross Industry Growth introduces learners to the core ideas, foundational methods, and practical applications of this subject through guided study and applied examples.",Critical Thinking; Research; Communication,Beginner,4.6,Yonsei University,,"International Marketing & Cross Industry Growth International Marketing & Cross Industry Growth introduces learners to the core ideas, foundational methods, and practical applications of this subject through guided study and applied examples. Critical Thinking; Research; Communication Beginner Yonsei University","{'organization': 'Yonsei University', 'difficulty': 'Beginner', 'rating': 4.6, 'url': ''}"
course_0458,International Organizations Management,"International Organizations Management introduces learners to the core ideas, foundational methods, and practical applications of this subject through guided study and applied examples.",Critical Thinking; Research; Communication,Beginner,4.8,University of Geneva,,"International Organizations Management International Organizations Management introduces learners to the core ideas, foundational methods, and practical applications of this subject through guided study and applied examples. Critical Thinking; Research; Communication Beginner University of Geneva","{'organization': 'University of Geneva', 'difficulty': 'Beginner', 'rating': 4.8, 'url': ''}"
course_0459,International Security Management,"International Security Management covers the core ideas behind cloud-native systems, security principles, and the practical systems thinking needed to build and maintain modern digital services.",Security Fundamentals; Risk Management,Beginner,4.5,Erasmus University Rotterdam,,"International Security Management International Security Management covers the core ideas behind cloud-native systems, security principles, and the practical systems thinking needed to build and maintain modern digital services. Security Fundamentals; Risk Management Beginner Erasmus University Rotterdam","{'organization': 'Erasmus University Rotterdam', 'difficulty': 'Beginner', 'rating': 4.5, 'url': ''}"
course_0460,International Women's Health and Human Rights,"International Women's Health and Human Rights introduces learners to the core ideas, foundational methods, and practical applications of this subject through guided study and applied examples.",Critical Thinking; Research; Communication,Beginner,4.9,Stanford University,,"International Women's Health and Human Rights International Women's Health and Human Rights introduces learners to the core ideas, foundational methods, and practical applications of this subject through guided study and applied examples. Critical Thinking; Research; Communication Beginner Stanford University","{'organization': 'Stanford University', 'difficulty': 'Beginner', 'rating': 4.9, 'url': ''}"
course_0461,International migrations: a global issue,"International migrations: a global issue introduces learners to the core ideas, foundational methods, and practical applications of this subject through guided study and applied examples.",Critical Thinking; Research; Communication,Beginner,4.6,Sciences Po,,"International migrations: a global issue International migrations: a global issue introduces learners to the core ideas, foundational methods, and practical applications of this subject through guided study and applied examples. Critical Thinking; Research; Communication Beginner Sciences Po","{'organization': 'Sciences Po', 'difficulty': 'Beginner', 'rating': 4.6, 'url': ''}"
course_0462,Internet Connection: How to Get Online?,"Internet Connection: How to Get Online? introduces learners to the core ideas, foundational methods, and practical applications of this subject through guided study and applied examples.",Critical Thinking; Research; Communication,Beginner,4.7,Cisco,,"Internet Connection: How to Get Online? Internet Connection: How to Get Online? introduces learners to the core ideas, foundational methods, and practical applications of this subject through guided study and applied examples. Critical Thinking; Research; Communication Beginner Cisco","{'organization': 'Cisco', 'difficulty': 'Beginner', 'rating': 4.7, 'url': ''}"
course_0463,Internet Giants: The Law and Economics of Media Platforms,"Internet Giants: The Law and Economics of Media Platforms introduces learners to the core ideas, foundational methods, and practical applications of this subject through guided study and applied examples.",Critical Thinking; Research; Communication,Intermediate,4.8,The University of Chicago,,"Internet Giants: The Law and Economics of Media Platforms Internet Giants: The Law and Economics of Media Platforms introduces learners to the core ideas, foundational methods, and practical applications of this subject through guided study and applied examples. Critical Thinking; Research; Communication Intermediate The University of Chicago","{'organization': 'The University of Chicago', 'difficulty': 'Intermediate', 'rating': 4.8, 'url': ''}"
course_0464,Interviewing and Resume Writing in English,"Interviewing and Resume Writing in English introduces learners to the core ideas, foundational methods, and practical applications of this subject through guided study and applied examples.",Critical Thinking; Research; Communication,Intermediate,4.6,"University of Maryland, College Park",,"Interviewing and Resume Writing in English Interviewing and Resume Writing in English introduces learners to the core ideas, foundational methods, and practical applications of this subject through guided study and applied examples. Critical Thinking; Research; Communication Intermediate University of Maryland, College Park","{'organization': 'University of Maryland, College Park', 'difficulty': 'Intermediate', 'rating': 4.6, 'url': ''}"
course_0465,Introduccion a Data Science: Programacion Estadistica con R,"Introduccion a Data Science: Programacion Estadistica con R introduces learners to the foundations of data analysis, statistical reasoning, and practical decision-making using real-world data examples.",Data Analysis; Statistics; Python,Beginner,4.7,Universidad Nacional Autonoma de Mexico,,"Introduccion a Data Science: Programacion Estadistica con R Introduccion a Data Science: Programacion Estadistica con R introduces learners to the foundations of data analysis, statistical reasoning, and practical decision-making using real-world data examples. Data Analysis; Statistics; Python Beginner Universidad Nacional Autonoma de Mexico","{'organization': 'Universidad Nacional Autonoma de Mexico', 'difficulty': 'Beginner', 'rating': 4.7, 'url': ''}"
course_0466,Introduccion a la programacion en Python I: Aprendiendo a programar con Python,"Introduccion a la programacion en Python I: Aprendiendo a programar con Python introduces learners to the core ideas, foundational methods, and practical applications of this subject through guided study and applied examples.",Python,Beginner,4.4,Pontificia Universidad Catolica de Chile,,"Introduccion a la programacion en Python I: Aprendiendo a programar con Python Introduccion a la programacion en Python I: Aprendiendo a programar con Python introduces learners to the core ideas, foundational methods, and practical applications of this subject through guided study and applied examples. Python Beginner Pontificia Universidad Catolica de Chile","{'organization': 'Pontificia Universidad Catolica de Chile', 'difficulty': 'Beginner', 'rating': 4.4, 'url': ''}"
course_0467,Introduction aux Droits de lHomme,"Introduction aux Droits de lHomme introduces learners to the core ideas, foundational methods, and practical applications of this subject through guided study and applied examples.",Critical Thinking; Research; Communication,Intermediate,4.8,University of Geneva,,"Introduction aux Droits de lHomme Introduction aux Droits de lHomme introduces learners to the core ideas, foundational methods, and practical applications of this subject through guided study and applied examples. Critical Thinking; Research; Communication Intermediate University of Geneva","{'organization': 'University of Geneva', 'difficulty': 'Intermediate', 'rating': 4.8, 'url': ''}"
course_0468,Introduction to Ableton Live,"Introduction to Ableton Live introduces learners to the core ideas, foundational methods, and practical applications of this subject through guided study and applied examples.",Critical Thinking; Research; Communication,Intermediate,4.8,Berklee College of Music,,"Introduction to Ableton Live Introduction to Ableton Live introduces learners to the core ideas, foundational methods, and practical applications of this subject through guided study and applied examples. Critical Thinking; Research; Communication Intermediate Berklee College of Music","{'organization': 'Berklee College of Music', 'difficulty': 'Intermediate', 'rating': 4.8, 'url': ''}"
course_0469,Introduction to Artificial Intelligence (AI),"Introduction to Artificial Intelligence (AI) helps learners understand core concepts, algorithms, and applications used in modern machine learning and intelligent systems.",Artificial Intelligence,Beginner,4.7,IBM,,"Introduction to Artificial Intelligence (AI) Introduction to Artificial Intelligence (AI) helps learners understand core concepts, algorithms, and applications used in modern machine learning and intelligent systems. Artificial Intelligence Beginner IBM","{'organization': 'IBM', 'difficulty': 'Beginner', 'rating': 4.7, 'url': ''}"
course_0470,Introduction to Big Data,"Introduction to Big Data introduces learners to the core ideas, foundational methods, and practical applications of this subject through guided study and applied examples.",Critical Thinking; Research; Communication,Intermediate,4.6,University of California San Diego,,"Introduction to Big Data Introduction to Big Data introduces learners to the core ideas, foundational methods, and practical applications of this subject through guided study and applied examples. Critical Thinking; Research; Communication Intermediate University of California San Diego","{'organization': 'University of California San Diego', 'difficulty': 'Intermediate', 'rating': 4.6, 'url': ''}"
course_0471,Introduction to Blockchain Technologies,"Introduction to Blockchain Technologies helps learners understand core concepts, algorithms, and applications used in modern machine learning and intelligent systems.",Artificial Intelligence,Beginner,4.7,INSEAD,,"Introduction to Blockchain Technologies Introduction to Blockchain Technologies helps learners understand core concepts, algorithms, and applications used in modern machine learning and intelligent systems. Artificial Intelligence Beginner INSEAD","{'organization': 'INSEAD', 'difficulty': 'Beginner', 'rating': 4.7, 'url': ''}"
course_0472,Introduction to Breast Cancer,"Introduction to Breast Cancer introduces learners to the core ideas, foundational methods, and practical applications of this subject through guided study and applied examples.",Critical Thinking; Research; Communication,Intermediate,4.9,Yale University,,"Introduction to Breast Cancer Introduction to Breast Cancer introduces learners to the core ideas, foundational methods, and practical applications of this subject through guided study and applied examples. Critical Thinking; Research; Communication Intermediate Yale University","{'organization': 'Yale University', 'difficulty': 'Intermediate', 'rating': 4.9, 'url': ''}"
course_0473,Introduction to Business Analytics: Communicating with Data,"Introduction to Business Analytics: Communicating with Data introduces learners to the foundations of data analysis, statistical reasoning, and practical decision-making using real-world data examples.",Data Analysis; Statistics,Intermediate,4.7,University of Illinois at Urbana-Champaign,,"Introduction to Business Analytics: Communicating with Data Introduction to Business Analytics: Communicating with Data introduces learners to the foundations of data analysis, statistical reasoning, and practical decision-making using real-world data examples. Data Analysis; Statistics Intermediate University of Illinois at Urbana-Champaign","{'organization': 'University of Illinois at Urbana-Champaign', 'difficulty': 'Intermediate', 'rating': 4.7, 'url': ''}"
course_0474,Introduction to CSS3,"Introduction to CSS3 introduces learners to the core ideas, foundational methods, and practical applications of this subject through guided study and applied examples.",Critical Thinking; Research; Communication,Intermediate,4.8,University of Michigan,,"Introduction to CSS3 Introduction to CSS3 introduces learners to the core ideas, foundational methods, and practical applications of this subject through guided study and applied examples. Critical Thinking; Research; Communication Intermediate University of Michigan","{'organization': 'University of Michigan', 'difficulty': 'Intermediate', 'rating': 4.8, 'url': ''}"
course_0475,Introduction to Calculus,"Introduction to Calculus introduces learners to the core ideas, foundational methods, and practical applications of this subject through guided study and applied examples.",Critical Thinking; Research; Communication,Intermediate,4.8,The University of Sydney,,"Introduction to Calculus Introduction to Calculus introduces learners to the core ideas, foundational methods, and practical applications of this subject through guided study and applied examples. Critical Thinking; Research; Communication Intermediate The University of Sydney","{'organization': 'The University of Sydney', 'difficulty': 'Intermediate', 'rating': 4.8, 'url': ''}"
course_0476,Introduction to Chemistry: Reactions and Ratios,"Introduction to Chemistry: Reactions and Ratios introduces learners to the core ideas, foundational methods, and practical applications of this subject through guided study and applied examples.",Critical Thinking; Research; Communication,Beginner,4.8,Duke University,,"Introduction to Chemistry: Reactions and Ratios Introduction to Chemistry: Reactions and Ratios introduces learners to the core ideas, foundational methods, and practical applications of this subject through guided study and applied examples. Critical Thinking; Research; Communication Beginner Duke University","{'organization': 'Duke University', 'difficulty': 'Beginner', 'rating': 4.8, 'url': ''}"
course_0477,Introduction to Classical Music,"Introduction to Classical Music introduces learners to the core ideas, foundational methods, and practical applications of this subject through guided study and applied examples.",Critical Thinking; Research; Communication,Intermediate,4.9,Yale University,,"Introduction to Classical Music Introduction to Classical Music introduces learners to the core ideas, foundational methods, and practical applications of this subject through guided study and applied examples. Critical Thinking; Research; Communication Intermediate Yale University","{'organization': 'Yale University', 'difficulty': 'Intermediate', 'rating': 4.9, 'url': ''}"
course_0478,Introduction to Cloud Computing,"Introduction to Cloud Computing covers the core ideas behind cloud-native systems, security principles, and the practical systems thinking needed to build and maintain modern digital services.",Cloud Computing; Security Fundamentals,Beginner,4.6,IBM,,"Introduction to Cloud Computing Introduction to Cloud Computing covers the core ideas behind cloud-native systems, security principles, and the practical systems thinking needed to build and maintain modern digital services. Cloud Computing; Security Fundamentals Beginner IBM","{'organization': 'IBM', 'difficulty': 'Beginner', 'rating': 4.6, 'url': ''}"
course_0479,Introduction to Computer Programming,"Introduction to Computer Programming guides learners through software engineering patterns, algorithmic problem solving, and effective coding practices.",Programming,Beginner,4.3,"Goldsmiths, University of London",,"Introduction to Computer Programming Introduction to Computer Programming guides learners through software engineering patterns, algorithmic problem solving, and effective coding practices. Programming Beginner Goldsmiths, University of London","{'organization': 'Goldsmiths, University of London', 'difficulty': 'Beginner', 'rating': 4.3, 'url': ''}"
course_0480,Introduction to Computer Science and Programming,"Introduction to Computer Science and Programming guides learners through software engineering patterns, algorithmic problem solving, and effective coding practices.",Programming,Beginner,4.3,"Goldsmiths, University of London",,"Introduction to Computer Science and Programming Introduction to Computer Science and Programming guides learners through software engineering patterns, algorithmic problem solving, and effective coding practices. Programming Beginner Goldsmiths, University of London","{'organization': 'Goldsmiths, University of London', 'difficulty': 'Beginner', 'rating': 4.3, 'url': ''}"
course_0481,Introduction to Corporate Finance,"Introduction to Corporate Finance introduces learners to the core ideas, foundational methods, and practical applications of this subject through guided study and applied examples.",Critical Thinking; Research; Communication,Intermediate,4.6,University of Pennsylvania,,"Introduction to Corporate Finance Introduction to Corporate Finance introduces learners to the core ideas, foundational methods, and practical applications of this subject through guided study and applied examples. Critical Thinking; Research; Communication Intermediate University of Pennsylvania","{'organization': 'University of Pennsylvania', 'difficulty': 'Intermediate', 'rating': 4.6, 'url': ''}"
course_0482,Introduction to Cyber Attacks,"Introduction to Cyber Attacks introduces learners to the core ideas, foundational methods, and practical applications of this subject through guided study and applied examples.",Critical Thinking; Research; Communication,Beginner,4.7,New York University,,"Introduction to Cyber Attacks Introduction to Cyber Attacks introduces learners to the core ideas, foundational methods, and practical applications of this subject through guided study and applied examples. Critical Thinking; Research; Communication Beginner New York University","{'organization': 'New York University', 'difficulty': 'Beginner', 'rating': 4.7, 'url': ''}"
course_0483,Introduction to Cyber Security,"Introduction to Cyber Security covers the core ideas behind cloud-native systems, security principles, and the practical systems thinking needed to build and maintain modern digital services.",Security Fundamentals; Risk Management,Beginner,4.7,New York University,,"Introduction to Cyber Security Introduction to Cyber Security covers the core ideas behind cloud-native systems, security principles, and the practical systems thinking needed to build and maintain modern digital services. Security Fundamentals; Risk Management Beginner New York University","{'organization': 'New York University', 'difficulty': 'Beginner', 'rating': 4.7, 'url': ''}"
course_0484,Introduction to Cybersecurity Tools & Cyber Attacks,"Introduction to Cybersecurity Tools & Cyber Attacks covers the core ideas behind cloud-native systems, security principles, and the practical systems thinking needed to build and maintain modern digital services.",Security Fundamentals; Risk Management,Beginner,4.5,IBM,,"Introduction to Cybersecurity Tools & Cyber Attacks Introduction to Cybersecurity Tools & Cyber Attacks covers the core ideas behind cloud-native systems, security principles, and the practical systems thinking needed to build and maintain modern digital services. Security Fundamentals; Risk Management Beginner IBM","{'organization': 'IBM', 'difficulty': 'Beginner', 'rating': 4.5, 'url': ''}"
course_0485,Introduction to Data Analysis Using Excel,"Introduction to Data Analysis Using Excel introduces learners to the foundations of data analysis, statistical reasoning, and practical decision-making using real-world data examples.",Data Analysis; Statistics,Intermediate,4.7,Rice University,,"Introduction to Data Analysis Using Excel Introduction to Data Analysis Using Excel introduces learners to the foundations of data analysis, statistical reasoning, and practical decision-making using real-world data examples. Data Analysis; Statistics Intermediate Rice University","{'organization': 'Rice University', 'difficulty': 'Intermediate', 'rating': 4.7, 'url': ''}"
course_0486,Introduction to Data Science,"Introduction to Data Science introduces learners to the foundations of data analysis, statistical reasoning, and practical decision-making using real-world data examples.",Data Analysis; Statistics; Python,Beginner,4.6,IBM,,"Introduction to Data Science Introduction to Data Science introduces learners to the foundations of data analysis, statistical reasoning, and practical decision-making using real-world data examples. Data Analysis; Statistics; Python Beginner IBM","{'organization': 'IBM', 'difficulty': 'Beginner', 'rating': 4.6, 'url': ''}"
course_0487,Introduction to Data Science in Python,"Introduction to Data Science in Python introduces learners to the foundations of data analysis, statistical reasoning, and practical decision-making using real-world data examples.",Python; Data Analysis; Statistics,Intermediate,4.5,University of Michigan,,"Introduction to Data Science in Python Introduction to Data Science in Python introduces learners to the foundations of data analysis, statistical reasoning, and practical decision-making using real-world data examples. Python; Data Analysis; Statistics Intermediate University of Michigan","{'organization': 'University of Michigan', 'difficulty': 'Intermediate', 'rating': 4.5, 'url': ''}"
course_0488,Introduction to Dental Medicine,"Introduction to Dental Medicine introduces learners to the core ideas, foundational methods, and practical applications of this subject through guided study and applied examples.",Critical Thinking; Research; Communication,Beginner,4.8,University of Pennsylvania,,"Introduction to Dental Medicine Introduction to Dental Medicine introduces learners to the core ideas, foundational methods, and practical applications of this subject through guided study and applied examples. Critical Thinking; Research; Communication Beginner University of Pennsylvania","{'organization': 'University of Pennsylvania', 'difficulty': 'Beginner', 'rating': 4.8, 'url': ''}"
course_0489,Introduction to Discrete Mathematics for Computer Science,"Introduction to Discrete Mathematics for Computer Science introduces learners to the core ideas, foundational methods, and practical applications of this subject through guided study and applied examples.",Mathematics,Beginner,4.4,National Research University Higher School of Economics,,"Introduction to Discrete Mathematics for Computer Science Introduction to Discrete Mathematics for Computer Science introduces learners to the core ideas, foundational methods, and practical applications of this subject through guided study and applied examples. Mathematics Beginner National Research University Higher School of Economics","{'organization': 'National Research University Higher School of Economics', 'difficulty': 'Beginner', 'rating': 4.4, 'url': ''}"
course_0490,Introduction to Electronics,"Introduction to Electronics introduces learners to the core ideas, foundational methods, and practical applications of this subject through guided study and applied examples.",Critical Thinking; Research; Communication,Intermediate,4.7,Georgia Institute of Technology,,"Introduction to Electronics Introduction to Electronics introduces learners to the core ideas, foundational methods, and practical applications of this subject through guided study and applied examples. Critical Thinking; Research; Communication Intermediate Georgia Institute of Technology","{'organization': 'Georgia Institute of Technology', 'difficulty': 'Intermediate', 'rating': 4.7, 'url': ''}"
course_0491,Introduction to Embedded Systems Software and Development Environments,"Introduction to Embedded Systems Software and Development Environments guides learners through software engineering patterns, algorithmic problem solving, and effective coding practices.",Critical Thinking; Research; Communication,Intermediate,4.5,University of Colorado Boulder,,"Introduction to Embedded Systems Software and Development Environments Introduction to Embedded Systems Software and Development Environments guides learners through software engineering patterns, algorithmic problem solving, and effective coding practices. Critical Thinking; Research; Communication Intermediate University of Colorado Boulder","{'organization': 'University of Colorado Boulder', 'difficulty': 'Intermediate', 'rating': 4.5, 'url': ''}"
course_0492,Introduction to Engineering Mechanics,"Introduction to Engineering Mechanics introduces learners to the core ideas, foundational methods, and practical applications of this subject through guided study and applied examples.",Critical Thinking; Research; Communication,Intermediate,4.7,Georgia Institute of Technology,,"Introduction to Engineering Mechanics Introduction to Engineering Mechanics introduces learners to the core ideas, foundational methods, and practical applications of this subject through guided study and applied examples. Critical Thinking; Research; Communication Intermediate Georgia Institute of Technology","{'organization': 'Georgia Institute of Technology', 'difficulty': 'Intermediate', 'rating': 4.7, 'url': ''}"
course_0493,Introduction to Environmental Law and Policy,"Introduction to Environmental Law and Policy introduces learners to the core ideas, foundational methods, and practical applications of this subject through guided study and applied examples.",Critical Thinking; Research; Communication,Intermediate,4.8,The University of North Carolina at Chapel Hill,,"Introduction to Environmental Law and Policy Introduction to Environmental Law and Policy introduces learners to the core ideas, foundational methods, and practical applications of this subject through guided study and applied examples. Critical Thinking; Research; Communication Intermediate The University of North Carolina at Chapel Hill","{'organization': 'The University of North Carolina at Chapel Hill', 'difficulty': 'Intermediate', 'rating': 4.8, 'url': ''}"
course_0494,Introduction to Financial Accounting,"Introduction to Financial Accounting introduces learners to the core ideas, foundational methods, and practical applications of this subject through guided study and applied examples.",Critical Thinking; Research; Communication,Intermediate,4.7,University of Pennsylvania,,"Introduction to Financial Accounting Introduction to Financial Accounting introduces learners to the core ideas, foundational methods, and practical applications of this subject through guided study and applied examples. Critical Thinking; Research; Communication Intermediate University of Pennsylvania","{'organization': 'University of Pennsylvania', 'difficulty': 'Intermediate', 'rating': 4.7, 'url': ''}"
course_0495,Introduction to Forensic Science,"Introduction to Forensic Science introduces learners to the core ideas, foundational methods, and practical applications of this subject through guided study and applied examples.",Critical Thinking; Research; Communication,Intermediate,4.9,"Nanyang Technological University, Singapore",,"Introduction to Forensic Science Introduction to Forensic Science introduces learners to the core ideas, foundational methods, and practical applications of this subject through guided study and applied examples. Critical Thinking; Research; Communication Intermediate Nanyang Technological University, Singapore","{'organization': 'Nanyang Technological University, Singapore', 'difficulty': 'Intermediate', 'rating': 4.9, 'url': ''}"
course_0496,Introduction to Game Development,"Introduction to Game Development introduces learners to the core ideas, foundational methods, and practical applications of this subject through guided study and applied examples.",Critical Thinking; Research; Communication,Intermediate,4.8,Michigan State University,,"Introduction to Game Development Introduction to Game Development introduces learners to the core ideas, foundational methods, and practical applications of this subject through guided study and applied examples. Critical Thinking; Research; Communication Intermediate Michigan State University","{'organization': 'Michigan State University', 'difficulty': 'Intermediate', 'rating': 4.8, 'url': ''}"
course_0497,Introduction to Genetics and Evolution,"Introduction to Genetics and Evolution introduces learners to the core ideas, foundational methods, and practical applications of this subject through guided study and applied examples.",Critical Thinking; Research; Communication,Intermediate,4.8,Duke University,,"Introduction to Genetics and Evolution Introduction to Genetics and Evolution introduces learners to the core ideas, foundational methods, and practical applications of this subject through guided study and applied examples. Critical Thinking; Research; Communication Intermediate Duke University","{'organization': 'Duke University', 'difficulty': 'Intermediate', 'rating': 4.8, 'url': ''}"
course_0498,Introduction to Genomic Technologies,"Introduction to Genomic Technologies introduces learners to the core ideas, foundational methods, and practical applications of this subject through guided study and applied examples.",Critical Thinking; Research; Communication,Intermediate,4.6,Johns Hopkins University,,"Introduction to Genomic Technologies Introduction to Genomic Technologies introduces learners to the core ideas, foundational methods, and practical applications of this subject through guided study and applied examples. Critical Thinking; Research; Communication Intermediate Johns Hopkins University","{'organization': 'Johns Hopkins University', 'difficulty': 'Intermediate', 'rating': 4.6, 'url': ''}"
course_0499,Introduction to HTML5,"Introduction to HTML5 introduces learners to the core ideas, foundational methods, and practical applications of this subject through guided study and applied examples.",Critical Thinking; Research; Communication,Intermediate,4.7,University of Michigan,,"Introduction to HTML5 Introduction to HTML5 introduces learners to the core ideas, foundational methods, and practical applications of this subject through guided study and applied examples. Critical Thinking; Research; Communication Intermediate University of Michigan","{'organization': 'University of Michigan', 'difficulty': 'Intermediate', 'rating': 4.7, 'url': ''}"
course_0500,Introduction to Imagemaking,"Introduction to Imagemaking introduces learners to the core ideas, foundational methods, and practical applications of this subject through guided study and applied examples.",Critical Thinking; Research; Communication,Beginner,4.5,California Institute of the Arts,,"Introduction to Imagemaking Introduction to Imagemaking introduces learners to the core ideas, foundational methods, and practical applications of this subject through guided study and applied examples. Critical Thinking; Research; Communication Beginner California Institute of the Arts","{'organization': 'California Institute of the Arts', 'difficulty': 'Beginner', 'rating': 4.5, 'url': ''}"
course_0501,Introduction to Intellectual Property,"Introduction to Intellectual Property introduces learners to the core ideas, foundational methods, and practical applications of this subject through guided study and applied examples.",Critical Thinking; Research; Communication,Beginner,4.8,University of Pennsylvania,,"Introduction to Intellectual Property Introduction to Intellectual Property introduces learners to the core ideas, foundational methods, and practical applications of this subject through guided study and applied examples. Critical Thinking; Research; Communication Beginner University of Pennsylvania","{'organization': 'University of Pennsylvania', 'difficulty': 'Beginner', 'rating': 4.8, 'url': ''}"
course_0502,Introduction to International Criminal Law,"Introduction to International Criminal Law introduces learners to the core ideas, foundational methods, and practical applications of this subject through guided study and applied examples.",Critical Thinking; Research; Communication,Intermediate,4.8,Case Western Reserve University,,"Introduction to International Criminal Law Introduction to International Criminal Law introduces learners to the core ideas, foundational methods, and practical applications of this subject through guided study and applied examples. Critical Thinking; Research; Communication Intermediate Case Western Reserve University","{'organization': 'Case Western Reserve University', 'difficulty': 'Intermediate', 'rating': 4.8, 'url': ''}"
course_0503,Introduction to Marketing,"Introduction to Marketing introduces learners to the core ideas, foundational methods, and practical applications of this subject through guided study and applied examples.",Critical Thinking; Research; Communication,Intermediate,4.8,University of Pennsylvania,,"Introduction to Marketing Introduction to Marketing introduces learners to the core ideas, foundational methods, and practical applications of this subject through guided study and applied examples. Critical Thinking; Research; Communication Intermediate University of Pennsylvania","{'organization': 'University of Pennsylvania', 'difficulty': 'Intermediate', 'rating': 4.8, 'url': ''}"
course_0504,Introduction to Mathematical Thinking,"Introduction to Mathematical Thinking introduces learners to the core ideas, foundational methods, and practical applications of this subject through guided study and applied examples.",Critical Thinking; Research; Communication,Intermediate,4.8,Stanford University,,"Introduction to Mathematical Thinking Introduction to Mathematical Thinking introduces learners to the core ideas, foundational methods, and practical applications of this subject through guided study and applied examples. Critical Thinking; Research; Communication Intermediate Stanford University","{'organization': 'Stanford University', 'difficulty': 'Intermediate', 'rating': 4.8, 'url': ''}"
course_0505,Introduction to Operations Management,"Introduction to Operations Management introduces learners to the core ideas, foundational methods, and practical applications of this subject through guided study and applied examples.",Critical Thinking; Research; Communication,Intermediate,4.5,University of Pennsylvania,,"Introduction to Operations Management Introduction to Operations Management introduces learners to the core ideas, foundational methods, and practical applications of this subject through guided study and applied examples. Critical Thinking; Research; Communication Intermediate University of Pennsylvania","{'organization': 'University of Pennsylvania', 'difficulty': 'Intermediate', 'rating': 4.5, 'url': ''}"
course_0506,Introduction to Personal Branding,"Introduction to Personal Branding introduces learners to the core ideas, foundational methods, and practical applications of this subject through guided study and applied examples.",Critical Thinking; Research; Communication,Beginner,4.4,University of Virginia,,"Introduction to Personal Branding Introduction to Personal Branding introduces learners to the core ideas, foundational methods, and practical applications of this subject through guided study and applied examples. Critical Thinking; Research; Communication Beginner University of Virginia","{'organization': 'University of Virginia', 'difficulty': 'Beginner', 'rating': 4.4, 'url': ''}"
course_0507,Introduction to Philosophy,"Introduction to Philosophy introduces learners to the core ideas, foundational methods, and practical applications of this subject through guided study and applied examples.",Critical Thinking; Research; Communication,Intermediate,4.6,The University of Edinburgh,,"Introduction to Philosophy Introduction to Philosophy introduces learners to the core ideas, foundational methods, and practical applications of this subject through guided study and applied examples. Critical Thinking; Research; Communication Intermediate The University of Edinburgh","{'organization': 'The University of Edinburgh', 'difficulty': 'Intermediate', 'rating': 4.6, 'url': ''}"
course_0508,Introduction to Portfolio Construction and Analysis with Python,"Introduction to Portfolio Construction and Analysis with Python introduces learners to the core ideas, foundational methods, and practical applications of this subject through guided study and applied examples.",Python,Intermediate,4.8,EDHEC Business School,,"Introduction to Portfolio Construction and Analysis with Python Introduction to Portfolio Construction and Analysis with Python introduces learners to the core ideas, foundational methods, and practical applications of this subject through guided study and applied examples. Python Intermediate EDHEC Business School","{'organization': 'EDHEC Business School', 'difficulty': 'Intermediate', 'rating': 4.8, 'url': ''}"
course_0509,Introduction to Probability and Data,"Introduction to Probability and Data introduces learners to the core ideas, foundational methods, and practical applications of this subject through guided study and applied examples.",Critical Thinking; Research; Communication,Beginner,4.7,Duke University,,"Introduction to Probability and Data Introduction to Probability and Data introduces learners to the core ideas, foundational methods, and practical applications of this subject through guided study and applied examples. Critical Thinking; Research; Communication Beginner Duke University","{'organization': 'Duke University', 'difficulty': 'Beginner', 'rating': 4.7, 'url': ''}"
course_0510,Introduction to Programming in C,"Introduction to Programming in C guides learners through software engineering patterns, algorithmic problem solving, and effective coding practices.",Programming,Beginner,4.7,Duke University,,"Introduction to Programming in C Introduction to Programming in C guides learners through software engineering patterns, algorithmic problem solving, and effective coding practices. Programming Beginner Duke University","{'organization': 'Duke University', 'difficulty': 'Beginner', 'rating': 4.7, 'url': ''}"
course_0511,Introduction to Programming with MATLAB,"Introduction to Programming with MATLAB guides learners through software engineering patterns, algorithmic problem solving, and effective coding practices.",Programming,Beginner,4.8,Vanderbilt University,,"Introduction to Programming with MATLAB Introduction to Programming with MATLAB guides learners through software engineering patterns, algorithmic problem solving, and effective coding practices. Programming Beginner Vanderbilt University","{'organization': 'Vanderbilt University', 'difficulty': 'Beginner', 'rating': 4.8, 'url': ''}"
course_0512,Introduction to Psychology,"Introduction to Psychology introduces learners to the core ideas, foundational methods, and practical applications of this subject through guided study and applied examples.",Critical Thinking; Research; Communication,Beginner,4.9,Yale University,,"Introduction to Psychology Introduction to Psychology introduces learners to the core ideas, foundational methods, and practical applications of this subject through guided study and applied examples. Critical Thinking; Research; Communication Beginner Yale University","{'organization': 'Yale University', 'difficulty': 'Beginner', 'rating': 4.9, 'url': ''}"
course_0513,Introduction to Scripting in Python,"Introduction to Scripting in Python introduces learners to the core ideas, foundational methods, and practical applications of this subject through guided study and applied examples.",Python,Beginner,4.7,Rice University,,"Introduction to Scripting in Python Introduction to Scripting in Python introduces learners to the core ideas, foundational methods, and practical applications of this subject through guided study and applied examples. Python Beginner Rice University","{'organization': 'Rice University', 'difficulty': 'Beginner', 'rating': 4.7, 'url': ''}"
course_0514,Introduction to Self-Driving Cars,"Introduction to Self-Driving Cars introduces learners to the core ideas, foundational methods, and practical applications of this subject through guided study and applied examples.",Critical Thinking; Research; Communication,Advanced,4.8,University of Toronto,,"Introduction to Self-Driving Cars Introduction to Self-Driving Cars introduces learners to the core ideas, foundational methods, and practical applications of this subject through guided study and applied examples. Critical Thinking; Research; Communication Advanced University of Toronto","{'organization': 'University of Toronto', 'difficulty': 'Advanced', 'rating': 4.8, 'url': ''}"
course_0515,Introduction to Spreadsheets and Models,"Introduction to Spreadsheets and Models introduces learners to the core ideas, foundational methods, and practical applications of this subject through guided study and applied examples.",Critical Thinking; Research; Communication,Intermediate,4.2,University of Pennsylvania,,"Introduction to Spreadsheets and Models Introduction to Spreadsheets and Models introduces learners to the core ideas, foundational methods, and practical applications of this subject through guided study and applied examples. Critical Thinking; Research; Communication Intermediate University of Pennsylvania","{'organization': 'University of Pennsylvania', 'difficulty': 'Intermediate', 'rating': 4.2, 'url': ''}"
course_0516,Introduction to Statistics & Data Analysis in Public Health,"Introduction to Statistics & Data Analysis in Public Health introduces learners to the foundations of data analysis, statistical reasoning, and practical decision-making using real-world data examples.",Data Analysis; Statistics,Beginner,4.7,Imperial College London,,"Introduction to Statistics & Data Analysis in Public Health Introduction to Statistics & Data Analysis in Public Health introduces learners to the foundations of data analysis, statistical reasoning, and practical decision-making using real-world data examples. Data Analysis; Statistics Beginner Imperial College London","{'organization': 'Imperial College London', 'difficulty': 'Beginner', 'rating': 4.7, 'url': ''}"
course_0517,Introduction to Sustainability,"Introduction to Sustainability helps learners understand core concepts, algorithms, and applications used in modern machine learning and intelligent systems.",Artificial Intelligence,Intermediate,4.8,University of Illinois at Urbana-Champaign,,"Introduction to Sustainability Introduction to Sustainability helps learners understand core concepts, algorithms, and applications used in modern machine learning and intelligent systems. Artificial Intelligence Intermediate University of Illinois at Urbana-Champaign","{'organization': 'University of Illinois at Urbana-Champaign', 'difficulty': 'Intermediate', 'rating': 4.8, 'url': ''}"
course_0518,Introduction to Systematic Review and Meta-Analysis,"Introduction to Systematic Review and Meta-Analysis introduces learners to the core ideas, foundational methods, and practical applications of this subject through guided study and applied examples.",Critical Thinking; Research; Communication,Intermediate,4.8,Johns Hopkins University,,"Introduction to Systematic Review and Meta-Analysis Introduction to Systematic Review and Meta-Analysis introduces learners to the core ideas, foundational methods, and practical applications of this subject through guided study and applied examples. Critical Thinking; Research; Communication Intermediate Johns Hopkins University","{'organization': 'Johns Hopkins University', 'difficulty': 'Intermediate', 'rating': 4.8, 'url': ''}"
course_0519,Introduction to Systems Engineering,"Introduction to Systems Engineering introduces learners to the core ideas, foundational methods, and practical applications of this subject through guided study and applied examples.",Critical Thinking; Research; Communication,Intermediate,4.7,UNSW Sydney (The University of New South Wales),,"Introduction to Systems Engineering Introduction to Systems Engineering introduces learners to the core ideas, foundational methods, and practical applications of this subject through guided study and applied examples. Critical Thinking; Research; Communication Intermediate UNSW Sydney (The University of New South Wales)","{'organization': 'UNSW Sydney (The University of New South Wales)', 'difficulty': 'Intermediate', 'rating': 4.7, 'url': ''}"
course_0520,"Introduction to TensorFlow for Artificial Intelligence, Machine Learning, and Deep Learning","Introduction to TensorFlow for Artificial Intelligence, Machine Learning, and Deep Learning helps learners understand core concepts, algorithms, and applications used in modern machine learning and intelligent systems.",Machine Learning; Deep Learning; Artificial Intelligence,Intermediate,4.7,deeplearning.ai,,"Introduction to TensorFlow for Artificial Intelligence, Machine Learning, and Deep Learning Introduction to TensorFlow for Artificial Intelligence, Machine Learning, and Deep Learning helps learners understand core concepts, algorithms, and applications used in modern machine learning and intelligent systems. Machine Learning; Deep Learning; Artificial Intelligence Intermediate deeplearning.ai","{'organization': 'deeplearning.ai', 'difficulty': 'Intermediate', 'rating': 4.7, 'url': ''}"
course_0521,Introduction to Thermodynamics: Transferring Energy from Here to There,"Introduction to Thermodynamics: Transferring Energy from Here to There introduces learners to the core ideas, foundational methods, and practical applications of this subject through guided study and applied examples.",Critical Thinking; Research; Communication,Beginner,4.8,University of Michigan,,"Introduction to Thermodynamics: Transferring Energy from Here to There Introduction to Thermodynamics: Transferring Energy from Here to There introduces learners to the core ideas, foundational methods, and practical applications of this subject through guided study and applied examples. Critical Thinking; Research; Communication Beginner University of Michigan","{'organization': 'University of Michigan', 'difficulty': 'Beginner', 'rating': 4.8, 'url': ''}"
course_0522,"Introduction to Trading, Machine Learning & GCP","Introduction to Trading, Machine Learning & GCP helps learners understand core concepts, algorithms, and applications used in modern machine learning and intelligent systems.",Machine Learning; Cloud Computing; GCP,Intermediate,4.0,New York Institute of Finance,,"Introduction to Trading, Machine Learning & GCP Introduction to Trading, Machine Learning & GCP helps learners understand core concepts, algorithms, and applications used in modern machine learning and intelligent systems. Machine Learning; Cloud Computing; GCP Intermediate New York Institute of Finance","{'organization': 'New York Institute of Finance', 'difficulty': 'Intermediate', 'rating': 4.0, 'url': ''}"
course_0523,Introduction to Typography,"Introduction to Typography introduces learners to the core ideas, foundational methods, and practical applications of this subject through guided study and applied examples.",Critical Thinking; Research; Communication,Beginner,4.8,California Institute of the Arts,,"Introduction to Typography Introduction to Typography introduces learners to the core ideas, foundational methods, and practical applications of this subject through guided study and applied examples. Critical Thinking; Research; Communication Beginner California Institute of the Arts","{'organization': 'California Institute of the Arts', 'difficulty': 'Beginner', 'rating': 4.8, 'url': ''}"
course_0524,Introduction to User Experience Design,"Introduction to User Experience Design introduces learners to the core ideas, foundational methods, and practical applications of this subject through guided study and applied examples.",Critical Thinking; Research; Communication,Beginner,4.5,Georgia Institute of Technology,,"Introduction to User Experience Design Introduction to User Experience Design introduces learners to the core ideas, foundational methods, and practical applications of this subject through guided study and applied examples. Critical Thinking; Research; Communication Beginner Georgia Institute of Technology","{'organization': 'Georgia Institute of Technology', 'difficulty': 'Beginner', 'rating': 4.5, 'url': ''}"
course_0525,Introduction to User Experience Principles and Processes,"Introduction to User Experience Principles and Processes introduces learners to the core ideas, foundational methods, and practical applications of this subject through guided study and applied examples.",Critical Thinking; Research; Communication,Beginner,4.8,University of Michigan,,"Introduction to User Experience Principles and Processes Introduction to User Experience Principles and Processes introduces learners to the core ideas, foundational methods, and practical applications of this subject through guided study and applied examples. Critical Thinking; Research; Communication Beginner University of Michigan","{'organization': 'University of Michigan', 'difficulty': 'Beginner', 'rating': 4.8, 'url': ''}"
course_0526,Introduction to Web Development,"Introduction to Web Development introduces learners to the core ideas, foundational methods, and practical applications of this subject through guided study and applied examples.",Web Development; JavaScript,Beginner,4.7,"University of California, Davis",,"Introduction to Web Development Introduction to Web Development introduces learners to the core ideas, foundational methods, and practical applications of this subject through guided study and applied examples. Web Development; JavaScript Beginner University of California, Davis","{'organization': 'University of California, Davis', 'difficulty': 'Beginner', 'rating': 4.7, 'url': ''}"
course_0527,Introduction to the Biology of Cancer,"Introduction to the Biology of Cancer introduces learners to the core ideas, foundational methods, and practical applications of this subject through guided study and applied examples.",Critical Thinking; Research; Communication,Beginner,4.8,Johns Hopkins University,,"Introduction to the Biology of Cancer Introduction to the Biology of Cancer introduces learners to the core ideas, foundational methods, and practical applications of this subject through guided study and applied examples. Critical Thinking; Research; Communication Beginner Johns Hopkins University","{'organization': 'Johns Hopkins University', 'difficulty': 'Beginner', 'rating': 4.8, 'url': ''}"
course_0528,Introductory Human Physiology,"Introductory Human Physiology introduces learners to the core ideas, foundational methods, and practical applications of this subject through guided study and applied examples.",Critical Thinking; Research; Communication,Intermediate,4.7,Duke University,,"Introductory Human Physiology Introductory Human Physiology introduces learners to the core ideas, foundational methods, and practical applications of this subject through guided study and applied examples. Critical Thinking; Research; Communication Intermediate Duke University","{'organization': 'Duke University', 'difficulty': 'Intermediate', 'rating': 4.7, 'url': ''}"
course_0529,Introducao aos Principios e Praticas da Gestao De Projetos,"Introducao aos Principios e Praticas da Gestao De Projetos introduces learners to the core ideas, foundational methods, and practical applications of this subject through guided study and applied examples.",Critical Thinking; Research; Communication,Beginner,4.9,Universidade de Sao Paulo,,"Introducao aos Principios e Praticas da Gestao De Projetos Introducao aos Principios e Praticas da Gestao De Projetos introduces learners to the core ideas, foundational methods, and practical applications of this subject through guided study and applied examples. Critical Thinking; Research; Communication Beginner Universidade de Sao Paulo","{'organization': 'Universidade de Sao Paulo', 'difficulty': 'Beginner', 'rating': 4.9, 'url': ''}"
course_0530,Introducao a Ciencia da Computacao com Python Parte 1,"Introducao a Ciencia da Computacao com Python Parte 1 introduces learners to the core ideas, foundational methods, and practical applications of this subject through guided study and applied examples.",Python,Beginner,4.9,Universidade de Sao Paulo,,"Introducao a Ciencia da Computacao com Python Parte 1 Introducao a Ciencia da Computacao com Python Parte 1 introduces learners to the core ideas, foundational methods, and practical applications of this subject through guided study and applied examples. Python Beginner Universidade de Sao Paulo","{'organization': 'Universidade de Sao Paulo', 'difficulty': 'Beginner', 'rating': 4.9, 'url': ''}"
course_0531,Investment Management,"Investment Management introduces learners to the core ideas, foundational methods, and practical applications of this subject through guided study and applied examples.",Critical Thinking; Research; Communication,Beginner,4.7,University of Geneva,,"Investment Management Investment Management introduces learners to the core ideas, foundational methods, and practical applications of this subject through guided study and applied examples. Critical Thinking; Research; Communication Beginner University of Geneva","{'organization': 'University of Geneva', 'difficulty': 'Beginner', 'rating': 4.7, 'url': ''}"
course_0532,Investment Management with Python and Machine Learning,"Investment Management with Python and Machine Learning helps learners understand core concepts, algorithms, and applications used in modern machine learning and intelligent systems.",Python; Machine Learning,Beginner,4.6,EDHEC Business School,,"Investment Management with Python and Machine Learning Investment Management with Python and Machine Learning helps learners understand core concepts, algorithms, and applications used in modern machine learning and intelligent systems. Python; Machine Learning Beginner EDHEC Business School","{'organization': 'EDHEC Business School', 'difficulty': 'Beginner', 'rating': 4.6, 'url': ''}"
course_0533,Investment and Portfolio Management,"Investment and Portfolio Management introduces learners to the core ideas, foundational methods, and practical applications of this subject through guided study and applied examples.",Critical Thinking; Research; Communication,Beginner,4.5,Rice University,,"Investment and Portfolio Management Investment and Portfolio Management introduces learners to the core ideas, foundational methods, and practical applications of this subject through guided study and applied examples. Critical Thinking; Research; Communication Beginner Rice University","{'organization': 'Rice University', 'difficulty': 'Beginner', 'rating': 4.5, 'url': ''}"
course_0534,Japanese for beginners 1,"Japanese for beginners 1 introduces learners to the core ideas, foundational methods, and practical applications of this subject through guided study and applied examples.",Critical Thinking; Research; Communication,Beginner,4.6,Saint Petersburg State University,,"Japanese for beginners 1 Japanese for beginners 1 introduces learners to the core ideas, foundational methods, and practical applications of this subject through guided study and applied examples. Critical Thinking; Research; Communication Beginner Saint Petersburg State University","{'organization': 'Saint Petersburg State University', 'difficulty': 'Beginner', 'rating': 4.6, 'url': ''}"
course_0535,Java Programming and Software Engineering Fundamentals,"Java Programming and Software Engineering Fundamentals guides learners through software engineering patterns, algorithmic problem solving, and effective coding practices.",Programming; Software Engineering; Java,Beginner,4.6,Duke University,,"Java Programming and Software Engineering Fundamentals Java Programming and Software Engineering Fundamentals guides learners through software engineering patterns, algorithmic problem solving, and effective coding practices. Programming; Software Engineering; Java Beginner Duke University","{'organization': 'Duke University', 'difficulty': 'Beginner', 'rating': 4.6, 'url': ''}"
course_0536,Java Programming: Solving Problems with Software,"Java Programming: Solving Problems with Software guides learners through software engineering patterns, algorithmic problem solving, and effective coding practices.",Programming; Java,Beginner,4.6,Duke University,,"Java Programming: Solving Problems with Software Java Programming: Solving Problems with Software guides learners through software engineering patterns, algorithmic problem solving, and effective coding practices. Programming; Java Beginner Duke University","{'organization': 'Duke University', 'difficulty': 'Beginner', 'rating': 4.6, 'url': ''}"
course_0537,Julia Scientific Programming,"Julia Scientific Programming guides learners through software engineering patterns, algorithmic problem solving, and effective coding practices.",Programming,Beginner,4.5,University of Cape Town,,"Julia Scientific Programming Julia Scientific Programming guides learners through software engineering patterns, algorithmic problem solving, and effective coding practices. Programming Beginner University of Cape Town","{'organization': 'University of Cape Town', 'difficulty': 'Beginner', 'rating': 4.5, 'url': ''}"
course_0538,Kotlin for Java Developers,"Kotlin for Java Developers guides learners through software engineering patterns, algorithmic problem solving, and effective coding practices.",Java; Programming,Intermediate,4.7,JetBrains,,"Kotlin for Java Developers Kotlin for Java Developers guides learners through software engineering patterns, algorithmic problem solving, and effective coding practices. Java; Programming Intermediate JetBrains","{'organization': 'JetBrains', 'difficulty': 'Intermediate', 'rating': 4.7, 'url': ''}"
course_0539,L'excellence operationnelle en pratique,"L'excellence operationnelle en pratique introduces learners to the core ideas, foundational methods, and practical applications of this subject through guided study and applied examples.",Critical Thinking; Research; Communication,Beginner,4.7,ESSEC Business School,,"L'excellence operationnelle en pratique L'excellence operationnelle en pratique introduces learners to the core ideas, foundational methods, and practical applications of this subject through guided study and applied examples. Critical Thinking; Research; Communication Beginner ESSEC Business School","{'organization': 'ESSEC Business School', 'difficulty': 'Beginner', 'rating': 4.7, 'url': ''}"
course_0540,"L'impact investing, la finance qui change le monde","L'impact investing, la finance qui change le monde introduces learners to the core ideas, foundational methods, and practical applications of this subject through guided study and applied examples.",Critical Thinking; Research; Communication,Beginner,4.6,ESSEC Business School,,"L'impact investing, la finance qui change le monde L'impact investing, la finance qui change le monde introduces learners to the core ideas, foundational methods, and practical applications of this subject through guided study and applied examples. Critical Thinking; Research; Communication Beginner ESSEC Business School","{'organization': 'ESSEC Business School', 'difficulty': 'Beginner', 'rating': 4.6, 'url': ''}"
course_0541,Leadership Development for Engineers,"Leadership Development for Engineers introduces learners to the core ideas, foundational methods, and practical applications of this subject through guided study and applied examples.",Critical Thinking; Research; Communication,Beginner,4.7,Rice University,,"Leadership Development for Engineers Leadership Development for Engineers introduces learners to the core ideas, foundational methods, and practical applications of this subject through guided study and applied examples. Critical Thinking; Research; Communication Beginner Rice University","{'organization': 'Rice University', 'difficulty': 'Beginner', 'rating': 4.7, 'url': ''}"
course_0542,Leadership in 21st Century Organizations,"Leadership in 21st Century Organizations introduces learners to the core ideas, foundational methods, and practical applications of this subject through guided study and applied examples.",Critical Thinking; Research; Communication,Intermediate,4.7,Copenhagen Business School,,"Leadership in 21st Century Organizations Leadership in 21st Century Organizations introduces learners to the core ideas, foundational methods, and practical applications of this subject through guided study and applied examples. Critical Thinking; Research; Communication Intermediate Copenhagen Business School","{'organization': 'Copenhagen Business School', 'difficulty': 'Intermediate', 'rating': 4.7, 'url': ''}"
course_0543,Leading Healthcare Quality and Safety,"Leading Healthcare Quality and Safety introduces learners to the core ideas, foundational methods, and practical applications of this subject through guided study and applied examples.",Critical Thinking; Research; Communication,Beginner,4.8,The George Washington University,,"Leading Healthcare Quality and Safety Leading Healthcare Quality and Safety introduces learners to the core ideas, foundational methods, and practical applications of this subject through guided study and applied examples. Critical Thinking; Research; Communication Beginner The George Washington University","{'organization': 'The George Washington University', 'difficulty': 'Beginner', 'rating': 4.8, 'url': ''}"
course_0544,Leading People and Teams,"Leading People and Teams introduces learners to the core ideas, foundational methods, and practical applications of this subject through guided study and applied examples.",Critical Thinking; Research; Communication,Beginner,4.7,University of Michigan,,"Leading People and Teams Leading People and Teams introduces learners to the core ideas, foundational methods, and practical applications of this subject through guided study and applied examples. Critical Thinking; Research; Communication Beginner University of Michigan","{'organization': 'University of Michigan', 'difficulty': 'Beginner', 'rating': 4.7, 'url': ''}"
course_0545,"Leading for Equity, Diversity and Inclusion in Higher Education","Leading for Equity, Diversity and Inclusion in Higher Education introduces learners to the core ideas, foundational methods, and practical applications of this subject through guided study and applied examples.",Critical Thinking; Research; Communication,Intermediate,4.7,University of Michigan,,"Leading for Equity, Diversity and Inclusion in Higher Education Leading for Equity, Diversity and Inclusion in Higher Education introduces learners to the core ideas, foundational methods, and practical applications of this subject through guided study and applied examples. Critical Thinking; Research; Communication Intermediate University of Michigan","{'organization': 'University of Michigan', 'difficulty': 'Intermediate', 'rating': 4.7, 'url': ''}"
course_0546,Leading: Human Resource Management and Leadership,"Leading: Human Resource Management and Leadership introduces learners to the core ideas, foundational methods, and practical applications of this subject through guided study and applied examples.",Critical Thinking; Research; Communication,Intermediate,4.8,Macquarie University,,"Leading: Human Resource Management and Leadership Leading: Human Resource Management and Leadership introduces learners to the core ideas, foundational methods, and practical applications of this subject through guided study and applied examples. Critical Thinking; Research; Communication Intermediate Macquarie University","{'organization': 'Macquarie University', 'difficulty': 'Intermediate', 'rating': 4.8, 'url': ''}"
course_0547,Learn Chinese: HSK Test Preparation,"Learn Chinese: HSK Test Preparation introduces learners to the core ideas, foundational methods, and practical applications of this subject through guided study and applied examples.",Critical Thinking; Research; Communication,Beginner,4.8,Peking University,,"Learn Chinese: HSK Test Preparation Learn Chinese: HSK Test Preparation introduces learners to the core ideas, foundational methods, and practical applications of this subject through guided study and applied examples. Critical Thinking; Research; Communication Beginner Peking University","{'organization': 'Peking University', 'difficulty': 'Beginner', 'rating': 4.8, 'url': ''}"
course_0548,Learn English,"Learn English introduces learners to the core ideas, foundational methods, and practical applications of this subject through guided study and applied examples.",Critical Thinking; Research; Communication,Beginner,4.3,Tsinghua University,,"Learn English Learn English introduces learners to the core ideas, foundational methods, and practical applications of this subject through guided study and applied examples. Critical Thinking; Research; Communication Beginner Tsinghua University","{'organization': 'Tsinghua University', 'difficulty': 'Beginner', 'rating': 4.3, 'url': ''}"
course_0549,Learn English: Advanced Academic Speaking and Listening,"Learn English: Advanced Academic Speaking and Listening introduces learners to the core ideas, foundational methods, and practical applications of this subject through guided study and applied examples.",Critical Thinking; Research; Communication,Intermediate,4.5,"University of California, Irvine",,"Learn English: Advanced Academic Speaking and Listening Learn English: Advanced Academic Speaking and Listening introduces learners to the core ideas, foundational methods, and practical applications of this subject through guided study and applied examples. Critical Thinking; Research; Communication Intermediate University of California, Irvine","{'organization': 'University of California, Irvine', 'difficulty': 'Intermediate', 'rating': 4.5, 'url': ''}"
course_0550,Learn English: Advanced Grammar and Punctuation,"Learn English: Advanced Grammar and Punctuation introduces learners to the core ideas, foundational methods, and practical applications of this subject through guided study and applied examples.",Critical Thinking; Research; Communication,Advanced,4.8,"University of California, Irvine",,"Learn English: Advanced Grammar and Punctuation Learn English: Advanced Grammar and Punctuation introduces learners to the core ideas, foundational methods, and practical applications of this subject through guided study and applied examples. Critical Thinking; Research; Communication Advanced University of California, Irvine","{'organization': 'University of California, Irvine', 'difficulty': 'Advanced', 'rating': 4.8, 'url': ''}"
course_0551,Learn English: Intermediate Grammar,"Learn English: Intermediate Grammar introduces learners to the core ideas, foundational methods, and practical applications of this subject through guided study and applied examples.",Critical Thinking; Research; Communication,Intermediate,4.7,"University of California, Irvine",,"Learn English: Intermediate Grammar Learn English: Intermediate Grammar introduces learners to the core ideas, foundational methods, and practical applications of this subject through guided study and applied examples. Critical Thinking; Research; Communication Intermediate University of California, Irvine","{'organization': 'University of California, Irvine', 'difficulty': 'Intermediate', 'rating': 4.7, 'url': ''}"
course_0552,Learn Mandarin Chinese,"Learn Mandarin Chinese introduces learners to the core ideas, foundational methods, and practical applications of this subject through guided study and applied examples.",Critical Thinking; Research; Communication,Beginner,4.8,Shanghai Jiao Tong University,,"Learn Mandarin Chinese Learn Mandarin Chinese introduces learners to the core ideas, foundational methods, and practical applications of this subject through guided study and applied examples. Critical Thinking; Research; Communication Beginner Shanghai Jiao Tong University","{'organization': 'Shanghai Jiao Tong University', 'difficulty': 'Beginner', 'rating': 4.8, 'url': ''}"
course_0553,Learn SQL Basics for Data Science,"Learn SQL Basics for Data Science introduces learners to the foundations of data analysis, statistical reasoning, and practical decision-making using real-world data examples.",Data Analysis; Statistics; Python; SQL; Databases,Beginner,4.6,"University of California, Davis",,"Learn SQL Basics for Data Science Learn SQL Basics for Data Science introduces learners to the foundations of data analysis, statistical reasoning, and practical decision-making using real-world data examples. Data Analysis; Statistics; Python; SQL; Databases Beginner University of California, Davis","{'organization': 'University of California, Davis', 'difficulty': 'Beginner', 'rating': 4.6, 'url': ''}"
course_0554,Learn Spanish: Basic Spanish Vocabulary,"Learn Spanish: Basic Spanish Vocabulary introduces learners to the core ideas, foundational methods, and practical applications of this subject through guided study and applied examples.",Critical Thinking; Research; Communication,Beginner,4.6,"University of California, Davis",,"Learn Spanish: Basic Spanish Vocabulary Learn Spanish: Basic Spanish Vocabulary introduces learners to the core ideas, foundational methods, and practical applications of this subject through guided study and applied examples. Critical Thinking; Research; Communication Beginner University of California, Davis","{'organization': 'University of California, Davis', 'difficulty': 'Beginner', 'rating': 4.6, 'url': ''}"
course_0555,Learn to Program: The Fundamentals,"Learn to Program: The Fundamentals introduces learners to the core ideas, foundational methods, and practical applications of this subject through guided study and applied examples.",Critical Thinking; Research; Communication,Beginner,4.8,University of Toronto,,"Learn to Program: The Fundamentals Learn to Program: The Fundamentals introduces learners to the core ideas, foundational methods, and practical applications of this subject through guided study and applied examples. Critical Thinking; Research; Communication Beginner University of Toronto","{'organization': 'University of Toronto', 'difficulty': 'Beginner', 'rating': 4.8, 'url': ''}"
course_0556,Learn to Speak Korean 1,"Learn to Speak Korean 1 introduces learners to the core ideas, foundational methods, and practical applications of this subject through guided study and applied examples.",Critical Thinking; Research; Communication,Beginner,4.9,Yonsei University,,"Learn to Speak Korean 1 Learn to Speak Korean 1 introduces learners to the core ideas, foundational methods, and practical applications of this subject through guided study and applied examples. Critical Thinking; Research; Communication Beginner Yonsei University","{'organization': 'Yonsei University', 'difficulty': 'Beginner', 'rating': 4.9, 'url': ''}"
course_0557,Learning to Teach Online,"Learning to Teach Online introduces learners to the core ideas, foundational methods, and practical applications of this subject through guided study and applied examples.",Critical Thinking; Research; Communication,Beginner,4.7,UNSW Sydney (The University of New South Wales),,"Learning to Teach Online Learning to Teach Online introduces learners to the core ideas, foundational methods, and practical applications of this subject through guided study and applied examples. Critical Thinking; Research; Communication Beginner UNSW Sydney (The University of New South Wales)","{'organization': 'UNSW Sydney (The University of New South Wales)', 'difficulty': 'Beginner', 'rating': 4.7, 'url': ''}"
course_0558,Legal Tech & Startups,"Legal Tech & Startups introduces learners to the core ideas, foundational methods, and practical applications of this subject through guided study and applied examples.",Critical Thinking; Research; Communication,Intermediate,4.5,IE Business School,,"Legal Tech & Startups Legal Tech & Startups introduces learners to the core ideas, foundational methods, and practical applications of this subject through guided study and applied examples. Critical Thinking; Research; Communication Intermediate IE Business School","{'organization': 'IE Business School', 'difficulty': 'Intermediate', 'rating': 4.5, 'url': ''}"
course_0559,Les Fondamentaux de la Negociation,"Les Fondamentaux de la Negociation introduces learners to the core ideas, foundational methods, and practical applications of this subject through guided study and applied examples.",Critical Thinking; Research; Communication,Beginner,4.7,ESSEC Business School,,"Les Fondamentaux de la Negociation Les Fondamentaux de la Negociation introduces learners to the core ideas, foundational methods, and practical applications of this subject through guided study and applied examples. Critical Thinking; Research; Communication Beginner ESSEC Business School","{'organization': 'ESSEC Business School', 'difficulty': 'Beginner', 'rating': 4.7, 'url': ''}"
course_0560,Liderazgo efectivo para el siglo XXI,"Liderazgo efectivo para el siglo XXI introduces learners to the core ideas, foundational methods, and practical applications of this subject through guided study and applied examples.",Critical Thinking; Research; Communication,Intermediate,4.8,Universidad de los Andes,,"Liderazgo efectivo para el siglo XXI Liderazgo efectivo para el siglo XXI introduces learners to the core ideas, foundational methods, and practical applications of this subject through guided study and applied examples. Critical Thinking; Research; Communication Intermediate Universidad de los Andes","{'organization': 'Universidad de los Andes', 'difficulty': 'Intermediate', 'rating': 4.8, 'url': ''}"
course_0561,Linear Circuits 1: DC Analysis,"Linear Circuits 1: DC Analysis introduces learners to the core ideas, foundational methods, and practical applications of this subject through guided study and applied examples.",Critical Thinking; Research; Communication,Intermediate,4.6,Georgia Institute of Technology,,"Linear Circuits 1: DC Analysis Linear Circuits 1: DC Analysis introduces learners to the core ideas, foundational methods, and practical applications of this subject through guided study and applied examples. Critical Thinking; Research; Communication Intermediate Georgia Institute of Technology","{'organization': 'Georgia Institute of Technology', 'difficulty': 'Intermediate', 'rating': 4.6, 'url': ''}"
course_0562,Love as a Force for Social Justice,"Love as a Force for Social Justice introduces learners to the core ideas, foundational methods, and practical applications of this subject through guided study and applied examples.",Critical Thinking; Research; Communication,Beginner,4.7,Stanford University,,"Love as a Force for Social Justice Love as a Force for Social Justice introduces learners to the core ideas, foundational methods, and practical applications of this subject through guided study and applied examples. Critical Thinking; Research; Communication Beginner Stanford University","{'organization': 'Stanford University', 'difficulty': 'Beginner', 'rating': 4.7, 'url': ''}"
course_0563,Machine Learning,"Machine Learning helps learners understand core concepts, algorithms, and applications used in modern machine learning and intelligent systems.",Machine Learning,Intermediate,4.6,University of Washington,,"Machine Learning Machine Learning helps learners understand core concepts, algorithms, and applications used in modern machine learning and intelligent systems. Machine Learning Intermediate University of Washington","{'organization': 'University of Washington', 'difficulty': 'Intermediate', 'rating': 4.6, 'url': ''}"
course_0565,Machine Learning Foundations: A Case Study Approach,"Machine Learning Foundations: A Case Study Approach helps learners understand core concepts, algorithms, and applications used in modern machine learning and intelligent systems.",Machine Learning,Intermediate,4.6,University of Washington,,"Machine Learning Foundations: A Case Study Approach Machine Learning Foundations: A Case Study Approach helps learners understand core concepts, algorithms, and applications used in modern machine learning and intelligent systems. Machine Learning Intermediate University of Washington","{'organization': 'University of Washington', 'difficulty': 'Intermediate', 'rating': 4.6, 'url': ''}"
course_0566,Machine Learning and Reinforcement Learning in Finance,"Machine Learning and Reinforcement Learning in Finance helps learners understand core concepts, algorithms, and applications used in modern machine learning and intelligent systems.",Machine Learning,Intermediate,3.7,New York University,,"Machine Learning and Reinforcement Learning in Finance Machine Learning and Reinforcement Learning in Finance helps learners understand core concepts, algorithms, and applications used in modern machine learning and intelligent systems. Machine Learning Intermediate New York University","{'organization': 'New York University', 'difficulty': 'Intermediate', 'rating': 3.7, 'url': ''}"
course_0567,Machine Learning for All,"Machine Learning for All helps learners understand core concepts, algorithms, and applications used in modern machine learning and intelligent systems.",Machine Learning,Beginner,4.6,University of London,,"Machine Learning for All Machine Learning for All helps learners understand core concepts, algorithms, and applications used in modern machine learning and intelligent systems. Machine Learning Beginner University of London","{'organization': 'University of London', 'difficulty': 'Beginner', 'rating': 4.6, 'url': ''}"
course_0568,Machine Learning for Business Professionals,"Machine Learning for Business Professionals helps learners understand core concepts, algorithms, and applications used in modern machine learning and intelligent systems.",Machine Learning,Intermediate,4.6,Google Cloud,,"Machine Learning for Business Professionals Machine Learning for Business Professionals helps learners understand core concepts, algorithms, and applications used in modern machine learning and intelligent systems. Machine Learning Intermediate Google Cloud","{'organization': 'Google Cloud', 'difficulty': 'Intermediate', 'rating': 4.6, 'url': ''}"
course_0569,Machine Learning for Trading,"Machine Learning for Trading helps learners understand core concepts, algorithms, and applications used in modern machine learning and intelligent systems.",Machine Learning,Intermediate,3.9,Google Cloud,,"Machine Learning for Trading Machine Learning for Trading helps learners understand core concepts, algorithms, and applications used in modern machine learning and intelligent systems. Machine Learning Intermediate Google Cloud","{'organization': 'Google Cloud', 'difficulty': 'Intermediate', 'rating': 3.9, 'url': ''}"
course_0570,Machine Learning with Python,"Machine Learning with Python helps learners understand core concepts, algorithms, and applications used in modern machine learning and intelligent systems.",Python; Machine Learning,Intermediate,4.7,IBM,,"Machine Learning with Python Machine Learning with Python helps learners understand core concepts, algorithms, and applications used in modern machine learning and intelligent systems. Python; Machine Learning Intermediate IBM","{'organization': 'IBM', 'difficulty': 'Intermediate', 'rating': 4.7, 'url': ''}"
course_0571,Machine Learning with TensorFlow on Google Cloud Platform,"Machine Learning with TensorFlow on Google Cloud Platform helps learners understand core concepts, algorithms, and applications used in modern machine learning and intelligent systems.",Machine Learning; Cloud Computing; Security Fundamentals,Intermediate,4.5,Google Cloud,,"Machine Learning with TensorFlow on Google Cloud Platform Machine Learning with TensorFlow on Google Cloud Platform helps learners understand core concepts, algorithms, and applications used in modern machine learning and intelligent systems. Machine Learning; Cloud Computing; Security Fundamentals Intermediate Google Cloud","{'organization': 'Google Cloud', 'difficulty': 'Intermediate', 'rating': 4.5, 'url': ''}"
course_0572,Magic in the Middle Ages,"Magic in the Middle Ages introduces learners to the core ideas, foundational methods, and practical applications of this subject through guided study and applied examples.",Critical Thinking; Research; Communication,Beginner,4.6,Universitat de Barcelona,,"Magic in the Middle Ages Magic in the Middle Ages introduces learners to the core ideas, foundational methods, and practical applications of this subject through guided study and applied examples. Critical Thinking; Research; Communication Beginner Universitat de Barcelona","{'organization': 'Universitat de Barcelona', 'difficulty': 'Beginner', 'rating': 4.6, 'url': ''}"
course_0573,Making Architecture,"Making Architecture introduces learners to the core ideas, foundational methods, and practical applications of this subject through guided study and applied examples.",Critical Thinking; Research; Communication,Beginner,4.7,IE School of Architecture & Design,,"Making Architecture Making Architecture introduces learners to the core ideas, foundational methods, and practical applications of this subject through guided study and applied examples. Critical Thinking; Research; Communication Beginner IE School of Architecture & Design","{'organization': 'IE School of Architecture & Design', 'difficulty': 'Beginner', 'rating': 4.7, 'url': ''}"
course_0574,Management of Fashion and Luxury Companies,"Management of Fashion and Luxury Companies introduces learners to the core ideas, foundational methods, and practical applications of this subject through guided study and applied examples.",Critical Thinking; Research; Communication,Intermediate,4.7,Universita Bocconi,,"Management of Fashion and Luxury Companies Management of Fashion and Luxury Companies introduces learners to the core ideas, foundational methods, and practical applications of this subject through guided study and applied examples. Critical Thinking; Research; Communication Intermediate Universita Bocconi","{'organization': 'Universita Bocconi', 'difficulty': 'Intermediate', 'rating': 4.7, 'url': ''}"
course_0575,Managerial Accounting Fundamentals,"Managerial Accounting Fundamentals introduces learners to the core ideas, foundational methods, and practical applications of this subject through guided study and applied examples.",Critical Thinking; Research; Communication,Beginner,4.9,University of Virginia,,"Managerial Accounting Fundamentals Managerial Accounting Fundamentals introduces learners to the core ideas, foundational methods, and practical applications of this subject through guided study and applied examples. Critical Thinking; Research; Communication Beginner University of Virginia","{'organization': 'University of Virginia', 'difficulty': 'Beginner', 'rating': 4.9, 'url': ''}"
course_0576,Managerial Economics and Business Analysis,"Managerial Economics and Business Analysis introduces learners to the core ideas, foundational methods, and practical applications of this subject through guided study and applied examples.",Critical Thinking; Research; Communication,Beginner,4.7,University of Illinois at Urbana-Champaign,,"Managerial Economics and Business Analysis Managerial Economics and Business Analysis introduces learners to the core ideas, foundational methods, and practical applications of this subject through guided study and applied examples. Critical Thinking; Research; Communication Beginner University of Illinois at Urbana-Champaign","{'organization': 'University of Illinois at Urbana-Champaign', 'difficulty': 'Beginner', 'rating': 4.7, 'url': ''}"
course_0577,Managing Innovation and Design Thinking,"Managing Innovation and Design Thinking introduces learners to the core ideas, foundational methods, and practical applications of this subject through guided study and applied examples.",Critical Thinking; Research; Communication,Beginner,4.7,HEC Paris,,"Managing Innovation and Design Thinking Managing Innovation and Design Thinking introduces learners to the core ideas, foundational methods, and practical applications of this subject through guided study and applied examples. Critical Thinking; Research; Communication Beginner HEC Paris","{'organization': 'HEC Paris', 'difficulty': 'Beginner', 'rating': 4.7, 'url': ''}"
course_0578,Managing Project Risks and Changes,"Managing Project Risks and Changes introduces learners to the core ideas, foundational methods, and practical applications of this subject through guided study and applied examples.",Critical Thinking; Research; Communication,Intermediate,4.7,"University of California, Irvine",,"Managing Project Risks and Changes Managing Project Risks and Changes introduces learners to the core ideas, foundational methods, and practical applications of this subject through guided study and applied examples. Critical Thinking; Research; Communication Intermediate University of California, Irvine","{'organization': 'University of California, Irvine', 'difficulty': 'Intermediate', 'rating': 4.7, 'url': ''}"
course_0579,Managing Social and Human Capital,"Managing Social and Human Capital introduces learners to the core ideas, foundational methods, and practical applications of this subject through guided study and applied examples.",Critical Thinking; Research; Communication,Beginner,4.5,University of Pennsylvania,,"Managing Social and Human Capital Managing Social and Human Capital introduces learners to the core ideas, foundational methods, and practical applications of this subject through guided study and applied examples. Critical Thinking; Research; Communication Beginner University of Pennsylvania","{'organization': 'University of Pennsylvania', 'difficulty': 'Beginner', 'rating': 4.5, 'url': ''}"
course_0580,Managing Your Health: The Role of Physical Therapy and Exercise,"Managing Your Health: The Role of Physical Therapy and Exercise introduces learners to the core ideas, foundational methods, and practical applications of this subject through guided study and applied examples.",Critical Thinking; Research; Communication,Beginner,4.6,University of Toronto,,"Managing Your Health: The Role of Physical Therapy and Exercise Managing Your Health: The Role of Physical Therapy and Exercise introduces learners to the core ideas, foundational methods, and practical applications of this subject through guided study and applied examples. Critical Thinking; Research; Communication Beginner University of Toronto","{'organization': 'University of Toronto', 'difficulty': 'Beginner', 'rating': 4.6, 'url': ''}"
course_0581,Market Research,"Market Research introduces learners to the core ideas, foundational methods, and practical applications of this subject through guided study and applied examples.",Critical Thinking; Research; Communication,Beginner,4.5,"University of California, Davis",,"Market Research Market Research introduces learners to the core ideas, foundational methods, and practical applications of this subject through guided study and applied examples. Critical Thinking; Research; Communication Beginner University of California, Davis","{'organization': 'University of California, Davis', 'difficulty': 'Beginner', 'rating': 4.5, 'url': ''}"
course_0582,Marketing Digital,"Marketing Digital introduces learners to the core ideas, foundational methods, and practical applications of this subject through guided study and applied examples.",Critical Thinking; Research; Communication,Beginner,4.8,Universidade de Sao Paulo,,"Marketing Digital Marketing Digital introduces learners to the core ideas, foundational methods, and practical applications of this subject through guided study and applied examples. Critical Thinking; Research; Communication Beginner Universidade de Sao Paulo","{'organization': 'Universidade de Sao Paulo', 'difficulty': 'Beginner', 'rating': 4.8, 'url': ''}"
course_0584,Marketing Gerencial,"Marketing Gerencial introduces learners to the core ideas, foundational methods, and practical applications of this subject through guided study and applied examples.",Critical Thinking; Research; Communication,Intermediate,4.7,Universidad de Chile,,"Marketing Gerencial Marketing Gerencial introduces learners to the core ideas, foundational methods, and practical applications of this subject through guided study and applied examples. Critical Thinking; Research; Communication Intermediate Universidad de Chile","{'organization': 'Universidad de Chile', 'difficulty': 'Intermediate', 'rating': 4.7, 'url': ''}"
course_0585,Marketing Mix Implementation,"Marketing Mix Implementation introduces learners to the core ideas, foundational methods, and practical applications of this subject through guided study and applied examples.",Critical Thinking; Research; Communication,Beginner,4.6,IE Business School,,"Marketing Mix Implementation Marketing Mix Implementation introduces learners to the core ideas, foundational methods, and practical applications of this subject through guided study and applied examples. Critical Thinking; Research; Communication Beginner IE Business School","{'organization': 'IE Business School', 'difficulty': 'Beginner', 'rating': 4.6, 'url': ''}"
course_0586,Marketing Strategy,"Marketing Strategy introduces learners to the core ideas, foundational methods, and practical applications of this subject through guided study and applied examples.",Critical Thinking; Research; Communication,Beginner,4.4,IE Business School,,"Marketing Strategy Marketing Strategy introduces learners to the core ideas, foundational methods, and practical applications of this subject through guided study and applied examples. Critical Thinking; Research; Communication Beginner IE Business School","{'organization': 'IE Business School', 'difficulty': 'Beginner', 'rating': 4.4, 'url': ''}"
course_0587,Marketing Verde,"Marketing Verde introduces learners to the core ideas, foundational methods, and practical applications of this subject through guided study and applied examples.",Critical Thinking; Research; Communication,Intermediate,4.8,Universidad de los Andes,,"Marketing Verde Marketing Verde introduces learners to the core ideas, foundational methods, and practical applications of this subject through guided study and applied examples. Critical Thinking; Research; Communication Intermediate Universidad de los Andes","{'organization': 'Universidad de los Andes', 'difficulty': 'Intermediate', 'rating': 4.8, 'url': ''}"
course_0588,Marketing con Redes Sociales,"Marketing con Redes Sociales introduces learners to the core ideas, foundational methods, and practical applications of this subject through guided study and applied examples.",Critical Thinking; Research; Communication,Intermediate,4.4,Tecnologico de Monterrey,,"Marketing con Redes Sociales Marketing con Redes Sociales introduces learners to the core ideas, foundational methods, and practical applications of this subject through guided study and applied examples. Critical Thinking; Research; Communication Intermediate Tecnologico de Monterrey","{'organization': 'Tecnologico de Monterrey', 'difficulty': 'Intermediate', 'rating': 4.4, 'url': ''}"
course_0589,Marketing in a Digital World,"Marketing in a Digital World introduces learners to the core ideas, foundational methods, and practical applications of this subject through guided study and applied examples.",Critical Thinking; Research; Communication,Beginner,4.7,University of Illinois at Urbana-Champaign,,"Marketing in a Digital World Marketing in a Digital World introduces learners to the core ideas, foundational methods, and practical applications of this subject through guided study and applied examples. Critical Thinking; Research; Communication Beginner University of Illinois at Urbana-Champaign","{'organization': 'University of Illinois at Urbana-Champaign', 'difficulty': 'Beginner', 'rating': 4.7, 'url': ''}"
course_0590,Mastering Data Analysis in Excel,"Mastering Data Analysis in Excel introduces learners to the foundations of data analysis, statistical reasoning, and practical decision-making using real-world data examples.",Data Analysis; Statistics,Intermediate,4.2,Duke University,,"Mastering Data Analysis in Excel Mastering Data Analysis in Excel introduces learners to the foundations of data analysis, statistical reasoning, and practical decision-making using real-world data examples. Data Analysis; Statistics Intermediate Duke University","{'organization': 'Duke University', 'difficulty': 'Intermediate', 'rating': 4.2, 'url': ''}"
course_0591,Mastering Final Cut Pro,"Mastering Final Cut Pro introduces learners to the core ideas, foundational methods, and practical applications of this subject through guided study and applied examples.",Critical Thinking; Research; Communication,Beginner,4.6,LearnQuest,,"Mastering Final Cut Pro Mastering Final Cut Pro introduces learners to the core ideas, foundational methods, and practical applications of this subject through guided study and applied examples. Critical Thinking; Research; Communication Beginner LearnQuest","{'organization': 'LearnQuest', 'difficulty': 'Beginner', 'rating': 4.6, 'url': ''}"
course_0592,Mastering Software Development in R,"Mastering Software Development in R guides learners through software engineering patterns, algorithmic problem solving, and effective coding practices.",Software Development; Programming,Beginner,4.3,Johns Hopkins University,,"Mastering Software Development in R Mastering Software Development in R guides learners through software engineering patterns, algorithmic problem solving, and effective coding practices. Software Development; Programming Beginner Johns Hopkins University","{'organization': 'Johns Hopkins University', 'difficulty': 'Beginner', 'rating': 4.3, 'url': ''}"
course_0593,Materials Science: 10 Things Every Engineer Should Know,"Materials Science: 10 Things Every Engineer Should Know introduces learners to the core ideas, foundational methods, and practical applications of this subject through guided study and applied examples.",Critical Thinking; Research; Communication,Intermediate,4.7,"University of California, Davis",,"Materials Science: 10 Things Every Engineer Should Know Materials Science: 10 Things Every Engineer Should Know introduces learners to the core ideas, foundational methods, and practical applications of this subject through guided study and applied examples. Critical Thinking; Research; Communication Intermediate University of California, Davis","{'organization': 'University of California, Davis', 'difficulty': 'Intermediate', 'rating': 4.7, 'url': ''}"
course_0594,Mathematics for Data Science,"Mathematics for Data Science introduces learners to the foundations of data analysis, statistical reasoning, and practical decision-making using real-world data examples.",Data Analysis; Statistics; Python; Mathematics,Beginner,4.5,National Research University Higher School of Economics,,"Mathematics for Data Science Mathematics for Data Science introduces learners to the foundations of data analysis, statistical reasoning, and practical decision-making using real-world data examples. Data Analysis; Statistics; Python; Mathematics Beginner National Research University Higher School of Economics","{'organization': 'National Research University Higher School of Economics', 'difficulty': 'Beginner', 'rating': 4.5, 'url': ''}"
course_0595,Mathematics for Machine Learning,"Mathematics for Machine Learning helps learners understand core concepts, algorithms, and applications used in modern machine learning and intelligent systems.",Machine Learning; Mathematics,Beginner,4.6,Imperial College London,,"Mathematics for Machine Learning Mathematics for Machine Learning helps learners understand core concepts, algorithms, and applications used in modern machine learning and intelligent systems. Machine Learning; Mathematics Beginner Imperial College London","{'organization': 'Imperial College London', 'difficulty': 'Beginner', 'rating': 4.6, 'url': ''}"
course_0596,Mathematics for Machine Learning: Linear Algebra,"Mathematics for Machine Learning: Linear Algebra helps learners understand core concepts, algorithms, and applications used in modern machine learning and intelligent systems.",Machine Learning; Mathematics,Beginner,4.7,Imperial College London,,"Mathematics for Machine Learning: Linear Algebra Mathematics for Machine Learning: Linear Algebra helps learners understand core concepts, algorithms, and applications used in modern machine learning and intelligent systems. Machine Learning; Mathematics Beginner Imperial College London","{'organization': 'Imperial College London', 'difficulty': 'Beginner', 'rating': 4.7, 'url': ''}"
course_0597,Mathematics for Machine Learning: Multivariate Calculus,"Mathematics for Machine Learning: Multivariate Calculus helps learners understand core concepts, algorithms, and applications used in modern machine learning and intelligent systems.",Machine Learning; Mathematics,Beginner,4.7,Imperial College London,,"Mathematics for Machine Learning: Multivariate Calculus Mathematics for Machine Learning: Multivariate Calculus helps learners understand core concepts, algorithms, and applications used in modern machine learning and intelligent systems. Machine Learning; Mathematics Beginner Imperial College London","{'organization': 'Imperial College London', 'difficulty': 'Beginner', 'rating': 4.7, 'url': ''}"
course_0598,Mathematics for Machine Learning: PCA,"Mathematics for Machine Learning: PCA helps learners understand core concepts, algorithms, and applications used in modern machine learning and intelligent systems.",Machine Learning; Mathematics,Intermediate,4.0,Imperial College London,,"Mathematics for Machine Learning: PCA Mathematics for Machine Learning: PCA helps learners understand core concepts, algorithms, and applications used in modern machine learning and intelligent systems. Machine Learning; Mathematics Intermediate Imperial College London","{'organization': 'Imperial College London', 'difficulty': 'Intermediate', 'rating': 4.0, 'url': ''}"
course_0599,Medical Cannabis: The Health Effects of THC and CBD,"Medical Cannabis: The Health Effects of THC and CBD introduces learners to the core ideas, foundational methods, and practical applications of this subject through guided study and applied examples.",Critical Thinking; Research; Communication,Beginner,4.8,University of Colorado Boulder,,"Medical Cannabis: The Health Effects of THC and CBD Medical Cannabis: The Health Effects of THC and CBD introduces learners to the core ideas, foundational methods, and practical applications of this subject through guided study and applied examples. Critical Thinking; Research; Communication Beginner University of Colorado Boulder","{'organization': 'University of Colorado Boulder', 'difficulty': 'Beginner', 'rating': 4.8, 'url': ''}"
course_0600,Medical Neuroscience,"Medical Neuroscience introduces learners to the core ideas, foundational methods, and practical applications of this subject through guided study and applied examples.",Critical Thinking; Research; Communication,Advanced,4.9,Duke University,,"Medical Neuroscience Medical Neuroscience introduces learners to the core ideas, foundational methods, and practical applications of this subject through guided study and applied examples. Critical Thinking; Research; Communication Advanced Duke University","{'organization': 'Duke University', 'difficulty': 'Advanced', 'rating': 4.9, 'url': ''}"
course_0601,Memoir and Personal Essay: Write About Yourself,"Memoir and Personal Essay: Write About Yourself introduces learners to the core ideas, foundational methods, and practical applications of this subject through guided study and applied examples.",Critical Thinking; Research; Communication,Beginner,4.3,Wesleyan University,,"Memoir and Personal Essay: Write About Yourself Memoir and Personal Essay: Write About Yourself introduces learners to the core ideas, foundational methods, and practical applications of this subject through guided study and applied examples. Critical Thinking; Research; Communication Beginner Wesleyan University","{'organization': 'Wesleyan University', 'difficulty': 'Beginner', 'rating': 4.3, 'url': ''}"
course_0602,Methods and Statistics in Social Sciences,"Methods and Statistics in Social Sciences introduces learners to the core ideas, foundational methods, and practical applications of this subject through guided study and applied examples.",Statistics; Data Analysis,Beginner,4.6,University of Amsterdam,,"Methods and Statistics in Social Sciences Methods and Statistics in Social Sciences introduces learners to the core ideas, foundational methods, and practical applications of this subject through guided study and applied examples. Statistics; Data Analysis Beginner University of Amsterdam","{'organization': 'University of Amsterdam', 'difficulty': 'Beginner', 'rating': 4.6, 'url': ''}"
course_0603,Microeconomics Principles,"Microeconomics Principles introduces learners to the core ideas, foundational methods, and practical applications of this subject through guided study and applied examples.",Critical Thinking; Research; Communication,Beginner,4.9,University of Illinois at Urbana-Champaign,,"Microeconomics Principles Microeconomics Principles introduces learners to the core ideas, foundational methods, and practical applications of this subject through guided study and applied examples. Critical Thinking; Research; Communication Beginner University of Illinois at Urbana-Champaign","{'organization': 'University of Illinois at Urbana-Champaign', 'difficulty': 'Beginner', 'rating': 4.9, 'url': ''}"
course_0604,Microeconomics: The Power of Markets,"Microeconomics: The Power of Markets introduces learners to the core ideas, foundational methods, and practical applications of this subject through guided study and applied examples.",Critical Thinking; Research; Communication,Intermediate,4.7,University of Pennsylvania,,"Microeconomics: The Power of Markets Microeconomics: The Power of Markets introduces learners to the core ideas, foundational methods, and practical applications of this subject through guided study and applied examples. Critical Thinking; Research; Communication Intermediate University of Pennsylvania","{'organization': 'University of Pennsylvania', 'difficulty': 'Intermediate', 'rating': 4.7, 'url': ''}"
course_0605,Mindshift: Break Through Obstacles to Learning and Discover Your Hidden Potential,"Mindshift: Break Through Obstacles to Learning and Discover Your Hidden Potential introduces learners to the core ideas, foundational methods, and practical applications of this subject through guided study and applied examples.",Critical Thinking; Research; Communication,Beginner,4.8,McMaster University,,"Mindshift: Break Through Obstacles to Learning and Discover Your Hidden Potential Mindshift: Break Through Obstacles to Learning and Discover Your Hidden Potential introduces learners to the core ideas, foundational methods, and practical applications of this subject through guided study and applied examples. Critical Thinking; Research; Communication Beginner McMaster University","{'organization': 'McMaster University', 'difficulty': 'Beginner', 'rating': 4.8, 'url': ''}"
course_0606,Miracles of Human Language: An Introduction to Linguistics,"Miracles of Human Language: An Introduction to Linguistics introduces learners to the core ideas, foundational methods, and practical applications of this subject through guided study and applied examples.",Critical Thinking; Research; Communication,Beginner,4.7,Universiteit Leiden,,"Miracles of Human Language: An Introduction to Linguistics Miracles of Human Language: An Introduction to Linguistics introduces learners to the core ideas, foundational methods, and practical applications of this subject through guided study and applied examples. Critical Thinking; Research; Communication Beginner Universiteit Leiden","{'organization': 'Universiteit Leiden', 'difficulty': 'Beginner', 'rating': 4.7, 'url': ''}"
course_0607,Model Thinking,"Model Thinking introduces learners to the core ideas, foundational methods, and practical applications of this subject through guided study and applied examples.",Critical Thinking; Research; Communication,Intermediate,4.8,University of Michigan,,"Model Thinking Model Thinking introduces learners to the core ideas, foundational methods, and practical applications of this subject through guided study and applied examples. Critical Thinking; Research; Communication Intermediate University of Michigan","{'organization': 'University of Michigan', 'difficulty': 'Intermediate', 'rating': 4.8, 'url': ''}"
course_0608,Modeling Risk and Realities,"Modeling Risk and Realities introduces learners to the core ideas, foundational methods, and practical applications of this subject through guided study and applied examples.",Critical Thinking; Research; Communication,Intermediate,4.6,University of Pennsylvania,,"Modeling Risk and Realities Modeling Risk and Realities introduces learners to the core ideas, foundational methods, and practical applications of this subject through guided study and applied examples. Critical Thinking; Research; Communication Intermediate University of Pennsylvania","{'organization': 'University of Pennsylvania', 'difficulty': 'Intermediate', 'rating': 4.6, 'url': ''}"
course_0609,Modern Art & Ideas,"Modern Art & Ideas introduces learners to the core ideas, foundational methods, and practical applications of this subject through guided study and applied examples.",Critical Thinking; Research; Communication,Beginner,4.7,The Museum of Modern Art,,"Modern Art & Ideas Modern Art & Ideas introduces learners to the core ideas, foundational methods, and practical applications of this subject through guided study and applied examples. Critical Thinking; Research; Communication Beginner The Museum of Modern Art","{'organization': 'The Museum of Modern Art', 'difficulty': 'Beginner', 'rating': 4.7, 'url': ''}"
course_0610,Modern Big Data Analysis with SQL,"Modern Big Data Analysis with SQL introduces learners to the foundations of data analysis, statistical reasoning, and practical decision-making using real-world data examples.",Data Analysis; Statistics; SQL; Databases,Beginner,4.8,Cloudera,,"Modern Big Data Analysis with SQL Modern Big Data Analysis with SQL introduces learners to the foundations of data analysis, statistical reasoning, and practical decision-making using real-world data examples. Data Analysis; Statistics; SQL; Databases Beginner Cloudera","{'organization': 'Cloudera', 'difficulty': 'Beginner', 'rating': 4.8, 'url': ''}"
course_0611,"Modern Robotics: Mechanics, Planning, and Control","Modern Robotics: Mechanics, Planning, and Control introduces learners to the core ideas, foundational methods, and practical applications of this subject through guided study and applied examples.",Critical Thinking; Research; Communication,Intermediate,4.7,Northwestern University,,"Modern Robotics: Mechanics, Planning, and Control Modern Robotics: Mechanics, Planning, and Control introduces learners to the core ideas, foundational methods, and practical applications of this subject through guided study and applied examples. Critical Thinking; Research; Communication Intermediate Northwestern University","{'organization': 'Northwestern University', 'difficulty': 'Intermediate', 'rating': 4.7, 'url': ''}"
course_0612,Modernizing Data Lakes and Data Warehouses with GCP,"Modernizing Data Lakes and Data Warehouses with GCP introduces learners to the core ideas, foundational methods, and practical applications of this subject through guided study and applied examples.",Cloud Computing; GCP,Intermediate,4.7,Google Cloud,,"Modernizing Data Lakes and Data Warehouses with GCP Modernizing Data Lakes and Data Warehouses with GCP introduces learners to the core ideas, foundational methods, and practical applications of this subject through guided study and applied examples. Cloud Computing; GCP Intermediate Google Cloud","{'organization': 'Google Cloud', 'difficulty': 'Intermediate', 'rating': 4.7, 'url': ''}"
course_0613,Moral Foundations of Politics,"Moral Foundations of Politics introduces learners to the core ideas, foundational methods, and practical applications of this subject through guided study and applied examples.",Critical Thinking; Research; Communication,Intermediate,4.8,Yale University,,"Moral Foundations of Politics Moral Foundations of Politics introduces learners to the core ideas, foundational methods, and practical applications of this subject through guided study and applied examples. Critical Thinking; Research; Communication Intermediate Yale University","{'organization': 'Yale University', 'difficulty': 'Intermediate', 'rating': 4.8, 'url': ''}"
course_0614,More Introduction to Financial Accounting,"More Introduction to Financial Accounting introduces learners to the core ideas, foundational methods, and practical applications of this subject through guided study and applied examples.",Critical Thinking; Research; Communication,Intermediate,4.9,University of Pennsylvania,,"More Introduction to Financial Accounting More Introduction to Financial Accounting introduces learners to the core ideas, foundational methods, and practical applications of this subject through guided study and applied examples. Critical Thinking; Research; Communication Intermediate University of Pennsylvania","{'organization': 'University of Pennsylvania', 'difficulty': 'Intermediate', 'rating': 4.9, 'url': ''}"
course_0615,Mountains 101,"Mountains 101 helps learners understand core concepts, algorithms, and applications used in modern machine learning and intelligent systems.",Artificial Intelligence,Intermediate,4.9,University of Alberta,,"Mountains 101 Mountains 101 helps learners understand core concepts, algorithms, and applications used in modern machine learning and intelligent systems. Artificial Intelligence Intermediate University of Alberta","{'organization': 'University of Alberta', 'difficulty': 'Intermediate', 'rating': 4.9, 'url': ''}"
course_0616,Municipal Solid Waste Management in Developing Countries,"Municipal Solid Waste Management in Developing Countries introduces learners to the core ideas, foundational methods, and practical applications of this subject through guided study and applied examples.",Critical Thinking; Research; Communication,Intermediate,4.8,Ecole Polytechnique Federale de Lausanne,,"Municipal Solid Waste Management in Developing Countries Municipal Solid Waste Management in Developing Countries introduces learners to the core ideas, foundational methods, and practical applications of this subject through guided study and applied examples. Critical Thinking; Research; Communication Intermediate Ecole Polytechnique Federale de Lausanne","{'organization': 'Ecole Polytechnique Federale de Lausanne', 'difficulty': 'Intermediate', 'rating': 4.8, 'url': ''}"
course_0617,Music Business,"Music Business introduces learners to the core ideas, foundational methods, and practical applications of this subject through guided study and applied examples.",Critical Thinking; Research; Communication,Beginner,4.8,Berklee College of Music,,"Music Business Music Business introduces learners to the core ideas, foundational methods, and practical applications of this subject through guided study and applied examples. Critical Thinking; Research; Communication Beginner Berklee College of Music","{'organization': 'Berklee College of Music', 'difficulty': 'Beginner', 'rating': 4.8, 'url': ''}"
course_0618,Music Business Foundations,"Music Business Foundations introduces learners to the core ideas, foundational methods, and practical applications of this subject through guided study and applied examples.",Critical Thinking; Research; Communication,Intermediate,4.9,Berklee College of Music,,"Music Business Foundations Music Business Foundations introduces learners to the core ideas, foundational methods, and practical applications of this subject through guided study and applied examples. Critical Thinking; Research; Communication Intermediate Berklee College of Music","{'organization': 'Berklee College of Music', 'difficulty': 'Intermediate', 'rating': 4.9, 'url': ''}"
course_0619,Music Production,"Music Production introduces learners to the core ideas, foundational methods, and practical applications of this subject through guided study and applied examples.",Critical Thinking; Research; Communication,Beginner,4.8,Berklee College of Music,,"Music Production Music Production introduces learners to the core ideas, foundational methods, and practical applications of this subject through guided study and applied examples. Critical Thinking; Research; Communication Beginner Berklee College of Music","{'organization': 'Berklee College of Music', 'difficulty': 'Beginner', 'rating': 4.8, 'url': ''}"
course_0620,Nanotechnology: A Makers Course,"Nanotechnology: A Makers Course introduces learners to the core ideas, foundational methods, and practical applications of this subject through guided study and applied examples.",Critical Thinking; Research; Communication,Intermediate,4.8,Duke University,,"Nanotechnology: A Makers Course Nanotechnology: A Makers Course introduces learners to the core ideas, foundational methods, and practical applications of this subject through guided study and applied examples. Critical Thinking; Research; Communication Intermediate Duke University","{'organization': 'Duke University', 'difficulty': 'Intermediate', 'rating': 4.8, 'url': ''}"
course_0621,Natural Language Processing in TensorFlow,"Natural Language Processing in TensorFlow introduces learners to the core ideas, foundational methods, and practical applications of this subject through guided study and applied examples.",Critical Thinking; Research; Communication,Intermediate,4.6,deeplearning.ai,,"Natural Language Processing in TensorFlow Natural Language Processing in TensorFlow introduces learners to the core ideas, foundational methods, and practical applications of this subject through guided study and applied examples. Critical Thinking; Research; Communication Intermediate deeplearning.ai","{'organization': 'deeplearning.ai', 'difficulty': 'Intermediate', 'rating': 4.6, 'url': ''}"
course_0622,Negociacion exitosa: Estrategias y habilidades esenciales (en espanol),"Negociacion exitosa: Estrategias y habilidades esenciales (en espanol) introduces learners to the core ideas, foundational methods, and practical applications of this subject through guided study and applied examples.",Critical Thinking; Research; Communication,Intermediate,4.8,University of Michigan,,"Negociacion exitosa: Estrategias y habilidades esenciales (en espanol) Negociacion exitosa: Estrategias y habilidades esenciales (en espanol) introduces learners to the core ideas, foundational methods, and practical applications of this subject through guided study and applied examples. Critical Thinking; Research; Communication Intermediate University of Michigan","{'organization': 'University of Michigan', 'difficulty': 'Intermediate', 'rating': 4.8, 'url': ''}"
course_0623,"Negotiation, Mediation and Conflict Resolution","Negotiation, Mediation and Conflict Resolution introduces learners to the core ideas, foundational methods, and practical applications of this subject through guided study and applied examples.",Critical Thinking; Research; Communication,Beginner,4.7,ESSEC Business School,,"Negotiation, Mediation and Conflict Resolution Negotiation, Mediation and Conflict Resolution introduces learners to the core ideas, foundational methods, and practical applications of this subject through guided study and applied examples. Critical Thinking; Research; Communication Beginner ESSEC Business School","{'organization': 'ESSEC Business School', 'difficulty': 'Beginner', 'rating': 4.7, 'url': ''}"
course_0624,Networking and Security Architecture with VMware NSX,"Networking and Security Architecture with VMware NSX covers the core ideas behind cloud-native systems, security principles, and the practical systems thinking needed to build and maintain modern digital services.",Security Fundamentals; Risk Management,Intermediate,4.8,VMware,,"Networking and Security Architecture with VMware NSX Networking and Security Architecture with VMware NSX covers the core ideas behind cloud-native systems, security principles, and the practical systems thinking needed to build and maintain modern digital services. Security Fundamentals; Risk Management Intermediate VMware","{'organization': 'VMware', 'difficulty': 'Intermediate', 'rating': 4.8, 'url': ''}"
course_0625,Networking in Google Cloud,"Networking in Google Cloud covers the core ideas behind cloud-native systems, security principles, and the practical systems thinking needed to build and maintain modern digital services.",Cloud Computing; Security Fundamentals,Intermediate,4.7,Google Cloud,,"Networking in Google Cloud Networking in Google Cloud covers the core ideas behind cloud-native systems, security principles, and the practical systems thinking needed to build and maintain modern digital services. Cloud Computing; Security Fundamentals Intermediate Google Cloud","{'organization': 'Google Cloud', 'difficulty': 'Intermediate', 'rating': 4.7, 'url': ''}"
course_0626,Neural Networks and Deep Learning,"Neural Networks and Deep Learning covers neural network architectures, backpropagation, and practical deep learning implementation.",Deep Learning; Machine Learning,Intermediate,4.9,deeplearning.ai,,"Neural Networks and Deep Learning Neural Networks and Deep Learning covers neural network architectures, backpropagation, and practical deep learning implementation. Deep Learning; Machine Learning Intermediate deeplearning.ai","{'organization': 'deeplearning.ai', 'difficulty': 'Intermediate', 'rating': 4.9, 'url': ''}"
course_0627,Neurolinguistics,"Neurolinguistics introduces learners to the core ideas, foundational methods, and practical applications of this subject through guided study and applied examples.",Critical Thinking; Research; Communication,Intermediate,4.7,Saint Petersburg State University,,"Neurolinguistics Neurolinguistics introduces learners to the core ideas, foundational methods, and practical applications of this subject through guided study and applied examples. Critical Thinking; Research; Communication Intermediate Saint Petersburg State University","{'organization': 'Saint Petersburg State University', 'difficulty': 'Intermediate', 'rating': 4.7, 'url': ''}"
course_0628,New Approaches to Countering Terror: Countering Violent Extremism,"New Approaches to Countering Terror: Countering Violent Extremism introduces learners to the core ideas, foundational methods, and practical applications of this subject through guided study and applied examples.",Critical Thinking; Research; Communication,Beginner,4.7,"University of Maryland, College Park",,"New Approaches to Countering Terror: Countering Violent Extremism New Approaches to Countering Terror: Countering Violent Extremism introduces learners to the core ideas, foundational methods, and practical applications of this subject through guided study and applied examples. Critical Thinking; Research; Communication Beginner University of Maryland, College Park","{'organization': 'University of Maryland, College Park', 'difficulty': 'Beginner', 'rating': 4.7, 'url': ''}"
course_0629,Newborn Baby Care,"Newborn Baby Care introduces learners to the core ideas, foundational methods, and practical applications of this subject through guided study and applied examples.",Critical Thinking; Research; Communication,Beginner,4.8,University of Colorado System,,"Newborn Baby Care Newborn Baby Care introduces learners to the core ideas, foundational methods, and practical applications of this subject through guided study and applied examples. Critical Thinking; Research; Communication Beginner University of Colorado System","{'organization': 'University of Colorado System', 'difficulty': 'Beginner', 'rating': 4.8, 'url': ''}"
course_0630,Nutricion y obesidad: control de sobrepeso,"Nutricion y obesidad: control de sobrepeso introduces learners to the core ideas, foundational methods, and practical applications of this subject through guided study and applied examples.",Critical Thinking; Research; Communication,Beginner,4.8,Universidad Nacional Autonoma de Mexico,,"Nutricion y obesidad: control de sobrepeso Nutricion y obesidad: control de sobrepeso introduces learners to the core ideas, foundational methods, and practical applications of this subject through guided study and applied examples. Critical Thinking; Research; Communication Beginner Universidad Nacional Autonoma de Mexico","{'organization': 'Universidad Nacional Autonoma de Mexico', 'difficulty': 'Beginner', 'rating': 4.8, 'url': ''}"
course_0631,Nutrition and Lifestyle in Pregnancy,"Nutrition and Lifestyle in Pregnancy introduces learners to the core ideas, foundational methods, and practical applications of this subject through guided study and applied examples.",Critical Thinking; Research; Communication,Intermediate,4.8,Ludwig-Maximilians-Universitat Munchen (LMU),,"Nutrition and Lifestyle in Pregnancy Nutrition and Lifestyle in Pregnancy introduces learners to the core ideas, foundational methods, and practical applications of this subject through guided study and applied examples. Critical Thinking; Research; Communication Intermediate Ludwig-Maximilians-Universitat Munchen (LMU)","{'organization': 'Ludwig-Maximilians-Universitat Munchen (LMU)', 'difficulty': 'Intermediate', 'rating': 4.8, 'url': ''}"
course_0632,Object Oriented Java Programming: Data Structures and Beyond,"Object Oriented Java Programming: Data Structures and Beyond guides learners through software engineering patterns, algorithmic problem solving, and effective coding practices.",Programming; Data Structures; Algorithms; Java,Intermediate,4.7,University of California San Diego,,"Object Oriented Java Programming: Data Structures and Beyond Object Oriented Java Programming: Data Structures and Beyond guides learners through software engineering patterns, algorithmic problem solving, and effective coding practices. Programming; Data Structures; Algorithms; Java Intermediate University of California San Diego","{'organization': 'University of California San Diego', 'difficulty': 'Intermediate', 'rating': 4.7, 'url': ''}"
course_0633,Object Oriented Programming in Java,"Object Oriented Programming in Java guides learners through software engineering patterns, algorithmic problem solving, and effective coding practices.",Programming; Java,Beginner,4.6,Duke University,,"Object Oriented Programming in Java Object Oriented Programming in Java guides learners through software engineering patterns, algorithmic problem solving, and effective coding practices. Programming; Java Beginner Duke University","{'organization': 'Duke University', 'difficulty': 'Beginner', 'rating': 4.6, 'url': ''}"
course_0634,Object-Oriented Data Structures in C++,"Object-Oriented Data Structures in C++ introduces learners to the core ideas, foundational methods, and practical applications of this subject through guided study and applied examples.",Data Structures; Algorithms; C++; Programming,Intermediate,4.7,University of Illinois at Urbana-Champaign,,"Object-Oriented Data Structures in C++ Object-Oriented Data Structures in C++ introduces learners to the core ideas, foundational methods, and practical applications of this subject through guided study and applied examples. Data Structures; Algorithms; C++; Programming Intermediate University of Illinois at Urbana-Champaign","{'organization': 'University of Illinois at Urbana-Champaign', 'difficulty': 'Intermediate', 'rating': 4.7, 'url': ''}"
course_0635,Object-Oriented Design,"Object-Oriented Design introduces learners to the core ideas, foundational methods, and practical applications of this subject through guided study and applied examples.",Critical Thinking; Research; Communication,Intermediate,4.7,University of Alberta,,"Object-Oriented Design Object-Oriented Design introduces learners to the core ideas, foundational methods, and practical applications of this subject through guided study and applied examples. Critical Thinking; Research; Communication Intermediate University of Alberta","{'organization': 'University of Alberta', 'difficulty': 'Intermediate', 'rating': 4.7, 'url': ''}"
course_0636,Oil & Gas Industry Operations and Markets,"Oil & Gas Industry Operations and Markets introduces learners to the core ideas, foundational methods, and practical applications of this subject through guided study and applied examples.",Critical Thinking; Research; Communication,Intermediate,4.8,Duke University,,"Oil & Gas Industry Operations and Markets Oil & Gas Industry Operations and Markets introduces learners to the core ideas, foundational methods, and practical applications of this subject through guided study and applied examples. Critical Thinking; Research; Communication Intermediate Duke University","{'organization': 'Duke University', 'difficulty': 'Intermediate', 'rating': 4.8, 'url': ''}"
course_0637,"Open Source Software Development, Linux and Git","Open Source Software Development, Linux and Git guides learners through software engineering patterns, algorithmic problem solving, and effective coding practices.",Software Development; Programming,Beginner,4.4,The Linux Foundation,,"Open Source Software Development, Linux and Git Open Source Software Development, Linux and Git guides learners through software engineering patterns, algorithmic problem solving, and effective coding practices. Software Development; Programming Beginner The Linux Foundation","{'organization': 'The Linux Foundation', 'difficulty': 'Beginner', 'rating': 4.4, 'url': ''}"
course_0638,Operating Systems and You: Becoming a Power User,"Operating Systems and You: Becoming a Power User introduces learners to the core ideas, foundational methods, and practical applications of this subject through guided study and applied examples.",Critical Thinking; Research; Communication,Beginner,4.6,Google,,"Operating Systems and You: Becoming a Power User Operating Systems and You: Becoming a Power User introduces learners to the core ideas, foundational methods, and practical applications of this subject through guided study and applied examples. Critical Thinking; Research; Communication Beginner Google","{'organization': 'Google', 'difficulty': 'Beginner', 'rating': 4.6, 'url': ''}"
course_0639,Operations Analytics,"Operations Analytics introduces learners to the foundations of data analysis, statistical reasoning, and practical decision-making using real-world data examples.",Data Analysis; Statistics,Intermediate,4.7,University of Pennsylvania,,"Operations Analytics Operations Analytics introduces learners to the foundations of data analysis, statistical reasoning, and practical decision-making using real-world data examples. Data Analysis; Statistics Intermediate University of Pennsylvania","{'organization': 'University of Pennsylvania', 'difficulty': 'Intermediate', 'rating': 4.7, 'url': ''}"
course_0640,Optical Engineering,"Optical Engineering introduces learners to the core ideas, foundational methods, and practical applications of this subject through guided study and applied examples.",Critical Thinking; Research; Communication,Advanced,4.2,University of Colorado Boulder,,"Optical Engineering Optical Engineering introduces learners to the core ideas, foundational methods, and practical applications of this subject through guided study and applied examples. Critical Thinking; Research; Communication Advanced University of Colorado Boulder","{'organization': 'University of Colorado Boulder', 'difficulty': 'Advanced', 'rating': 4.2, 'url': ''}"
course_0641,Organizational Leadership,"Organizational Leadership introduces learners to the core ideas, foundational methods, and practical applications of this subject through guided study and applied examples.",Critical Thinking; Research; Communication,Intermediate,4.7,Northwestern University,,"Organizational Leadership Organizational Leadership introduces learners to the core ideas, foundational methods, and practical applications of this subject through guided study and applied examples. Critical Thinking; Research; Communication Intermediate Northwestern University","{'organization': 'Northwestern University', 'difficulty': 'Intermediate', 'rating': 4.7, 'url': ''}"
course_0642,Osteoarchaeology: The Truth in Our Bones,"Osteoarchaeology: The Truth in Our Bones introduces learners to the core ideas, foundational methods, and practical applications of this subject through guided study and applied examples.",Critical Thinking; Research; Communication,Beginner,4.7,Universiteit Leiden,,"Osteoarchaeology: The Truth in Our Bones Osteoarchaeology: The Truth in Our Bones introduces learners to the core ideas, foundational methods, and practical applications of this subject through guided study and applied examples. Critical Thinking; Research; Communication Beginner Universiteit Leiden","{'organization': 'Universiteit Leiden', 'difficulty': 'Beginner', 'rating': 4.7, 'url': ''}"
course_0643,Palliative Care: It's Not Just Hospice Anymore,"Palliative Care: It's Not Just Hospice Anymore introduces learners to the core ideas, foundational methods, and practical applications of this subject through guided study and applied examples.",Critical Thinking; Research; Communication,Beginner,4.8,University of Colorado System,,"Palliative Care: It's Not Just Hospice Anymore Palliative Care: It's Not Just Hospice Anymore introduces learners to the core ideas, foundational methods, and practical applications of this subject through guided study and applied examples. Critical Thinking; Research; Communication Beginner University of Colorado System","{'organization': 'University of Colorado System', 'difficulty': 'Beginner', 'rating': 4.8, 'url': ''}"
course_0644,Palo Alto Networks Cybersecurity,"Palo Alto Networks Cybersecurity covers the core ideas behind cloud-native systems, security principles, and the practical systems thinking needed to build and maintain modern digital services.",Security Fundamentals; Risk Management,Beginner,4.6,Palo Alto Networks,,"Palo Alto Networks Cybersecurity Palo Alto Networks Cybersecurity covers the core ideas behind cloud-native systems, security principles, and the practical systems thinking needed to build and maintain modern digital services. Security Fundamentals; Risk Management Beginner Palo Alto Networks","{'organization': 'Palo Alto Networks', 'difficulty': 'Beginner', 'rating': 4.6, 'url': ''}"
course_0645,"Parallel, Concurrent, and Distributed Programming in Java","Parallel, Concurrent, and Distributed Programming in Java guides learners through software engineering patterns, algorithmic problem solving, and effective coding practices.",Programming; Java,Intermediate,4.5,Rice University,,"Parallel, Concurrent, and Distributed Programming in Java Parallel, Concurrent, and Distributed Programming in Java guides learners through software engineering patterns, algorithmic problem solving, and effective coding practices. Programming; Java Intermediate Rice University","{'organization': 'Rice University', 'difficulty': 'Intermediate', 'rating': 4.5, 'url': ''}"
course_0646,Particle Physics: an Introduction,"Particle Physics: an Introduction introduces learners to the core ideas, foundational methods, and practical applications of this subject through guided study and applied examples.",Critical Thinking; Research; Communication,Intermediate,4.5,University of Geneva,,"Particle Physics: an Introduction Particle Physics: an Introduction introduces learners to the core ideas, foundational methods, and practical applications of this subject through guided study and applied examples. Critical Thinking; Research; Communication Intermediate University of Geneva","{'organization': 'University of Geneva', 'difficulty': 'Intermediate', 'rating': 4.5, 'url': ''}"
course_0647,Patient Safety,"Patient Safety introduces learners to the core ideas, foundational methods, and practical applications of this subject through guided study and applied examples.",Critical Thinking; Research; Communication,Beginner,4.8,Johns Hopkins University,,"Patient Safety Patient Safety introduces learners to the core ideas, foundational methods, and practical applications of this subject through guided study and applied examples. Critical Thinking; Research; Communication Beginner Johns Hopkins University","{'organization': 'Johns Hopkins University', 'difficulty': 'Beginner', 'rating': 4.8, 'url': ''}"
course_0648,Patrocinio Deportivo,"Patrocinio Deportivo introduces learners to the core ideas, foundational methods, and practical applications of this subject through guided study and applied examples.",Critical Thinking; Research; Communication,Beginner,4.6,Universitat Autonoma de Barcelona,,"Patrocinio Deportivo Patrocinio Deportivo introduces learners to the core ideas, foundational methods, and practical applications of this subject through guided study and applied examples. Critical Thinking; Research; Communication Beginner Universitat Autonoma de Barcelona","{'organization': 'Universitat Autonoma de Barcelona', 'difficulty': 'Beginner', 'rating': 4.6, 'url': ''}"
course_0649,People Analytics,"People Analytics introduces learners to the foundations of data analysis, statistical reasoning, and practical decision-making using real-world data examples.",Data Analysis; Statistics,Intermediate,4.5,University of Pennsylvania,,"People Analytics People Analytics introduces learners to the foundations of data analysis, statistical reasoning, and practical decision-making using real-world data examples. Data Analysis; Statistics Intermediate University of Pennsylvania","{'organization': 'University of Pennsylvania', 'difficulty': 'Intermediate', 'rating': 4.5, 'url': ''}"
course_0650,Perfect Tenses and Modals,"Perfect Tenses and Modals introduces learners to the core ideas, foundational methods, and practical applications of this subject through guided study and applied examples.",Critical Thinking; Research; Communication,Intermediate,4.7,"University of California, Irvine",,"Perfect Tenses and Modals Perfect Tenses and Modals introduces learners to the core ideas, foundational methods, and practical applications of this subject through guided study and applied examples. Critical Thinking; Research; Communication Intermediate University of California, Irvine","{'organization': 'University of California, Irvine', 'difficulty': 'Intermediate', 'rating': 4.7, 'url': ''}"
course_0651,Periodismo digital y combate a las fake news,"Periodismo digital y combate a las fake news introduces learners to the core ideas, foundational methods, and practical applications of this subject through guided study and applied examples.",Critical Thinking; Research; Communication,Beginner,4.9,Universidad Nacional Autonoma de Mexico,,"Periodismo digital y combate a las fake news Periodismo digital y combate a las fake news introduces learners to the core ideas, foundational methods, and practical applications of this subject through guided study and applied examples. Critical Thinking; Research; Communication Beginner Universidad Nacional Autonoma de Mexico","{'organization': 'Universidad Nacional Autonoma de Mexico', 'difficulty': 'Beginner', 'rating': 4.9, 'url': ''}"
course_0652,Photography Basics and Beyond: From Smartphone to DSLR,"Photography Basics and Beyond: From Smartphone to DSLR introduces learners to the core ideas, foundational methods, and practical applications of this subject through guided study and applied examples.",Critical Thinking; Research; Communication,Beginner,4.7,Michigan State University,,"Photography Basics and Beyond: From Smartphone to DSLR Photography Basics and Beyond: From Smartphone to DSLR introduces learners to the core ideas, foundational methods, and practical applications of this subject through guided study and applied examples. Critical Thinking; Research; Communication Beginner Michigan State University","{'organization': 'Michigan State University', 'difficulty': 'Beginner', 'rating': 4.7, 'url': ''}"
course_0653,Plant Bioinformatic Methods,"Plant Bioinformatic Methods introduces learners to the core ideas, foundational methods, and practical applications of this subject through guided study and applied examples.",Critical Thinking; Research; Communication,Beginner,4.7,University of Toronto,,"Plant Bioinformatic Methods Plant Bioinformatic Methods introduces learners to the core ideas, foundational methods, and practical applications of this subject through guided study and applied examples. Critical Thinking; Research; Communication Beginner University of Toronto","{'organization': 'University of Toronto', 'difficulty': 'Beginner', 'rating': 4.7, 'url': ''}"
course_0654,Politics and Economics of International Energy,"Politics and Economics of International Energy introduces learners to the core ideas, foundational methods, and practical applications of this subject through guided study and applied examples.",Critical Thinking; Research; Communication,Beginner,4.7,Sciences Po,,"Politics and Economics of International Energy Politics and Economics of International Energy introduces learners to the core ideas, foundational methods, and practical applications of this subject through guided study and applied examples. Critical Thinking; Research; Communication Beginner Sciences Po","{'organization': 'Sciences Po', 'difficulty': 'Beginner', 'rating': 4.7, 'url': ''}"
course_0655,Positive Psychiatry and Mental Health,"Positive Psychiatry and Mental Health introduces learners to the core ideas, foundational methods, and practical applications of this subject through guided study and applied examples.",Critical Thinking; Research; Communication,Intermediate,4.8,The University of Sydney,,"Positive Psychiatry and Mental Health Positive Psychiatry and Mental Health introduces learners to the core ideas, foundational methods, and practical applications of this subject through guided study and applied examples. Critical Thinking; Research; Communication Intermediate The University of Sydney","{'organization': 'The University of Sydney', 'difficulty': 'Intermediate', 'rating': 4.8, 'url': ''}"
course_0656,Positive Psychology,"Positive Psychology introduces learners to the core ideas, foundational methods, and practical applications of this subject through guided study and applied examples.",Critical Thinking; Research; Communication,Intermediate,4.7,The University of North Carolina at Chapel Hill,,"Positive Psychology Positive Psychology introduces learners to the core ideas, foundational methods, and practical applications of this subject through guided study and applied examples. Critical Thinking; Research; Communication Intermediate The University of North Carolina at Chapel Hill","{'organization': 'The University of North Carolina at Chapel Hill', 'difficulty': 'Intermediate', 'rating': 4.7, 'url': ''}"
course_0657,Positive Psychology: Applications and Interventions,"Positive Psychology: Applications and Interventions introduces learners to the core ideas, foundational methods, and practical applications of this subject through guided study and applied examples.",Critical Thinking; Research; Communication,Beginner,4.8,University of Pennsylvania,,"Positive Psychology: Applications and Interventions Positive Psychology: Applications and Interventions introduces learners to the core ideas, foundational methods, and practical applications of this subject through guided study and applied examples. Critical Thinking; Research; Communication Beginner University of Pennsylvania","{'organization': 'University of Pennsylvania', 'difficulty': 'Beginner', 'rating': 4.8, 'url': ''}"
course_0658,Positive Psychology: Martin E. P. Seligmans Visionary Science,"Positive Psychology: Martin E. P. Seligmans Visionary Science introduces learners to the core ideas, foundational methods, and practical applications of this subject through guided study and applied examples.",Critical Thinking; Research; Communication,Beginner,4.8,University of Pennsylvania,,"Positive Psychology: Martin E. P. Seligmans Visionary Science Positive Psychology: Martin E. P. Seligmans Visionary Science introduces learners to the core ideas, foundational methods, and practical applications of this subject through guided study and applied examples. Critical Thinking; Research; Communication Beginner University of Pennsylvania","{'organization': 'University of Pennsylvania', 'difficulty': 'Beginner', 'rating': 4.8, 'url': ''}"
course_0659,Positive Psychology: Resilience Skills,"Positive Psychology: Resilience Skills introduces learners to the core ideas, foundational methods, and practical applications of this subject through guided study and applied examples.",Critical Thinking; Research; Communication,Beginner,4.6,University of Pennsylvania,,"Positive Psychology: Resilience Skills Positive Psychology: Resilience Skills introduces learners to the core ideas, foundational methods, and practical applications of this subject through guided study and applied examples. Critical Thinking; Research; Communication Beginner University of Pennsylvania","{'organization': 'University of Pennsylvania', 'difficulty': 'Beginner', 'rating': 4.6, 'url': ''}"
course_0660,Power Electronics,"Power Electronics introduces learners to the core ideas, foundational methods, and practical applications of this subject through guided study and applied examples.",Critical Thinking; Research; Communication,Intermediate,4.8,University of Colorado Boulder,,"Power Electronics Power Electronics introduces learners to the core ideas, foundational methods, and practical applications of this subject through guided study and applied examples. Critical Thinking; Research; Communication Intermediate University of Colorado Boulder","{'organization': 'University of Colorado Boulder', 'difficulty': 'Intermediate', 'rating': 4.8, 'url': ''}"
course_0661,Practical Data Science with MATLAB,"Practical Data Science with MATLAB introduces learners to the foundations of data analysis, statistical reasoning, and practical decision-making using real-world data examples.",Data Analysis; Statistics; Python,Beginner,4.7,MathWorks,,"Practical Data Science with MATLAB Practical Data Science with MATLAB introduces learners to the foundations of data analysis, statistical reasoning, and practical decision-making using real-world data examples. Data Analysis; Statistics; Python Beginner MathWorks","{'organization': 'MathWorks', 'difficulty': 'Beginner', 'rating': 4.7, 'url': ''}"
course_0662,Practical Time Series Analysis,"Practical Time Series Analysis introduces learners to the core ideas, foundational methods, and practical applications of this subject through guided study and applied examples.",Critical Thinking; Research; Communication,Intermediate,4.6,The State University of New York,,"Practical Time Series Analysis Practical Time Series Analysis introduces learners to the core ideas, foundational methods, and practical applications of this subject through guided study and applied examples. Critical Thinking; Research; Communication Intermediate The State University of New York","{'organization': 'The State University of New York', 'difficulty': 'Intermediate', 'rating': 4.6, 'url': ''}"
course_0663,Preparing for the Google Cloud Associate Cloud Engineer Exam,"Preparing for the Google Cloud Associate Cloud Engineer Exam covers the core ideas behind cloud-native systems, security principles, and the practical systems thinking needed to build and maintain modern digital services.",Cloud Computing; Security Fundamentals,Beginner,4.7,Google Cloud,,"Preparing for the Google Cloud Associate Cloud Engineer Exam Preparing for the Google Cloud Associate Cloud Engineer Exam covers the core ideas behind cloud-native systems, security principles, and the practical systems thinking needed to build and maintain modern digital services. Cloud Computing; Security Fundamentals Beginner Google Cloud","{'organization': 'Google Cloud', 'difficulty': 'Beginner', 'rating': 4.7, 'url': ''}"
course_0664,Preparing to Manage Human Resources,"Preparing to Manage Human Resources introduces learners to the core ideas, foundational methods, and practical applications of this subject through guided study and applied examples.",Critical Thinking; Research; Communication,Intermediate,4.8,University of Minnesota,,"Preparing to Manage Human Resources Preparing to Manage Human Resources introduces learners to the core ideas, foundational methods, and practical applications of this subject through guided study and applied examples. Critical Thinking; Research; Communication Intermediate University of Minnesota","{'organization': 'University of Minnesota', 'difficulty': 'Intermediate', 'rating': 4.8, 'url': ''}"
course_0665,"Presentation Skills: Speechwriting, Slides and Delivery","Presentation Skills: Speechwriting, Slides and Delivery introduces learners to the core ideas, foundational methods, and practical applications of this subject through guided study and applied examples.",Critical Thinking; Research; Communication,Beginner,4.6,E-Learning Development Fund,,"Presentation Skills: Speechwriting, Slides and Delivery Presentation Skills: Speechwriting, Slides and Delivery introduces learners to the core ideas, foundational methods, and practical applications of this subject through guided study and applied examples. Critical Thinking; Research; Communication Beginner E-Learning Development Fund","{'organization': 'E-Learning Development Fund', 'difficulty': 'Beginner', 'rating': 4.6, 'url': ''}"
course_0666,Pricing Strategy Optimization,"Pricing Strategy Optimization introduces learners to the core ideas, foundational methods, and practical applications of this subject through guided study and applied examples.",Critical Thinking; Research; Communication,Beginner,4.8,BCG,,"Pricing Strategy Optimization Pricing Strategy Optimization introduces learners to the core ideas, foundational methods, and practical applications of this subject through guided study and applied examples. Critical Thinking; Research; Communication Beginner BCG","{'organization': 'BCG', 'difficulty': 'Beginner', 'rating': 4.8, 'url': ''}"
course_0667,Primeros Auxilios Psicologicos (PAP),"Primeros Auxilios Psicologicos (PAP) introduces learners to the core ideas, foundational methods, and practical applications of this subject through guided study and applied examples.",Critical Thinking; Research; Communication,Intermediate,4.8,Universitat Autonoma de Barcelona,,"Primeros Auxilios Psicologicos (PAP) Primeros Auxilios Psicologicos (PAP) introduces learners to the core ideas, foundational methods, and practical applications of this subject through guided study and applied examples. Critical Thinking; Research; Communication Intermediate Universitat Autonoma de Barcelona","{'organization': 'Universitat Autonoma de Barcelona', 'difficulty': 'Intermediate', 'rating': 4.8, 'url': ''}"
course_0668,Private Equity and Venture Capital,"Private Equity and Venture Capital introduces learners to the core ideas, foundational methods, and practical applications of this subject through guided study and applied examples.",Critical Thinking; Research; Communication,Intermediate,4.8,Universita Bocconi,,"Private Equity and Venture Capital Private Equity and Venture Capital introduces learners to the core ideas, foundational methods, and practical applications of this subject through guided study and applied examples. Critical Thinking; Research; Communication Intermediate Universita Bocconi","{'organization': 'Universita Bocconi', 'difficulty': 'Intermediate', 'rating': 4.8, 'url': ''}"
course_0669,Probabilistic Graphical Models 1: Representation,"Probabilistic Graphical Models 1: Representation introduces learners to the core ideas, foundational methods, and practical applications of this subject through guided study and applied examples.",Critical Thinking; Research; Communication,Advanced,4.7,Stanford University,,"Probabilistic Graphical Models 1: Representation Probabilistic Graphical Models 1: Representation introduces learners to the core ideas, foundational methods, and practical applications of this subject through guided study and applied examples. Critical Thinking; Research; Communication Advanced Stanford University","{'organization': 'Stanford University', 'difficulty': 'Advanced', 'rating': 4.7, 'url': ''}"
course_0670,Probability and Statistics: To p or not to p?,"Probability and Statistics: To p or not to p? introduces learners to the core ideas, foundational methods, and practical applications of this subject through guided study and applied examples.",Statistics; Data Analysis,Beginner,4.6,University of London,,"Probability and Statistics: To p or not to p? Probability and Statistics: To p or not to p? introduces learners to the core ideas, foundational methods, and practical applications of this subject through guided study and applied examples. Statistics; Data Analysis Beginner University of London","{'organization': 'University of London', 'difficulty': 'Beginner', 'rating': 4.6, 'url': ''}"
course_0671,Process Mining: Data science in Action,"Process Mining: Data science in Action introduces learners to the foundations of data analysis, statistical reasoning, and practical decision-making using real-world data examples.",Data Analysis; Statistics; Python,Intermediate,4.8,Eindhoven University of Technology,,"Process Mining: Data science in Action Process Mining: Data science in Action introduces learners to the foundations of data analysis, statistical reasoning, and practical decision-making using real-world data examples. Data Analysis; Statistics; Python Intermediate Eindhoven University of Technology","{'organization': 'Eindhoven University of Technology', 'difficulty': 'Intermediate', 'rating': 4.8, 'url': ''}"
course_0672,"Programming Foundations with JavaScript, HTML and CSS","Programming Foundations with JavaScript, HTML and CSS guides learners through software engineering patterns, algorithmic problem solving, and effective coding practices.",Programming; Java,Beginner,4.6,Duke University,,"Programming Foundations with JavaScript, HTML and CSS Programming Foundations with JavaScript, HTML and CSS guides learners through software engineering patterns, algorithmic problem solving, and effective coding practices. Programming; Java Beginner Duke University","{'organization': 'Duke University', 'difficulty': 'Beginner', 'rating': 4.6, 'url': ''}"
course_0673,Programming Fundamentals,"Programming Fundamentals guides learners through software engineering patterns, algorithmic problem solving, and effective coding practices.",Programming,Beginner,4.7,Duke University,,"Programming Fundamentals Programming Fundamentals guides learners through software engineering patterns, algorithmic problem solving, and effective coding practices. Programming Beginner Duke University","{'organization': 'Duke University', 'difficulty': 'Beginner', 'rating': 4.7, 'url': ''}"
course_0674,Programming for Everybody (Getting Started with Python),"Programming for Everybody (Getting Started with Python) guides learners through software engineering patterns, algorithmic problem solving, and effective coding practices.",Python; Programming,Intermediate,4.8,University of Michigan,,"Programming for Everybody (Getting Started with Python) Programming for Everybody (Getting Started with Python) guides learners through software engineering patterns, algorithmic problem solving, and effective coding practices. Python; Programming Intermediate University of Michigan","{'organization': 'University of Michigan', 'difficulty': 'Intermediate', 'rating': 4.8, 'url': ''}"
course_0675,Programming with Google Go,"Programming with Google Go guides learners through software engineering patterns, algorithmic problem solving, and effective coding practices.",Programming,Intermediate,4.6,"University of California, Irvine",,"Programming with Google Go Programming with Google Go guides learners through software engineering patterns, algorithmic problem solving, and effective coding practices. Programming Intermediate University of California, Irvine","{'organization': 'University of California, Irvine', 'difficulty': 'Intermediate', 'rating': 4.6, 'url': ''}"
course_0676,Project Execution,"Project Execution introduces learners to the core ideas, foundational methods, and practical applications of this subject through guided study and applied examples.",Critical Thinking; Research; Communication,Beginner,4.2,"University of California, Irvine",,"Project Execution Project Execution introduces learners to the core ideas, foundational methods, and practical applications of this subject through guided study and applied examples. Critical Thinking; Research; Communication Beginner University of California, Irvine","{'organization': 'University of California, Irvine', 'difficulty': 'Beginner', 'rating': 4.2, 'url': ''}"
course_0677,Project Launch,"Project Launch introduces learners to the core ideas, foundational methods, and practical applications of this subject through guided study and applied examples.",Critical Thinking; Research; Communication,Beginner,4.7,"University of California, Irvine",,"Project Launch Project Launch introduces learners to the core ideas, foundational methods, and practical applications of this subject through guided study and applied examples. Critical Thinking; Research; Communication Beginner University of California, Irvine","{'organization': 'University of California, Irvine', 'difficulty': 'Beginner', 'rating': 4.7, 'url': ''}"
course_0678,Project Management & Other Tools for Career Development,"Project Management & Other Tools for Career Development introduces learners to the core ideas, foundational methods, and practical applications of this subject through guided study and applied examples.",Critical Thinking; Research; Communication,Beginner,4.6,"University of California, Irvine",,"Project Management & Other Tools for Career Development Project Management & Other Tools for Career Development introduces learners to the core ideas, foundational methods, and practical applications of this subject through guided study and applied examples. Critical Thinking; Research; Communication Beginner University of California, Irvine","{'organization': 'University of California, Irvine', 'difficulty': 'Beginner', 'rating': 4.6, 'url': ''}"
course_0679,Project Management Principles and Practices,"Project Management Principles and Practices introduces learners to the core ideas, foundational methods, and practical applications of this subject through guided study and applied examples.",Critical Thinking; Research; Communication,Beginner,4.7,"University of California, Irvine",,"Project Management Principles and Practices Project Management Principles and Practices introduces learners to the core ideas, foundational methods, and practical applications of this subject through guided study and applied examples. Critical Thinking; Research; Communication Beginner University of California, Irvine","{'organization': 'University of California, Irvine', 'difficulty': 'Beginner', 'rating': 4.7, 'url': ''}"
course_0680,Psychological First Aid,"Psychological First Aid helps learners understand core concepts, algorithms, and applications used in modern machine learning and intelligent systems.",Artificial Intelligence,Intermediate,4.8,Johns Hopkins University,,"Psychological First Aid Psychological First Aid helps learners understand core concepts, algorithms, and applications used in modern machine learning and intelligent systems. Artificial Intelligence Intermediate Johns Hopkins University","{'organization': 'Johns Hopkins University', 'difficulty': 'Intermediate', 'rating': 4.8, 'url': ''}"
course_0681,Public Policy Challenges of the 21st Century,"Public Policy Challenges of the 21st Century introduces learners to the core ideas, foundational methods, and practical applications of this subject through guided study and applied examples.",Critical Thinking; Research; Communication,Beginner,4.6,University of Virginia,,"Public Policy Challenges of the 21st Century Public Policy Challenges of the 21st Century introduces learners to the core ideas, foundational methods, and practical applications of this subject through guided study and applied examples. Critical Thinking; Research; Communication Beginner University of Virginia","{'organization': 'University of Virginia', 'difficulty': 'Beginner', 'rating': 4.6, 'url': ''}"
course_0682,Python Basics,"Python Basics introduces learners to the core ideas, foundational methods, and practical applications of this subject through guided study and applied examples.",Python,Beginner,4.8,University of Michigan,,"Python Basics Python Basics introduces learners to the core ideas, foundational methods, and practical applications of this subject through guided study and applied examples. Python Beginner University of Michigan","{'organization': 'University of Michigan', 'difficulty': 'Beginner', 'rating': 4.8, 'url': ''}"
course_0683,Python Classes and Inheritance,"Python Classes and Inheritance introduces learners to the core ideas, foundational methods, and practical applications of this subject through guided study and applied examples.",Python,Intermediate,4.7,University of Michigan,,"Python Classes and Inheritance Python Classes and Inheritance introduces learners to the core ideas, foundational methods, and practical applications of this subject through guided study and applied examples. Python Intermediate University of Michigan","{'organization': 'University of Michigan', 'difficulty': 'Intermediate', 'rating': 4.7, 'url': ''}"
course_0684,Python Data Structures,"Python Data Structures introduces learners to the core ideas, foundational methods, and practical applications of this subject through guided study and applied examples.",Python; Data Structures; Algorithms,Intermediate,4.9,University of Michigan,,"Python Data Structures Python Data Structures introduces learners to the core ideas, foundational methods, and practical applications of this subject through guided study and applied examples. Python; Data Structures; Algorithms Intermediate University of Michigan","{'organization': 'University of Michigan', 'difficulty': 'Intermediate', 'rating': 4.9, 'url': ''}"
course_0685,"Python Functions, Files, and Dictionaries","Python Functions, Files, and Dictionaries introduces learners to the core ideas, foundational methods, and practical applications of this subject through guided study and applied examples.",Python,Beginner,4.8,University of Michigan,,"Python Functions, Files, and Dictionaries Python Functions, Files, and Dictionaries introduces learners to the core ideas, foundational methods, and practical applications of this subject through guided study and applied examples. Python Beginner University of Michigan","{'organization': 'University of Michigan', 'difficulty': 'Beginner', 'rating': 4.8, 'url': ''}"
course_0686,Python and Statistics for Financial Analysis,"Python and Statistics for Financial Analysis introduces learners to the core ideas, foundational methods, and practical applications of this subject through guided study and applied examples.",Python; Statistics; Data Analysis,Intermediate,4.4,The Hong Kong University of Science and Technology,,"Python and Statistics for Financial Analysis Python and Statistics for Financial Analysis introduces learners to the core ideas, foundational methods, and practical applications of this subject through guided study and applied examples. Python; Statistics; Data Analysis Intermediate The Hong Kong University of Science and Technology","{'organization': 'The Hong Kong University of Science and Technology', 'difficulty': 'Intermediate', 'rating': 4.4, 'url': ''}"
course_0687,Python for Data Science and AI,"Python for Data Science and AI introduces learners to the foundations of data analysis, statistical reasoning, and practical decision-making using real-world data examples.",Python; Artificial Intelligence; Data Analysis; Statistics,Beginner,4.6,IBM,,"Python for Data Science and AI Python for Data Science and AI introduces learners to the foundations of data analysis, statistical reasoning, and practical decision-making using real-world data examples. Python; Artificial Intelligence; Data Analysis; Statistics Beginner IBM","{'organization': 'IBM', 'difficulty': 'Beginner', 'rating': 4.6, 'url': ''}"
course_0688,Python for Everybody,"Python for Everybody introduces learners to the core ideas, foundational methods, and practical applications of this subject through guided study and applied examples.",Python,Beginner,4.8,University of Michigan,,"Python for Everybody Python for Everybody introduces learners to the core ideas, foundational methods, and practical applications of this subject through guided study and applied examples. Python Beginner University of Michigan","{'organization': 'University of Michigan', 'difficulty': 'Beginner', 'rating': 4.8, 'url': ''}"
course_0689,Quantitative Methods,"Quantitative Methods introduces learners to the core ideas, foundational methods, and practical applications of this subject through guided study and applied examples.",Critical Thinking; Research; Communication,Intermediate,4.7,University of Amsterdam,,"Quantitative Methods Quantitative Methods introduces learners to the core ideas, foundational methods, and practical applications of this subject through guided study and applied examples. Critical Thinking; Research; Communication Intermediate University of Amsterdam","{'organization': 'University of Amsterdam', 'difficulty': 'Intermediate', 'rating': 4.7, 'url': ''}"
course_0690,Queering Identities: LGBTQ+ Sexuality and Gender Identity,"Queering Identities: LGBTQ+ Sexuality and Gender Identity introduces learners to the core ideas, foundational methods, and practical applications of this subject through guided study and applied examples.",Critical Thinking; Research; Communication,Beginner,4.9,University of Colorado System,,"Queering Identities: LGBTQ+ Sexuality and Gender Identity Queering Identities: LGBTQ+ Sexuality and Gender Identity introduces learners to the core ideas, foundational methods, and practical applications of this subject through guided study and applied examples. Critical Thinking; Research; Communication Beginner University of Colorado System","{'organization': 'University of Colorado System', 'difficulty': 'Beginner', 'rating': 4.9, 'url': ''}"
course_0691,R Programming,"R Programming guides learners through software engineering patterns, algorithmic problem solving, and effective coding practices.",Programming,Intermediate,4.6,Johns Hopkins University,,"R Programming R Programming guides learners through software engineering patterns, algorithmic problem solving, and effective coding practices. Programming Intermediate Johns Hopkins University","{'organization': 'Johns Hopkins University', 'difficulty': 'Intermediate', 'rating': 4.6, 'url': ''}"
course_0692,"Ready, Set, Future! Introduction to Futures Thinking","Ready, Set, Future! Introduction to Futures Thinking introduces learners to the core ideas, foundational methods, and practical applications of this subject through guided study and applied examples.",Critical Thinking; Research; Communication,Beginner,4.8,Institute for the Future,,"Ready, Set, Future! Introduction to Futures Thinking Ready, Set, Future! Introduction to Futures Thinking introduces learners to the core ideas, foundational methods, and practical applications of this subject through guided study and applied examples. Critical Thinking; Research; Communication Beginner Institute for the Future","{'organization': 'Institute for the Future', 'difficulty': 'Beginner', 'rating': 4.8, 'url': ''}"
course_0693,Recommender Systems,"Recommender Systems introduces learners to the core ideas, foundational methods, and practical applications of this subject through guided study and applied examples.",Critical Thinking; Research; Communication,Intermediate,4.3,University of Minnesota,,"Recommender Systems Recommender Systems introduces learners to the core ideas, foundational methods, and practical applications of this subject through guided study and applied examples. Critical Thinking; Research; Communication Intermediate University of Minnesota","{'organization': 'University of Minnesota', 'difficulty': 'Intermediate', 'rating': 4.3, 'url': ''}"
course_0694,"Recruiting, Hiring, and Onboarding Employees","Recruiting, Hiring, and Onboarding Employees introduces learners to the core ideas, foundational methods, and practical applications of this subject through guided study and applied examples.",Critical Thinking; Research; Communication,Intermediate,4.7,University of Minnesota,,"Recruiting, Hiring, and Onboarding Employees Recruiting, Hiring, and Onboarding Employees introduces learners to the core ideas, foundational methods, and practical applications of this subject through guided study and applied examples. Critical Thinking; Research; Communication Intermediate University of Minnesota","{'organization': 'University of Minnesota', 'difficulty': 'Intermediate', 'rating': 4.7, 'url': ''}"
course_0695,Reinforcement Learning,"Reinforcement Learning introduces learners to the core ideas, foundational methods, and practical applications of this subject through guided study and applied examples.",Critical Thinking; Research; Communication,Intermediate,4.7,University of Alberta,,"Reinforcement Learning Reinforcement Learning introduces learners to the core ideas, foundational methods, and practical applications of this subject through guided study and applied examples. Critical Thinking; Research; Communication Intermediate University of Alberta","{'organization': 'University of Alberta', 'difficulty': 'Intermediate', 'rating': 4.7, 'url': ''}"
course_0696,Renewable Energy and Green Building Entrepreneurship,"Renewable Energy and Green Building Entrepreneurship introduces learners to the core ideas, foundational methods, and practical applications of this subject through guided study and applied examples.",Critical Thinking; Research; Communication,Beginner,4.7,Duke University,,"Renewable Energy and Green Building Entrepreneurship Renewable Energy and Green Building Entrepreneurship introduces learners to the core ideas, foundational methods, and practical applications of this subject through guided study and applied examples. Critical Thinking; Research; Communication Beginner Duke University","{'organization': 'Duke University', 'difficulty': 'Beginner', 'rating': 4.7, 'url': ''}"
course_0697,Reporting extra-financier et strategie RSE,"Reporting extra-financier et strategie RSE introduces learners to the core ideas, foundational methods, and practical applications of this subject through guided study and applied examples.",Critical Thinking; Research; Communication,Beginner,4.7,ESSEC Business School,,"Reporting extra-financier et strategie RSE Reporting extra-financier et strategie RSE introduces learners to the core ideas, foundational methods, and practical applications of this subject through guided study and applied examples. Critical Thinking; Research; Communication Beginner ESSEC Business School","{'organization': 'ESSEC Business School', 'difficulty': 'Beginner', 'rating': 4.7, 'url': ''}"
course_0698,Requirements Engineering: Secure Software Specifications,"Requirements Engineering: Secure Software Specifications guides learners through software engineering patterns, algorithmic problem solving, and effective coding practices.",Critical Thinking; Research; Communication,Beginner,4.6,University of Colorado System,,"Requirements Engineering: Secure Software Specifications Requirements Engineering: Secure Software Specifications guides learners through software engineering patterns, algorithmic problem solving, and effective coding practices. Critical Thinking; Research; Communication Beginner University of Colorado System","{'organization': 'University of Colorado System', 'difficulty': 'Beginner', 'rating': 4.6, 'url': ''}"
course_0699,Research Data Management and Sharing,"Research Data Management and Sharing introduces learners to the core ideas, foundational methods, and practical applications of this subject through guided study and applied examples.",Critical Thinking; Research; Communication,Intermediate,4.6,The University of Edinburgh,,"Research Data Management and Sharing Research Data Management and Sharing introduces learners to the core ideas, foundational methods, and practical applications of this subject through guided study and applied examples. Critical Thinking; Research; Communication Intermediate The University of Edinburgh","{'organization': 'The University of Edinburgh', 'difficulty': 'Intermediate', 'rating': 4.6, 'url': ''}"
course_0700,"Resilience in Children Exposed to Trauma, Disaster and War: Global Perspectives","Resilience in Children Exposed to Trauma, Disaster and War: Global Perspectives introduces learners to the core ideas, foundational methods, and practical applications of this subject through guided study and applied examples.",Critical Thinking; Research; Communication,Intermediate,4.8,University of Minnesota,,"Resilience in Children Exposed to Trauma, Disaster and War: Global Perspectives Resilience in Children Exposed to Trauma, Disaster and War: Global Perspectives introduces learners to the core ideas, foundational methods, and practical applications of this subject through guided study and applied examples. Critical Thinking; Research; Communication Intermediate University of Minnesota","{'organization': 'University of Minnesota', 'difficulty': 'Intermediate', 'rating': 4.8, 'url': ''}"
course_0701,Responsive Website Development and Design,"Responsive Website Development and Design introduces learners to the core ideas, foundational methods, and practical applications of this subject through guided study and applied examples.",Web Development; JavaScript,Beginner,4.5,"Goldsmiths, University of London",,"Responsive Website Development and Design Responsive Website Development and Design introduces learners to the core ideas, foundational methods, and practical applications of this subject through guided study and applied examples. Web Development; JavaScript Beginner Goldsmiths, University of London","{'organization': 'Goldsmiths, University of London', 'difficulty': 'Beginner', 'rating': 4.5, 'url': ''}"
course_0702,Rethinking International Tax Law,"Rethinking International Tax Law introduces learners to the core ideas, foundational methods, and practical applications of this subject through guided study and applied examples.",Critical Thinking; Research; Communication,Intermediate,4.9,Universiteit Leiden,,"Rethinking International Tax Law Rethinking International Tax Law introduces learners to the core ideas, foundational methods, and practical applications of this subject through guided study and applied examples. Critical Thinking; Research; Communication Intermediate Universiteit Leiden","{'organization': 'Universiteit Leiden', 'difficulty': 'Intermediate', 'rating': 4.9, 'url': ''}"
course_0703,Revisao Sistematica e Meta-analise,"Revisao Sistematica e Meta-analise introduces learners to the core ideas, foundational methods, and practical applications of this subject through guided study and applied examples.",Critical Thinking; Research; Communication,Intermediate,4.9,Universidade Estadual de Campinas,,"Revisao Sistematica e Meta-analise Revisao Sistematica e Meta-analise introduces learners to the core ideas, foundational methods, and practical applications of this subject through guided study and applied examples. Critical Thinking; Research; Communication Intermediate Universidade Estadual de Campinas","{'organization': 'Universidade Estadual de Campinas', 'difficulty': 'Intermediate', 'rating': 4.9, 'url': ''}"
course_0704,Robotics,"Robotics introduces learners to the core ideas, foundational methods, and practical applications of this subject through guided study and applied examples.",Critical Thinking; Research; Communication,Beginner,4.4,University of Pennsylvania,,"Robotics Robotics introduces learners to the core ideas, foundational methods, and practical applications of this subject through guided study and applied examples. Critical Thinking; Research; Communication Beginner University of Pennsylvania","{'organization': 'University of Pennsylvania', 'difficulty': 'Beginner', 'rating': 4.4, 'url': ''}"
course_0705,Roman Architecture,"Roman Architecture introduces learners to the core ideas, foundational methods, and practical applications of this subject through guided study and applied examples.",Critical Thinking; Research; Communication,Beginner,4.9,Yale University,,"Roman Architecture Roman Architecture introduces learners to the core ideas, foundational methods, and practical applications of this subject through guided study and applied examples. Critical Thinking; Research; Communication Beginner Yale University","{'organization': 'Yale University', 'difficulty': 'Beginner', 'rating': 4.9, 'url': ''}"
course_0706,Russian Alphabet,"Russian Alphabet introduces learners to the core ideas, foundational methods, and practical applications of this subject through guided study and applied examples.",Critical Thinking; Research; Communication,Beginner,4.7,Saint Petersburg State University,,"Russian Alphabet Russian Alphabet introduces learners to the core ideas, foundational methods, and practical applications of this subject through guided study and applied examples. Critical Thinking; Research; Communication Beginner Saint Petersburg State University","{'organization': 'Saint Petersburg State University', 'difficulty': 'Beginner', 'rating': 4.7, 'url': ''}"
course_0707,Russian for beginners 1. : A1,"Russian for beginners 1. : A1 introduces learners to the core ideas, foundational methods, and practical applications of this subject through guided study and applied examples.",Critical Thinking; Research; Communication,Beginner,4.7,Saint Petersburg State University,,"Russian for beginners 1. : A1 Russian for beginners 1. : A1 introduces learners to the core ideas, foundational methods, and practical applications of this subject through guided study and applied examples. Critical Thinking; Research; Communication Beginner Saint Petersburg State University","{'organization': 'Saint Petersburg State University', 'difficulty': 'Beginner', 'rating': 4.7, 'url': ''}"
course_0708,Reussir le Changement,"Reussir le Changement introduces learners to the core ideas, foundational methods, and practical applications of this subject through guided study and applied examples.",Critical Thinking; Research; Communication,Intermediate,4.5,ESSEC Business School,,"Reussir le Changement Reussir le Changement introduces learners to the core ideas, foundational methods, and practical applications of this subject through guided study and applied examples. Critical Thinking; Research; Communication Intermediate ESSEC Business School","{'organization': 'ESSEC Business School', 'difficulty': 'Intermediate', 'rating': 4.5, 'url': ''}"
course_0709,SAS Programmer,"SAS Programmer introduces learners to the core ideas, foundational methods, and practical applications of this subject through guided study and applied examples.",Critical Thinking; Research; Communication,Beginner,4.8,SAS,,"SAS Programmer SAS Programmer introduces learners to the core ideas, foundational methods, and practical applications of this subject through guided study and applied examples. Critical Thinking; Research; Communication Beginner SAS","{'organization': 'SAS', 'difficulty': 'Beginner', 'rating': 4.8, 'url': ''}"
course_0710,SAS Visual Business Analytics,"SAS Visual Business Analytics introduces learners to the foundations of data analysis, statistical reasoning, and practical decision-making using real-world data examples.",Data Analysis; Statistics,Beginner,4.6,SAS,,"SAS Visual Business Analytics SAS Visual Business Analytics introduces learners to the foundations of data analysis, statistical reasoning, and practical decision-making using real-world data examples. Data Analysis; Statistics Beginner SAS","{'organization': 'SAS', 'difficulty': 'Beginner', 'rating': 4.6, 'url': ''}"
course_0711,SQL for Data Science,"SQL for Data Science introduces learners to the foundations of data analysis, statistical reasoning, and practical decision-making using real-world data examples.",Data Analysis; Statistics; Python; SQL; Databases,Beginner,4.6,"University of California, Davis",,"SQL for Data Science SQL for Data Science introduces learners to the foundations of data analysis, statistical reasoning, and practical decision-making using real-world data examples. Data Analysis; Statistics; Python; SQL; Databases Beginner University of California, Davis","{'organization': 'University of California, Davis', 'difficulty': 'Beginner', 'rating': 4.6, 'url': ''}"
course_0712,Sales Operations/Management,"Sales Operations/Management introduces learners to the core ideas, foundational methods, and practical applications of this subject through guided study and applied examples.",Critical Thinking; Research; Communication,Beginner,4.4,West Virginia University,,"Sales Operations/Management Sales Operations/Management introduces learners to the core ideas, foundational methods, and practical applications of this subject through guided study and applied examples. Critical Thinking; Research; Communication Beginner West Virginia University","{'organization': 'West Virginia University', 'difficulty': 'Beginner', 'rating': 4.4, 'url': ''}"
course_0713,Sales Training for High Performing Teams,"Sales Training for High Performing Teams helps learners understand core concepts, algorithms, and applications used in modern machine learning and intelligent systems.",Artificial Intelligence,Beginner,4.7,HubSpot Academy,,"Sales Training for High Performing Teams Sales Training for High Performing Teams helps learners understand core concepts, algorithms, and applications used in modern machine learning and intelligent systems. Artificial Intelligence Beginner HubSpot Academy","{'organization': 'HubSpot Academy', 'difficulty': 'Beginner', 'rating': 4.7, 'url': ''}"
course_0714,Sample-based Learning Methods,"Sample-based Learning Methods introduces learners to the core ideas, foundational methods, and practical applications of this subject through guided study and applied examples.",Critical Thinking; Research; Communication,Intermediate,4.8,University of Alberta,,"Sample-based Learning Methods Sample-based Learning Methods introduces learners to the core ideas, foundational methods, and practical applications of this subject through guided study and applied examples. Critical Thinking; Research; Communication Intermediate University of Alberta","{'organization': 'University of Alberta', 'difficulty': 'Intermediate', 'rating': 4.8, 'url': ''}"
course_0715,Scaling Operations: Linking Strategy and Execution,"Scaling Operations: Linking Strategy and Execution introduces learners to the core ideas, foundational methods, and practical applications of this subject through guided study and applied examples.",Critical Thinking; Research; Communication,Intermediate,4.5,Northwestern University,,"Scaling Operations: Linking Strategy and Execution Scaling Operations: Linking Strategy and Execution introduces learners to the core ideas, foundational methods, and practical applications of this subject through guided study and applied examples. Critical Thinking; Research; Communication Intermediate Northwestern University","{'organization': 'Northwestern University', 'difficulty': 'Intermediate', 'rating': 4.5, 'url': ''}"
course_0716,School Health for Children and Adolescents,"School Health for Children and Adolescents introduces learners to the core ideas, foundational methods, and practical applications of this subject through guided study and applied examples.",Critical Thinking; Research; Communication,Beginner,4.8,University of Colorado System,,"School Health for Children and Adolescents School Health for Children and Adolescents introduces learners to the core ideas, foundational methods, and practical applications of this subject through guided study and applied examples. Critical Thinking; Research; Communication Beginner University of Colorado System","{'organization': 'University of Colorado System', 'difficulty': 'Beginner', 'rating': 4.8, 'url': ''}"
course_0717,Science of Exercise,"Science of Exercise introduces learners to the core ideas, foundational methods, and practical applications of this subject through guided study and applied examples.",Critical Thinking; Research; Communication,Beginner,4.8,University of Colorado Boulder,,"Science of Exercise Science of Exercise introduces learners to the core ideas, foundational methods, and practical applications of this subject through guided study and applied examples. Critical Thinking; Research; Communication Beginner University of Colorado Boulder","{'organization': 'University of Colorado Boulder', 'difficulty': 'Beginner', 'rating': 4.8, 'url': ''}"
course_0718,Search Engine Optimization Fundamentals,"Search Engine Optimization Fundamentals introduces learners to the core ideas, foundational methods, and practical applications of this subject through guided study and applied examples.",Critical Thinking; Research; Communication,Intermediate,4.7,"University of California, Davis",,"Search Engine Optimization Fundamentals Search Engine Optimization Fundamentals introduces learners to the core ideas, foundational methods, and practical applications of this subject through guided study and applied examples. Critical Thinking; Research; Communication Intermediate University of California, Davis","{'organization': 'University of California, Davis', 'difficulty': 'Intermediate', 'rating': 4.7, 'url': ''}"
course_0719,Secure Coding Practices,"Secure Coding Practices introduces learners to the core ideas, foundational methods, and practical applications of this subject through guided study and applied examples.",Critical Thinking; Research; Communication,Intermediate,4.4,"University of California, Davis",,"Secure Coding Practices Secure Coding Practices introduces learners to the core ideas, foundational methods, and practical applications of this subject through guided study and applied examples. Critical Thinking; Research; Communication Intermediate University of California, Davis","{'organization': 'University of California, Davis', 'difficulty': 'Intermediate', 'rating': 4.4, 'url': ''}"
course_0720,Security & Safety Challenges in a Globalized World,"Security & Safety Challenges in a Globalized World covers the core ideas behind cloud-native systems, security principles, and the practical systems thinking needed to build and maintain modern digital services.",Security Fundamentals; Risk Management,Beginner,4.7,Universiteit Leiden,,"Security & Safety Challenges in a Globalized World Security & Safety Challenges in a Globalized World covers the core ideas behind cloud-native systems, security principles, and the practical systems thinking needed to build and maintain modern digital services. Security Fundamentals; Risk Management Beginner Universiteit Leiden","{'organization': 'Universiteit Leiden', 'difficulty': 'Beginner', 'rating': 4.7, 'url': ''}"
course_0721,Security in Google Cloud Platform,"Security in Google Cloud Platform covers the core ideas behind cloud-native systems, security principles, and the practical systems thinking needed to build and maintain modern digital services.",Cloud Computing; Security Fundamentals; Risk Management,Intermediate,4.7,Google Cloud,,"Security in Google Cloud Platform Security in Google Cloud Platform covers the core ideas behind cloud-native systems, security principles, and the practical systems thinking needed to build and maintain modern digital services. Cloud Computing; Security Fundamentals; Risk Management Intermediate Google Cloud","{'organization': 'Google Cloud', 'difficulty': 'Intermediate', 'rating': 4.7, 'url': ''}"
course_0722,Self-Driving Cars,"Self-Driving Cars introduces learners to the core ideas, foundational methods, and practical applications of this subject through guided study and applied examples.",Critical Thinking; Research; Communication,Advanced,4.7,University of Toronto,,"Self-Driving Cars Self-Driving Cars introduces learners to the core ideas, foundational methods, and practical applications of this subject through guided study and applied examples. Critical Thinking; Research; Communication Advanced University of Toronto","{'organization': 'University of Toronto', 'difficulty': 'Advanced', 'rating': 4.7, 'url': ''}"
course_0723,Sequence Models,"Sequence Models introduces learners to the core ideas, foundational methods, and practical applications of this subject through guided study and applied examples.",Critical Thinking; Research; Communication,Intermediate,4.8,deeplearning.ai,,"Sequence Models Sequence Models introduces learners to the core ideas, foundational methods, and practical applications of this subject through guided study and applied examples. Critical Thinking; Research; Communication Intermediate deeplearning.ai","{'organization': 'deeplearning.ai', 'difficulty': 'Intermediate', 'rating': 4.8, 'url': ''}"
course_0724,Sexualidad...mucho mas que sexo,"Sexualidad...mucho mas que sexo introduces learners to the core ideas, foundational methods, and practical applications of this subject through guided study and applied examples.",Critical Thinking; Research; Communication,Beginner,4.8,Universidad de los Andes,,"Sexualidad...mucho mas que sexo Sexualidad...mucho mas que sexo introduces learners to the core ideas, foundational methods, and practical applications of this subject through guided study and applied examples. Critical Thinking; Research; Communication Beginner Universidad de los Andes","{'organization': 'Universidad de los Andes', 'difficulty': 'Beginner', 'rating': 4.8, 'url': ''}"
course_0725,Sharpened Visions: A Poetry Workshop,"Sharpened Visions: A Poetry Workshop introduces learners to the core ideas, foundational methods, and practical applications of this subject through guided study and applied examples.",Critical Thinking; Research; Communication,Beginner,4.7,California Institute of the Arts,,"Sharpened Visions: A Poetry Workshop Sharpened Visions: A Poetry Workshop introduces learners to the core ideas, foundational methods, and practical applications of this subject through guided study and applied examples. Critical Thinking; Research; Communication Beginner California Institute of the Arts","{'organization': 'California Institute of the Arts', 'difficulty': 'Beginner', 'rating': 4.7, 'url': ''}"
course_0726,Site Reliability Engineering: Measuring and Managing Reliability,"Site Reliability Engineering: Measuring and Managing Reliability introduces learners to the core ideas, foundational methods, and practical applications of this subject through guided study and applied examples.",Critical Thinking; Research; Communication,Advanced,4.5,Google Cloud,,"Site Reliability Engineering: Measuring and Managing Reliability Site Reliability Engineering: Measuring and Managing Reliability introduces learners to the core ideas, foundational methods, and practical applications of this subject through guided study and applied examples. Critical Thinking; Research; Communication Advanced Google Cloud","{'organization': 'Google Cloud', 'difficulty': 'Advanced', 'rating': 4.5, 'url': ''}"
course_0727,Six Sigma Green Belt,"Six Sigma Green Belt introduces learners to the core ideas, foundational methods, and practical applications of this subject through guided study and applied examples.",Critical Thinking; Research; Communication,Intermediate,4.7,University System of Georgia,,"Six Sigma Green Belt Six Sigma Green Belt introduces learners to the core ideas, foundational methods, and practical applications of this subject through guided study and applied examples. Critical Thinking; Research; Communication Intermediate University System of Georgia","{'organization': 'University System of Georgia', 'difficulty': 'Intermediate', 'rating': 4.7, 'url': ''}"
course_0728,Six Sigma and the Organization (Advanced),"Six Sigma and the Organization (Advanced) introduces learners to the core ideas, foundational methods, and practical applications of this subject through guided study and applied examples.",Critical Thinking; Research; Communication,Intermediate,4.7,University System of Georgia,,"Six Sigma and the Organization (Advanced) Six Sigma and the Organization (Advanced) introduces learners to the core ideas, foundational methods, and practical applications of this subject through guided study and applied examples. Critical Thinking; Research; Communication Intermediate University System of Georgia","{'organization': 'University System of Georgia', 'difficulty': 'Intermediate', 'rating': 4.7, 'url': ''}"
course_0729,"Sleep: Neurobiology, Medicine, and Society","Sleep: Neurobiology, Medicine, and Society introduces learners to the core ideas, foundational methods, and practical applications of this subject through guided study and applied examples.",Critical Thinking; Research; Communication,Beginner,4.8,University of Michigan,,"Sleep: Neurobiology, Medicine, and Society Sleep: Neurobiology, Medicine, and Society introduces learners to the core ideas, foundational methods, and practical applications of this subject through guided study and applied examples. Critical Thinking; Research; Communication Beginner University of Michigan","{'organization': 'University of Michigan', 'difficulty': 'Beginner', 'rating': 4.8, 'url': ''}"
course_0730,Smart Cities Management of Smart Urban Infrastructures,"Smart Cities Management of Smart Urban Infrastructures introduces learners to the core ideas, foundational methods, and practical applications of this subject through guided study and applied examples.",Critical Thinking; Research; Communication,Beginner,4.6,Ecole Polytechnique Federale de Lausanne,,"Smart Cities Management of Smart Urban Infrastructures Smart Cities Management of Smart Urban Infrastructures introduces learners to the core ideas, foundational methods, and practical applications of this subject through guided study and applied examples. Critical Thinking; Research; Communication Beginner Ecole Polytechnique Federale de Lausanne","{'organization': 'Ecole Polytechnique Federale de Lausanne', 'difficulty': 'Beginner', 'rating': 4.6, 'url': ''}"
course_0731,Social Entrepreneurship,"Social Entrepreneurship introduces learners to the core ideas, foundational methods, and practical applications of this subject through guided study and applied examples.",Critical Thinking; Research; Communication,Beginner,4.6,Copenhagen Business School,,"Social Entrepreneurship Social Entrepreneurship introduces learners to the core ideas, foundational methods, and practical applications of this subject through guided study and applied examples. Critical Thinking; Research; Communication Beginner Copenhagen Business School","{'organization': 'Copenhagen Business School', 'difficulty': 'Beginner', 'rating': 4.6, 'url': ''}"
course_0732,Social Media Marketing,"Social Media Marketing introduces learners to the core ideas, foundational methods, and practical applications of this subject through guided study and applied examples.",Critical Thinking; Research; Communication,Beginner,4.6,Northwestern University,,"Social Media Marketing Social Media Marketing introduces learners to the core ideas, foundational methods, and practical applications of this subject through guided study and applied examples. Critical Thinking; Research; Communication Beginner Northwestern University","{'organization': 'Northwestern University', 'difficulty': 'Beginner', 'rating': 4.6, 'url': ''}"
course_0733,"Social Norms, Social Change I","Social Norms, Social Change I introduces learners to the core ideas, foundational methods, and practical applications of this subject through guided study and applied examples.",Critical Thinking; Research; Communication,Beginner,4.6,University of Pennsylvania,,"Social Norms, Social Change I Social Norms, Social Change I introduces learners to the core ideas, foundational methods, and practical applications of this subject through guided study and applied examples. Critical Thinking; Research; Communication Beginner University of Pennsylvania","{'organization': 'University of Pennsylvania', 'difficulty': 'Beginner', 'rating': 4.6, 'url': ''}"
course_0734,Social Policy for Social Services & Health Practitioners,"Social Policy for Social Services & Health Practitioners introduces learners to the core ideas, foundational methods, and practical applications of this subject through guided study and applied examples.",Critical Thinking; Research; Communication,Beginner,4.8,Columbia University,,"Social Policy for Social Services & Health Practitioners Social Policy for Social Services & Health Practitioners introduces learners to the core ideas, foundational methods, and practical applications of this subject through guided study and applied examples. Critical Thinking; Research; Communication Beginner Columbia University","{'organization': 'Columbia University', 'difficulty': 'Beginner', 'rating': 4.8, 'url': ''}"
course_0735,Social Psychology,"Social Psychology introduces learners to the core ideas, foundational methods, and practical applications of this subject through guided study and applied examples.",Critical Thinking; Research; Communication,Beginner,4.7,Wesleyan University,,"Social Psychology Social Psychology introduces learners to the core ideas, foundational methods, and practical applications of this subject through guided study and applied examples. Critical Thinking; Research; Communication Beginner Wesleyan University","{'organization': 'Wesleyan University', 'difficulty': 'Beginner', 'rating': 4.7, 'url': ''}"
course_0736,Social and Economic Networks: Models and Analysis,"Social and Economic Networks: Models and Analysis introduces learners to the core ideas, foundational methods, and practical applications of this subject through guided study and applied examples.",Critical Thinking; Research; Communication,Advanced,4.8,Stanford University,,"Social and Economic Networks: Models and Analysis Social and Economic Networks: Models and Analysis introduces learners to the core ideas, foundational methods, and practical applications of this subject through guided study and applied examples. Critical Thinking; Research; Communication Advanced Stanford University","{'organization': 'Stanford University', 'difficulty': 'Advanced', 'rating': 4.8, 'url': ''}"
course_0737,Software Design and Architecture,"Software Design and Architecture guides learners through software engineering patterns, algorithmic problem solving, and effective coding practices.",Critical Thinking; Research; Communication,Beginner,4.6,University of Alberta,,"Software Design and Architecture Software Design and Architecture guides learners through software engineering patterns, algorithmic problem solving, and effective coding practices. Critical Thinking; Research; Communication Beginner University of Alberta","{'organization': 'University of Alberta', 'difficulty': 'Beginner', 'rating': 4.6, 'url': ''}"
course_0738,Software Development Lifecycle,"Software Development Lifecycle guides learners through software engineering patterns, algorithmic problem solving, and effective coding practices.",Software Development; Programming,Intermediate,4.6,University of Minnesota,,"Software Development Lifecycle Software Development Lifecycle guides learners through software engineering patterns, algorithmic problem solving, and effective coding practices. Software Development; Programming Intermediate University of Minnesota","{'organization': 'University of Minnesota', 'difficulty': 'Intermediate', 'rating': 4.6, 'url': ''}"
course_0739,Software Processes and Agile Practices,"Software Processes and Agile Practices guides learners through software engineering patterns, algorithmic problem solving, and effective coding practices.",Critical Thinking; Research; Communication,Intermediate,4.7,University of Alberta,,"Software Processes and Agile Practices Software Processes and Agile Practices guides learners through software engineering patterns, algorithmic problem solving, and effective coding practices. Critical Thinking; Research; Communication Intermediate University of Alberta","{'organization': 'University of Alberta', 'difficulty': 'Intermediate', 'rating': 4.7, 'url': ''}"
course_0740,Software Product Management,"Software Product Management guides learners through software engineering patterns, algorithmic problem solving, and effective coding practices.",Critical Thinking; Research; Communication,Beginner,4.6,University of Alberta,,"Software Product Management Software Product Management guides learners through software engineering patterns, algorithmic problem solving, and effective coding practices. Critical Thinking; Research; Communication Beginner University of Alberta","{'organization': 'University of Alberta', 'difficulty': 'Beginner', 'rating': 4.6, 'url': ''}"
course_0741,Solar Energy Basics,"Solar Energy Basics introduces learners to the core ideas, foundational methods, and practical applications of this subject through guided study and applied examples.",Critical Thinking; Research; Communication,Beginner,4.8,The State University of New York,,"Solar Energy Basics Solar Energy Basics introduces learners to the core ideas, foundational methods, and practical applications of this subject through guided study and applied examples. Critical Thinking; Research; Communication Beginner The State University of New York","{'organization': 'The State University of New York', 'difficulty': 'Beginner', 'rating': 4.8, 'url': ''}"
course_0742,Songwriting: Writing the Lyrics,"Songwriting: Writing the Lyrics introduces learners to the core ideas, foundational methods, and practical applications of this subject through guided study and applied examples.",Critical Thinking; Research; Communication,Beginner,4.8,Berklee College of Music,,"Songwriting: Writing the Lyrics Songwriting: Writing the Lyrics introduces learners to the core ideas, foundational methods, and practical applications of this subject through guided study and applied examples. Critical Thinking; Research; Communication Beginner Berklee College of Music","{'organization': 'Berklee College of Music', 'difficulty': 'Beginner', 'rating': 4.8, 'url': ''}"
course_0743,Soporte de Tecnologias de la Informacion de Google,"Soporte de Tecnologias de la Informacion de Google introduces learners to the core ideas, foundational methods, and practical applications of this subject through guided study and applied examples.",Critical Thinking; Research; Communication,Beginner,4.9,Crece con Google,,"Soporte de Tecnologias de la Informacion de Google Soporte de Tecnologias de la Informacion de Google introduces learners to the core ideas, foundational methods, and practical applications of this subject through guided study and applied examples. Critical Thinking; Research; Communication Beginner Crece con Google","{'organization': 'Crece con Google', 'difficulty': 'Beginner', 'rating': 4.9, 'url': ''}"
course_0744,Spacecraft Dynamics and Control,"Spacecraft Dynamics and Control introduces learners to the core ideas, foundational methods, and practical applications of this subject through guided study and applied examples.",Critical Thinking; Research; Communication,Advanced,4.8,University of Colorado Boulder,,"Spacecraft Dynamics and Control Spacecraft Dynamics and Control introduces learners to the core ideas, foundational methods, and practical applications of this subject through guided study and applied examples. Critical Thinking; Research; Communication Advanced University of Colorado Boulder","{'organization': 'University of Colorado Boulder', 'difficulty': 'Advanced', 'rating': 4.8, 'url': ''}"
course_0745,Spanish Vocabulary: Meeting People,"Spanish Vocabulary: Meeting People introduces learners to the core ideas, foundational methods, and practical applications of this subject through guided study and applied examples.",Critical Thinking; Research; Communication,Beginner,4.6,"University of California, Davis",,"Spanish Vocabulary: Meeting People Spanish Vocabulary: Meeting People introduces learners to the core ideas, foundational methods, and practical applications of this subject through guided study and applied examples. Critical Thinking; Research; Communication Beginner University of California, Davis","{'organization': 'University of California, Davis', 'difficulty': 'Beginner', 'rating': 4.6, 'url': ''}"
course_0746,"Speak English Professionally: In Person, Online & On the Phone","Speak English Professionally: In Person, Online & On the Phone introduces learners to the core ideas, foundational methods, and practical applications of this subject through guided study and applied examples.",Critical Thinking; Research; Communication,Intermediate,4.6,Georgia Institute of Technology,,"Speak English Professionally: In Person, Online & On the Phone Speak English Professionally: In Person, Online & On the Phone introduces learners to the core ideas, foundational methods, and practical applications of this subject through guided study and applied examples. Critical Thinking; Research; Communication Intermediate Georgia Institute of Technology","{'organization': 'Georgia Institute of Technology', 'difficulty': 'Intermediate', 'rating': 4.6, 'url': ''}"
course_0747,Sports Marketing,"Sports Marketing introduces learners to the core ideas, foundational methods, and practical applications of this subject through guided study and applied examples.",Critical Thinking; Research; Communication,Intermediate,4.7,Northwestern University,,"Sports Marketing Sports Marketing introduces learners to the core ideas, foundational methods, and practical applications of this subject through guided study and applied examples. Critical Thinking; Research; Communication Intermediate Northwestern University","{'organization': 'Northwestern University', 'difficulty': 'Intermediate', 'rating': 4.7, 'url': ''}"
course_0748,Sports and Society,"Sports and Society introduces learners to the core ideas, foundational methods, and practical applications of this subject through guided study and applied examples.",Critical Thinking; Research; Communication,Intermediate,4.8,Duke University,,"Sports and Society Sports and Society introduces learners to the core ideas, foundational methods, and practical applications of this subject through guided study and applied examples. Critical Thinking; Research; Communication Intermediate Duke University","{'organization': 'Duke University', 'difficulty': 'Intermediate', 'rating': 4.8, 'url': ''}"
course_0749,Stanford Introduction to Food and Health,"Stanford Introduction to Food and Health introduces learners to the core ideas, foundational methods, and practical applications of this subject through guided study and applied examples.",Critical Thinking; Research; Communication,Beginner,4.7,Stanford University,,"Stanford Introduction to Food and Health Stanford Introduction to Food and Health introduces learners to the core ideas, foundational methods, and practical applications of this subject through guided study and applied examples. Critical Thinking; Research; Communication Beginner Stanford University","{'organization': 'Stanford University', 'difficulty': 'Beginner', 'rating': 4.7, 'url': ''}"
course_0750,Stanford's Short Course on Breastfeeding,"Stanford's Short Course on Breastfeeding introduces learners to the core ideas, foundational methods, and practical applications of this subject through guided study and applied examples.",Critical Thinking; Research; Communication,Beginner,4.7,Stanford University,,"Stanford's Short Course on Breastfeeding Stanford's Short Course on Breastfeeding introduces learners to the core ideas, foundational methods, and practical applications of this subject through guided study and applied examples. Critical Thinking; Research; Communication Beginner Stanford University","{'organization': 'Stanford University', 'difficulty': 'Beginner', 'rating': 4.7, 'url': ''}"
course_0751,Statistical Analysis with R for Public Health,"Statistical Analysis with R for Public Health introduces learners to the core ideas, foundational methods, and practical applications of this subject through guided study and applied examples.",Critical Thinking; Research; Communication,Beginner,4.7,Imperial College London,,"Statistical Analysis with R for Public Health Statistical Analysis with R for Public Health introduces learners to the core ideas, foundational methods, and practical applications of this subject through guided study and applied examples. Critical Thinking; Research; Communication Beginner Imperial College London","{'organization': 'Imperial College London', 'difficulty': 'Beginner', 'rating': 4.7, 'url': ''}"
course_0752,Statistics with Python,"Statistics with Python introduces learners to the core ideas, foundational methods, and practical applications of this subject through guided study and applied examples.",Python; Statistics; Data Analysis,Beginner,4.6,University of Michigan,,"Statistics with Python Statistics with Python introduces learners to the core ideas, foundational methods, and practical applications of this subject through guided study and applied examples. Python; Statistics; Data Analysis Beginner University of Michigan","{'organization': 'University of Michigan', 'difficulty': 'Beginner', 'rating': 4.6, 'url': ''}"
course_0753,Statistics with R,"Statistics with R introduces learners to the core ideas, foundational methods, and practical applications of this subject through guided study and applied examples.",Statistics; Data Analysis,Beginner,4.7,Duke University,,"Statistics with R Statistics with R introduces learners to the core ideas, foundational methods, and practical applications of this subject through guided study and applied examples. Statistics; Data Analysis Beginner Duke University","{'organization': 'Duke University', 'difficulty': 'Beginner', 'rating': 4.7, 'url': ''}"
course_0754,Stories of Infection,"Stories of Infection introduces learners to the core ideas, foundational methods, and practical applications of this subject through guided study and applied examples.",Critical Thinking; Research; Communication,Intermediate,4.9,Stanford University,,"Stories of Infection Stories of Infection introduces learners to the core ideas, foundational methods, and practical applications of this subject through guided study and applied examples. Critical Thinking; Research; Communication Intermediate Stanford University","{'organization': 'Stanford University', 'difficulty': 'Intermediate', 'rating': 4.9, 'url': ''}"
course_0755,Strategic Business Analytics,"Strategic Business Analytics introduces learners to the foundations of data analysis, statistical reasoning, and practical decision-making using real-world data examples.",Data Analysis; Statistics,Advanced,4.3,ESSEC Business School,,"Strategic Business Analytics Strategic Business Analytics introduces learners to the foundations of data analysis, statistical reasoning, and practical decision-making using real-world data examples. Data Analysis; Statistics Advanced ESSEC Business School","{'organization': 'ESSEC Business School', 'difficulty': 'Advanced', 'rating': 4.3, 'url': ''}"
course_0756,Strategic Business Management - Microeconomics,"Strategic Business Management - Microeconomics introduces learners to the core ideas, foundational methods, and practical applications of this subject through guided study and applied examples.",Critical Thinking; Research; Communication,Beginner,4.7,"University of California, Irvine",,"Strategic Business Management - Microeconomics Strategic Business Management - Microeconomics introduces learners to the core ideas, foundational methods, and practical applications of this subject through guided study and applied examples. Critical Thinking; Research; Communication Beginner University of California, Irvine","{'organization': 'University of California, Irvine', 'difficulty': 'Beginner', 'rating': 4.7, 'url': ''}"
course_0757,Strategic Leadership and Management,"Strategic Leadership and Management introduces learners to the core ideas, foundational methods, and practical applications of this subject through guided study and applied examples.",Critical Thinking; Research; Communication,Beginner,4.7,University of Illinois at Urbana-Champaign,,"Strategic Leadership and Management Strategic Leadership and Management introduces learners to the core ideas, foundational methods, and practical applications of this subject through guided study and applied examples. Critical Thinking; Research; Communication Beginner University of Illinois at Urbana-Champaign","{'organization': 'University of Illinois at Urbana-Champaign', 'difficulty': 'Beginner', 'rating': 4.7, 'url': ''}"
course_0758,Strategic Management,"Strategic Management introduces learners to the core ideas, foundational methods, and practical applications of this subject through guided study and applied examples.",Critical Thinking; Research; Communication,Intermediate,4.7,Copenhagen Business School,,"Strategic Management Strategic Management introduces learners to the core ideas, foundational methods, and practical applications of this subject through guided study and applied examples. Critical Thinking; Research; Communication Intermediate Copenhagen Business School","{'organization': 'Copenhagen Business School', 'difficulty': 'Intermediate', 'rating': 4.7, 'url': ''}"
course_0759,Strategic Management and Innovation,"Strategic Management and Innovation introduces learners to the core ideas, foundational methods, and practical applications of this subject through guided study and applied examples.",Critical Thinking; Research; Communication,Beginner,4.7,Copenhagen Business School,,"Strategic Management and Innovation Strategic Management and Innovation introduces learners to the core ideas, foundational methods, and practical applications of this subject through guided study and applied examples. Critical Thinking; Research; Communication Beginner Copenhagen Business School","{'organization': 'Copenhagen Business School', 'difficulty': 'Beginner', 'rating': 4.7, 'url': ''}"
course_0760,Strategic Sales Management,"Strategic Sales Management introduces learners to the core ideas, foundational methods, and practical applications of this subject through guided study and applied examples.",Critical Thinking; Research; Communication,Intermediate,4.5,Fundacao Instituto de Administracao,,"Strategic Sales Management Strategic Sales Management introduces learners to the core ideas, foundational methods, and practical applications of this subject through guided study and applied examples. Critical Thinking; Research; Communication Intermediate Fundacao Instituto de Administracao","{'organization': 'Fundacao Instituto de Administracao', 'difficulty': 'Intermediate', 'rating': 4.5, 'url': ''}"
course_0761,Strategising: Management for Global Competitive Advantage,"Strategising: Management for Global Competitive Advantage introduces learners to the core ideas, foundational methods, and practical applications of this subject through guided study and applied examples.",Critical Thinking; Research; Communication,Intermediate,4.8,Macquarie University,,"Strategising: Management for Global Competitive Advantage Strategising: Management for Global Competitive Advantage introduces learners to the core ideas, foundational methods, and practical applications of this subject through guided study and applied examples. Critical Thinking; Research; Communication Intermediate Macquarie University","{'organization': 'Macquarie University', 'difficulty': 'Intermediate', 'rating': 4.8, 'url': ''}"
course_0762,Strategy and Sustainability,"Strategy and Sustainability helps learners understand core concepts, algorithms, and applications used in modern machine learning and intelligent systems.",Artificial Intelligence,Beginner,4.6,IESE Business School,,"Strategy and Sustainability Strategy and Sustainability helps learners understand core concepts, algorithms, and applications used in modern machine learning and intelligent systems. Artificial Intelligence Beginner IESE Business School","{'organization': 'IESE Business School', 'difficulty': 'Beginner', 'rating': 4.6, 'url': ''}"
course_0763,Structuring Machine Learning Projects,"Structuring Machine Learning Projects helps learners understand core concepts, algorithms, and applications used in modern machine learning and intelligent systems.",Machine Learning,Beginner,4.8,deeplearning.ai,,"Structuring Machine Learning Projects Structuring Machine Learning Projects helps learners understand core concepts, algorithms, and applications used in modern machine learning and intelligent systems. Machine Learning Beginner deeplearning.ai","{'organization': 'deeplearning.ai', 'difficulty': 'Beginner', 'rating': 4.8, 'url': ''}"
course_0764,Success,"Success introduces learners to the core ideas, foundational methods, and practical applications of this subject through guided study and applied examples.",Critical Thinking; Research; Communication,Beginner,4.8,University of Pennsylvania,,"Success Success introduces learners to the core ideas, foundational methods, and practical applications of this subject through guided study and applied examples. Critical Thinking; Research; Communication Beginner University of Pennsylvania","{'organization': 'University of Pennsylvania', 'difficulty': 'Beginner', 'rating': 4.8, 'url': ''}"
course_0765,Successful Negotiation: Essential Strategies and Skills,"Successful Negotiation: Essential Strategies and Skills introduces learners to the core ideas, foundational methods, and practical applications of this subject through guided study and applied examples.",Critical Thinking; Research; Communication,Intermediate,4.8,University of Michigan,,"Successful Negotiation: Essential Strategies and Skills Successful Negotiation: Essential Strategies and Skills introduces learners to the core ideas, foundational methods, and practical applications of this subject through guided study and applied examples. Critical Thinking; Research; Communication Intermediate University of Michigan","{'organization': 'University of Michigan', 'difficulty': 'Intermediate', 'rating': 4.8, 'url': ''}"
course_0766,Summary Statistics in Public Health,"Summary Statistics in Public Health introduces learners to the core ideas, foundational methods, and practical applications of this subject through guided study and applied examples.",Statistics; Data Analysis,Beginner,4.8,Johns Hopkins University,,"Summary Statistics in Public Health Summary Statistics in Public Health introduces learners to the core ideas, foundational methods, and practical applications of this subject through guided study and applied examples. Statistics; Data Analysis Beginner Johns Hopkins University","{'organization': 'Johns Hopkins University', 'difficulty': 'Beginner', 'rating': 4.8, 'url': ''}"
course_0767,Supply Chain Analytics,"Supply Chain Analytics introduces learners to the foundations of data analysis, statistical reasoning, and practical decision-making using real-world data examples.",Artificial Intelligence; Data Analysis; Statistics,Beginner,4.7,Rutgers the State University of New Jersey,,"Supply Chain Analytics Supply Chain Analytics introduces learners to the foundations of data analysis, statistical reasoning, and practical decision-making using real-world data examples. Artificial Intelligence; Data Analysis; Statistics Beginner Rutgers the State University of New Jersey","{'organization': 'Rutgers the State University of New Jersey', 'difficulty': 'Beginner', 'rating': 4.7, 'url': ''}"
course_0768,Supply Chain Finance and Blockchain Technology,"Supply Chain Finance and Blockchain Technology helps learners understand core concepts, algorithms, and applications used in modern machine learning and intelligent systems.",Artificial Intelligence,Intermediate,4.6,New York Institute of Finance,,"Supply Chain Finance and Blockchain Technology Supply Chain Finance and Blockchain Technology helps learners understand core concepts, algorithms, and applications used in modern machine learning and intelligent systems. Artificial Intelligence Intermediate New York Institute of Finance","{'organization': 'New York Institute of Finance', 'difficulty': 'Intermediate', 'rating': 4.6, 'url': ''}"
course_0769,Supply Chain Logistics,"Supply Chain Logistics helps learners understand core concepts, algorithms, and applications used in modern machine learning and intelligent systems.",Artificial Intelligence,Beginner,4.7,Rutgers the State University of New Jersey,,"Supply Chain Logistics Supply Chain Logistics helps learners understand core concepts, algorithms, and applications used in modern machine learning and intelligent systems. Artificial Intelligence Beginner Rutgers the State University of New Jersey","{'organization': 'Rutgers the State University of New Jersey', 'difficulty': 'Beginner', 'rating': 4.7, 'url': ''}"
course_0770,Supply Chain Management,"Supply Chain Management helps learners understand core concepts, algorithms, and applications used in modern machine learning and intelligent systems.",Artificial Intelligence,Beginner,4.7,Rutgers the State University of New Jersey,,"Supply Chain Management Supply Chain Management helps learners understand core concepts, algorithms, and applications used in modern machine learning and intelligent systems. Artificial Intelligence Beginner Rutgers the State University of New Jersey","{'organization': 'Rutgers the State University of New Jersey', 'difficulty': 'Beginner', 'rating': 4.7, 'url': ''}"
course_0771,Supply Chain Operations,"Supply Chain Operations helps learners understand core concepts, algorithms, and applications used in modern machine learning and intelligent systems.",Artificial Intelligence,Beginner,4.8,Rutgers the State University of New Jersey,,"Supply Chain Operations Supply Chain Operations helps learners understand core concepts, algorithms, and applications used in modern machine learning and intelligent systems. Artificial Intelligence Beginner Rutgers the State University of New Jersey","{'organization': 'Rutgers the State University of New Jersey', 'difficulty': 'Beginner', 'rating': 4.8, 'url': ''}"
course_0772,Supply Chain Principles,"Supply Chain Principles helps learners understand core concepts, algorithms, and applications used in modern machine learning and intelligent systems.",Artificial Intelligence,Intermediate,4.6,Georgia Institute of Technology,,"Supply Chain Principles Supply Chain Principles helps learners understand core concepts, algorithms, and applications used in modern machine learning and intelligent systems. Artificial Intelligence Intermediate Georgia Institute of Technology","{'organization': 'Georgia Institute of Technology', 'difficulty': 'Intermediate', 'rating': 4.6, 'url': ''}"
course_0773,Supporting children with difficulties in reading and writing,"Supporting children with difficulties in reading and writing introduces learners to the core ideas, foundational methods, and practical applications of this subject through guided study and applied examples.",Critical Thinking; Research; Communication,Intermediate,4.8,UCL Institute of Education,,"Supporting children with difficulties in reading and writing Supporting children with difficulties in reading and writing introduces learners to the core ideas, foundational methods, and practical applications of this subject through guided study and applied examples. Critical Thinking; Research; Communication Intermediate UCL Institute of Education","{'organization': 'UCL Institute of Education', 'difficulty': 'Intermediate', 'rating': 4.8, 'url': ''}"
course_0774,Survey Data Collection and Analytics,"Survey Data Collection and Analytics introduces learners to the foundations of data analysis, statistical reasoning, and practical decision-making using real-world data examples.",Data Analysis; Statistics,Beginner,4.3,"University of Maryland, College Park",,"Survey Data Collection and Analytics Survey Data Collection and Analytics introduces learners to the foundations of data analysis, statistical reasoning, and practical decision-making using real-world data examples. Data Analysis; Statistics Beginner University of Maryland, College Park","{'organization': 'University of Maryland, College Park', 'difficulty': 'Beginner', 'rating': 4.3, 'url': ''}"
course_0775,Sustainable Tourism promoting environmental public health,"Sustainable Tourism promoting environmental public health helps learners understand core concepts, algorithms, and applications used in modern machine learning and intelligent systems.",Artificial Intelligence,Beginner,4.6,University of Copenhagen,,"Sustainable Tourism promoting environmental public health Sustainable Tourism promoting environmental public health helps learners understand core concepts, algorithms, and applications used in modern machine learning and intelligent systems. Artificial Intelligence Beginner University of Copenhagen","{'organization': 'University of Copenhagen', 'difficulty': 'Beginner', 'rating': 4.6, 'url': ''}"
course_0776,Swift 5 iOS Application Developer,"Swift 5 iOS Application Developer guides learners through software engineering patterns, algorithmic problem solving, and effective coding practices.",Critical Thinking; Research; Communication,Beginner,4.5,LearnQuest,,"Swift 5 iOS Application Developer Swift 5 iOS Application Developer guides learners through software engineering patterns, algorithmic problem solving, and effective coding practices. Critical Thinking; Research; Communication Beginner LearnQuest","{'organization': 'LearnQuest', 'difficulty': 'Beginner', 'rating': 4.5, 'url': ''}"
course_0777,System Administration and IT Infrastructure Services,"System Administration and IT Infrastructure Services introduces learners to the core ideas, foundational methods, and practical applications of this subject through guided study and applied examples.",Critical Thinking; Research; Communication,Beginner,4.7,Google,,"System Administration and IT Infrastructure Services System Administration and IT Infrastructure Services introduces learners to the core ideas, foundational methods, and practical applications of this subject through guided study and applied examples. Critical Thinking; Research; Communication Beginner Google","{'organization': 'Google', 'difficulty': 'Beginner', 'rating': 4.7, 'url': ''}"
course_0778,Systems Biology and Biotechnology,"Systems Biology and Biotechnology introduces learners to the core ideas, foundational methods, and practical applications of this subject through guided study and applied examples.",Critical Thinking; Research; Communication,Intermediate,4.4,Icahn School of Medicine at Mount Sinai,,"Systems Biology and Biotechnology Systems Biology and Biotechnology introduces learners to the core ideas, foundational methods, and practical applications of this subject through guided study and applied examples. Critical Thinking; Research; Communication Intermediate Icahn School of Medicine at Mount Sinai","{'organization': 'Icahn School of Medicine at Mount Sinai', 'difficulty': 'Intermediate', 'rating': 4.4, 'url': ''}"
course_0779,Systems Thinking In Public Health,"Systems Thinking In Public Health introduces learners to the core ideas, foundational methods, and practical applications of this subject through guided study and applied examples.",Critical Thinking; Research; Communication,Intermediate,4.9,Johns Hopkins University,,"Systems Thinking In Public Health Systems Thinking In Public Health introduces learners to the core ideas, foundational methods, and practical applications of this subject through guided study and applied examples. Critical Thinking; Research; Communication Intermediate Johns Hopkins University","{'organization': 'Johns Hopkins University', 'difficulty': 'Intermediate', 'rating': 4.9, 'url': ''}"
course_0780,"TESOL Certificate, Part 1: Teach English Now!","TESOL Certificate, Part 1: Teach English Now! introduces learners to the core ideas, foundational methods, and practical applications of this subject through guided study and applied examples.",Critical Thinking; Research; Communication,Beginner,4.9,Arizona State University,,"TESOL Certificate, Part 1: Teach English Now! TESOL Certificate, Part 1: Teach English Now! introduces learners to the core ideas, foundational methods, and practical applications of this subject through guided study and applied examples. Critical Thinking; Research; Communication Beginner Arizona State University","{'organization': 'Arizona State University', 'difficulty': 'Beginner', 'rating': 4.9, 'url': ''}"
course_0781,"TESOL Certificate, Part 2: Teach English Now!","TESOL Certificate, Part 2: Teach English Now! introduces learners to the core ideas, foundational methods, and practical applications of this subject through guided study and applied examples.",Critical Thinking; Research; Communication,Beginner,4.9,Arizona State University,,"TESOL Certificate, Part 2: Teach English Now! TESOL Certificate, Part 2: Teach English Now! introduces learners to the core ideas, foundational methods, and practical applications of this subject through guided study and applied examples. Critical Thinking; Research; Communication Beginner Arizona State University","{'organization': 'Arizona State University', 'difficulty': 'Beginner', 'rating': 4.9, 'url': ''}"
course_0782,Teach English Now! Foundational Principles,"Teach English Now! Foundational Principles introduces learners to the core ideas, foundational methods, and practical applications of this subject through guided study and applied examples.",Critical Thinking; Research; Communication,Intermediate,4.9,Arizona State University,,"Teach English Now! Foundational Principles Teach English Now! Foundational Principles introduces learners to the core ideas, foundational methods, and practical applications of this subject through guided study and applied examples. Critical Thinking; Research; Communication Intermediate Arizona State University","{'organization': 'Arizona State University', 'difficulty': 'Intermediate', 'rating': 4.9, 'url': ''}"
course_0783,Teach English Now! Teaching Language Online,"Teach English Now! Teaching Language Online introduces learners to the core ideas, foundational methods, and practical applications of this subject through guided study and applied examples.",Critical Thinking; Research; Communication,Intermediate,4.4,Arizona State University,,"Teach English Now! Teaching Language Online Teach English Now! Teaching Language Online introduces learners to the core ideas, foundational methods, and practical applications of this subject through guided study and applied examples. Critical Thinking; Research; Communication Intermediate Arizona State University","{'organization': 'Arizona State University', 'difficulty': 'Intermediate', 'rating': 4.4, 'url': ''}"
course_0784,Teaching Character and Creating Positive Classrooms,"Teaching Character and Creating Positive Classrooms introduces learners to the core ideas, foundational methods, and practical applications of this subject through guided study and applied examples.",Critical Thinking; Research; Communication,Intermediate,4.8,Relay Graduate School of Education,,"Teaching Character and Creating Positive Classrooms Teaching Character and Creating Positive Classrooms introduces learners to the core ideas, foundational methods, and practical applications of this subject through guided study and applied examples. Critical Thinking; Research; Communication Intermediate Relay Graduate School of Education","{'organization': 'Relay Graduate School of Education', 'difficulty': 'Intermediate', 'rating': 4.8, 'url': ''}"
course_0785,Teamwork Skills: Communicating Effectively in Groups,"Teamwork Skills: Communicating Effectively in Groups introduces learners to the core ideas, foundational methods, and practical applications of this subject through guided study and applied examples.",Critical Thinking; Research; Communication,Beginner,4.8,University of Colorado Boulder,,"Teamwork Skills: Communicating Effectively in Groups Teamwork Skills: Communicating Effectively in Groups introduces learners to the core ideas, foundational methods, and practical applications of this subject through guided study and applied examples. Critical Thinking; Research; Communication Beginner University of Colorado Boulder","{'organization': 'University of Colorado Boulder', 'difficulty': 'Beginner', 'rating': 4.8, 'url': ''}"
course_0786,Technical Support Fundamentals,"Technical Support Fundamentals introduces learners to the core ideas, foundational methods, and practical applications of this subject through guided study and applied examples.",Critical Thinking; Research; Communication,Beginner,4.8,Google,,"Technical Support Fundamentals Technical Support Fundamentals introduces learners to the core ideas, foundational methods, and practical applications of this subject through guided study and applied examples. Critical Thinking; Research; Communication Beginner Google","{'organization': 'Google', 'difficulty': 'Beginner', 'rating': 4.8, 'url': ''}"
course_0787,TensorFlow in Practice,"TensorFlow in Practice introduces learners to the core ideas, foundational methods, and practical applications of this subject through guided study and applied examples.",Critical Thinking; Research; Communication,Intermediate,4.7,deeplearning.ai,,"TensorFlow in Practice TensorFlow in Practice introduces learners to the core ideas, foundational methods, and practical applications of this subject through guided study and applied examples. Critical Thinking; Research; Communication Intermediate deeplearning.ai","{'organization': 'deeplearning.ai', 'difficulty': 'Intermediate', 'rating': 4.7, 'url': ''}"
course_0788,TensorFlow: Data and Deployment,"TensorFlow: Data and Deployment introduces learners to the core ideas, foundational methods, and practical applications of this subject through guided study and applied examples.",Critical Thinking; Research; Communication,Intermediate,4.5,deeplearning.ai,,"TensorFlow: Data and Deployment TensorFlow: Data and Deployment introduces learners to the core ideas, foundational methods, and practical applications of this subject through guided study and applied examples. Critical Thinking; Research; Communication Intermediate deeplearning.ai","{'organization': 'deeplearning.ai', 'difficulty': 'Intermediate', 'rating': 4.5, 'url': ''}"
course_0789,Terrorism and Counterterrorism: Comparing Theory and Practice,"Terrorism and Counterterrorism: Comparing Theory and Practice introduces learners to the core ideas, foundational methods, and practical applications of this subject through guided study and applied examples.",Critical Thinking; Research; Communication,Beginner,4.8,Universiteit Leiden,,"Terrorism and Counterterrorism: Comparing Theory and Practice Terrorism and Counterterrorism: Comparing Theory and Practice introduces learners to the core ideas, foundational methods, and practical applications of this subject through guided study and applied examples. Critical Thinking; Research; Communication Beginner Universiteit Leiden","{'organization': 'Universiteit Leiden', 'difficulty': 'Beginner', 'rating': 4.8, 'url': ''}"
course_0790,The Addicted Brain,"The Addicted Brain helps learners understand core concepts, algorithms, and applications used in modern machine learning and intelligent systems.",Artificial Intelligence,Beginner,4.6,Emory University,,"The Addicted Brain The Addicted Brain helps learners understand core concepts, algorithms, and applications used in modern machine learning and intelligent systems. Artificial Intelligence Beginner Emory University","{'organization': 'Emory University', 'difficulty': 'Beginner', 'rating': 4.6, 'url': ''}"
course_0791,The Art of Music Production,"The Art of Music Production introduces learners to the core ideas, foundational methods, and practical applications of this subject through guided study and applied examples.",Critical Thinking; Research; Communication,Intermediate,4.8,Berklee College of Music,,"The Art of Music Production The Art of Music Production introduces learners to the core ideas, foundational methods, and practical applications of this subject through guided study and applied examples. Critical Thinking; Research; Communication Intermediate Berklee College of Music","{'organization': 'Berklee College of Music', 'difficulty': 'Intermediate', 'rating': 4.8, 'url': ''}"
course_0792,The Art of Sales: Mastering the Selling Process,"The Art of Sales: Mastering the Selling Process introduces learners to the core ideas, foundational methods, and practical applications of this subject through guided study and applied examples.",Critical Thinking; Research; Communication,Beginner,4.7,Northwestern University,,"The Art of Sales: Mastering the Selling Process The Art of Sales: Mastering the Selling Process introduces learners to the core ideas, foundational methods, and practical applications of this subject through guided study and applied examples. Critical Thinking; Research; Communication Beginner Northwestern University","{'organization': 'Northwestern University', 'difficulty': 'Beginner', 'rating': 4.7, 'url': ''}"
course_0793,The Arts and Science of Relationships: Understanding Human Needs,"The Arts and Science of Relationships: Understanding Human Needs introduces learners to the core ideas, foundational methods, and practical applications of this subject through guided study and applied examples.",Critical Thinking; Research; Communication,Beginner,4.5,University of Toronto,,"The Arts and Science of Relationships: Understanding Human Needs The Arts and Science of Relationships: Understanding Human Needs introduces learners to the core ideas, foundational methods, and practical applications of this subject through guided study and applied examples. Critical Thinking; Research; Communication Beginner University of Toronto","{'organization': 'University of Toronto', 'difficulty': 'Beginner', 'rating': 4.5, 'url': ''}"
course_0794,The Bits and Bytes of Computer Networking,"The Bits and Bytes of Computer Networking introduces learners to the core ideas, foundational methods, and practical applications of this subject through guided study and applied examples.",Critical Thinking; Research; Communication,Beginner,4.7,Google,,"The Bits and Bytes of Computer Networking The Bits and Bytes of Computer Networking introduces learners to the core ideas, foundational methods, and practical applications of this subject through guided study and applied examples. Critical Thinking; Research; Communication Beginner Google","{'organization': 'Google', 'difficulty': 'Beginner', 'rating': 4.7, 'url': ''}"
course_0795,The Business of Health Care,"The Business of Health Care introduces learners to the core ideas, foundational methods, and practical applications of this subject through guided study and applied examples.",Critical Thinking; Research; Communication,Beginner,4.6,University of Pennsylvania,,"The Business of Health Care The Business of Health Care introduces learners to the core ideas, foundational methods, and practical applications of this subject through guided study and applied examples. Critical Thinking; Research; Communication Beginner University of Pennsylvania","{'organization': 'University of Pennsylvania', 'difficulty': 'Beginner', 'rating': 4.6, 'url': ''}"
course_0796,The Business of Music Production,"The Business of Music Production introduces learners to the core ideas, foundational methods, and practical applications of this subject through guided study and applied examples.",Critical Thinking; Research; Communication,Beginner,4.8,Berklee College of Music,,"The Business of Music Production The Business of Music Production introduces learners to the core ideas, foundational methods, and practical applications of this subject through guided study and applied examples. Critical Thinking; Research; Communication Beginner Berklee College of Music","{'organization': 'Berklee College of Music', 'difficulty': 'Beginner', 'rating': 4.8, 'url': ''}"
course_0797,The Changing Global Order,"The Changing Global Order introduces learners to the core ideas, foundational methods, and practical applications of this subject through guided study and applied examples.",Critical Thinking; Research; Communication,Intermediate,4.7,Universiteit Leiden,,"The Changing Global Order The Changing Global Order introduces learners to the core ideas, foundational methods, and practical applications of this subject through guided study and applied examples. Critical Thinking; Research; Communication Intermediate Universiteit Leiden","{'organization': 'Universiteit Leiden', 'difficulty': 'Intermediate', 'rating': 4.7, 'url': ''}"
course_0798,The Cycle: Management of Successful Arts and Cultural Organizations,"The Cycle: Management of Successful Arts and Cultural Organizations introduces learners to the core ideas, foundational methods, and practical applications of this subject through guided study and applied examples.",Critical Thinking; Research; Communication,Beginner,4.8,"University of Maryland, College Park",,"The Cycle: Management of Successful Arts and Cultural Organizations The Cycle: Management of Successful Arts and Cultural Organizations introduces learners to the core ideas, foundational methods, and practical applications of this subject through guided study and applied examples. Critical Thinking; Research; Communication Beginner University of Maryland, College Park","{'organization': 'University of Maryland, College Park', 'difficulty': 'Beginner', 'rating': 4.8, 'url': ''}"
course_0799,The DIY Musician,"The DIY Musician introduces learners to the core ideas, foundational methods, and practical applications of this subject through guided study and applied examples.",Critical Thinking; Research; Communication,Beginner,4.8,Berklee College of Music,,"The DIY Musician The DIY Musician introduces learners to the core ideas, foundational methods, and practical applications of this subject through guided study and applied examples. Critical Thinking; Research; Communication Beginner Berklee College of Music","{'organization': 'Berklee College of Music', 'difficulty': 'Beginner', 'rating': 4.8, 'url': ''}"
course_0800,The Data Scientists Toolbox,"The Data Scientists Toolbox introduces learners to the core ideas, foundational methods, and practical applications of this subject through guided study and applied examples.",Critical Thinking; Research; Communication,Intermediate,4.6,Johns Hopkins University,,"The Data Scientists Toolbox The Data Scientists Toolbox introduces learners to the core ideas, foundational methods, and practical applications of this subject through guided study and applied examples. Critical Thinking; Research; Communication Intermediate Johns Hopkins University","{'organization': 'Johns Hopkins University', 'difficulty': 'Intermediate', 'rating': 4.6, 'url': ''}"
course_0801,The Economics of Health Care Delivery,"The Economics of Health Care Delivery introduces learners to the core ideas, foundational methods, and practical applications of this subject through guided study and applied examples.",Critical Thinking; Research; Communication,Intermediate,4.8,University of Pennsylvania,,"The Economics of Health Care Delivery The Economics of Health Care Delivery introduces learners to the core ideas, foundational methods, and practical applications of this subject through guided study and applied examples. Critical Thinking; Research; Communication Intermediate University of Pennsylvania","{'organization': 'University of Pennsylvania', 'difficulty': 'Intermediate', 'rating': 4.8, 'url': ''}"
course_0802,The Global Financial Crisis,"The Global Financial Crisis introduces learners to the core ideas, foundational methods, and practical applications of this subject through guided study and applied examples.",Critical Thinking; Research; Communication,Intermediate,4.8,Yale University,,"The Global Financial Crisis The Global Financial Crisis introduces learners to the core ideas, foundational methods, and practical applications of this subject through guided study and applied examples. Critical Thinking; Research; Communication Intermediate Yale University","{'organization': 'Yale University', 'difficulty': 'Intermediate', 'rating': 4.8, 'url': ''}"
course_0803,The Horse Course: Introduction to Basic Care and Management,"The Horse Course: Introduction to Basic Care and Management introduces learners to the core ideas, foundational methods, and practical applications of this subject through guided study and applied examples.",Critical Thinking; Research; Communication,Intermediate,4.9,University of Florida,,"The Horse Course: Introduction to Basic Care and Management The Horse Course: Introduction to Basic Care and Management introduces learners to the core ideas, foundational methods, and practical applications of this subject through guided study and applied examples. Critical Thinking; Research; Communication Intermediate University of Florida","{'organization': 'University of Florida', 'difficulty': 'Intermediate', 'rating': 4.9, 'url': ''}"
course_0804,The Manager's Toolkit: A Practical Guide to Managing People at Work,"The Manager's Toolkit: A Practical Guide to Managing People at Work introduces learners to the core ideas, foundational methods, and practical applications of this subject through guided study and applied examples.",Critical Thinking; Research; Communication,Intermediate,4.6,"Birkbeck, University of London",,"The Manager's Toolkit: A Practical Guide to Managing People at Work The Manager's Toolkit: A Practical Guide to Managing People at Work introduces learners to the core ideas, foundational methods, and practical applications of this subject through guided study and applied examples. Critical Thinking; Research; Communication Intermediate Birkbeck, University of London","{'organization': 'Birkbeck, University of London', 'difficulty': 'Intermediate', 'rating': 4.6, 'url': ''}"
course_0805,"The Modern World, Part One: Global History from 1760 to 1910","The Modern World, Part One: Global History from 1760 to 1910 introduces learners to the core ideas, foundational methods, and practical applications of this subject through guided study and applied examples.",Critical Thinking; Research; Communication,Beginner,4.8,University of Virginia,,"The Modern World, Part One: Global History from 1760 to 1910 The Modern World, Part One: Global History from 1760 to 1910 introduces learners to the core ideas, foundational methods, and practical applications of this subject through guided study and applied examples. Critical Thinking; Research; Communication Beginner University of Virginia","{'organization': 'University of Virginia', 'difficulty': 'Beginner', 'rating': 4.8, 'url': ''}"
course_0806,"The Modern World, Part Two: Global History since 1910","The Modern World, Part Two: Global History since 1910 introduces learners to the core ideas, foundational methods, and practical applications of this subject through guided study and applied examples.",Critical Thinking; Research; Communication,Beginner,4.8,University of Virginia,,"The Modern World, Part Two: Global History since 1910 The Modern World, Part Two: Global History since 1910 introduces learners to the core ideas, foundational methods, and practical applications of this subject through guided study and applied examples. Critical Thinking; Research; Communication Beginner University of Virginia","{'organization': 'University of Virginia', 'difficulty': 'Beginner', 'rating': 4.8, 'url': ''}"
course_0807,The Oral Cavity: Portal to Health and Disease,"The Oral Cavity: Portal to Health and Disease introduces learners to the core ideas, foundational methods, and practical applications of this subject through guided study and applied examples.",Critical Thinking; Research; Communication,Intermediate,4.9,University of Pennsylvania,,"The Oral Cavity: Portal to Health and Disease The Oral Cavity: Portal to Health and Disease introduces learners to the core ideas, foundational methods, and practical applications of this subject through guided study and applied examples. Critical Thinking; Research; Communication Intermediate University of Pennsylvania","{'organization': 'University of Pennsylvania', 'difficulty': 'Intermediate', 'rating': 4.9, 'url': ''}"
course_0808,The Power of Macroeconomics: Economic Principles in the Real World,"The Power of Macroeconomics: Economic Principles in the Real World introduces learners to the core ideas, foundational methods, and practical applications of this subject through guided study and applied examples.",Critical Thinking; Research; Communication,Intermediate,4.6,"University of California, Irvine",,"The Power of Macroeconomics: Economic Principles in the Real World The Power of Macroeconomics: Economic Principles in the Real World introduces learners to the core ideas, foundational methods, and practical applications of this subject through guided study and applied examples. Critical Thinking; Research; Communication Intermediate University of California, Irvine","{'organization': 'University of California, Irvine', 'difficulty': 'Intermediate', 'rating': 4.6, 'url': ''}"
course_0809,The Power of Microeconomics: Economic Principles in the Real World,"The Power of Microeconomics: Economic Principles in the Real World introduces learners to the core ideas, foundational methods, and practical applications of this subject through guided study and applied examples.",Critical Thinking; Research; Communication,Intermediate,4.7,"University of California, Irvine",,"The Power of Microeconomics: Economic Principles in the Real World The Power of Microeconomics: Economic Principles in the Real World introduces learners to the core ideas, foundational methods, and practical applications of this subject through guided study and applied examples. Critical Thinking; Research; Communication Intermediate University of California, Irvine","{'organization': 'University of California, Irvine', 'difficulty': 'Intermediate', 'rating': 4.7, 'url': ''}"
course_0810,The Pronunciation of American English,"The Pronunciation of American English introduces learners to the core ideas, foundational methods, and practical applications of this subject through guided study and applied examples.",Critical Thinking; Research; Communication,Beginner,4.6,"University of California, Irvine",,"The Pronunciation of American English The Pronunciation of American English introduces learners to the core ideas, foundational methods, and practical applications of this subject through guided study and applied examples. Critical Thinking; Research; Communication Beginner University of California, Irvine","{'organization': 'University of California, Irvine', 'difficulty': 'Beginner', 'rating': 4.6, 'url': ''}"
course_0811,The Science of Gastronomy,"The Science of Gastronomy introduces learners to the core ideas, foundational methods, and practical applications of this subject through guided study and applied examples.",Critical Thinking; Research; Communication,Intermediate,4.6,The Hong Kong University of Science and Technology,,"The Science of Gastronomy The Science of Gastronomy introduces learners to the core ideas, foundational methods, and practical applications of this subject through guided study and applied examples. Critical Thinking; Research; Communication Intermediate The Hong Kong University of Science and Technology","{'organization': 'The Hong Kong University of Science and Technology', 'difficulty': 'Intermediate', 'rating': 4.6, 'url': ''}"
course_0812,The Science of Stem Cells,"The Science of Stem Cells introduces learners to the core ideas, foundational methods, and practical applications of this subject through guided study and applied examples.",Critical Thinking; Research; Communication,Intermediate,4.7,American Museum of Natural History,,"The Science of Stem Cells The Science of Stem Cells introduces learners to the core ideas, foundational methods, and practical applications of this subject through guided study and applied examples. Critical Thinking; Research; Communication Intermediate American Museum of Natural History","{'organization': 'American Museum of Natural History', 'difficulty': 'Intermediate', 'rating': 4.7, 'url': ''}"
course_0813,The Science of Success: What Researchers Know that You Should Know,"The Science of Success: What Researchers Know that You Should Know introduces learners to the core ideas, foundational methods, and practical applications of this subject through guided study and applied examples.",Critical Thinking; Research; Communication,Beginner,4.8,University of Michigan,,"The Science of Success: What Researchers Know that You Should Know The Science of Success: What Researchers Know that You Should Know introduces learners to the core ideas, foundational methods, and practical applications of this subject through guided study and applied examples. Critical Thinking; Research; Communication Beginner University of Michigan","{'organization': 'University of Michigan', 'difficulty': 'Beginner', 'rating': 4.8, 'url': ''}"
course_0814,The Science of Training Young Athletes,"The Science of Training Young Athletes helps learners understand core concepts, algorithms, and applications used in modern machine learning and intelligent systems.",Artificial Intelligence,Beginner,4.9,University of Florida,,"The Science of Training Young Athletes The Science of Training Young Athletes helps learners understand core concepts, algorithms, and applications used in modern machine learning and intelligent systems. Artificial Intelligence Beginner University of Florida","{'organization': 'University of Florida', 'difficulty': 'Beginner', 'rating': 4.9, 'url': ''}"
course_0815,The Science of Well-Being,"The Science of Well-Being introduces learners to the core ideas, foundational methods, and practical applications of this subject through guided study and applied examples.",Critical Thinking; Research; Communication,Intermediate,4.9,Yale University,,"The Science of Well-Being The Science of Well-Being introduces learners to the core ideas, foundational methods, and practical applications of this subject through guided study and applied examples. Critical Thinking; Research; Communication Intermediate Yale University","{'organization': 'Yale University', 'difficulty': 'Intermediate', 'rating': 4.9, 'url': ''}"
course_0816,The Singer Songwriter,"The Singer Songwriter introduces learners to the core ideas, foundational methods, and practical applications of this subject through guided study and applied examples.",Critical Thinking; Research; Communication,Beginner,4.8,Berklee College of Music,,"The Singer Songwriter The Singer Songwriter introduces learners to the core ideas, foundational methods, and practical applications of this subject through guided study and applied examples. Critical Thinking; Research; Communication Beginner Berklee College of Music","{'organization': 'Berklee College of Music', 'difficulty': 'Beginner', 'rating': 4.8, 'url': ''}"
course_0817,The Social Context of Mental Health and Illness,"The Social Context of Mental Health and Illness introduces learners to the core ideas, foundational methods, and practical applications of this subject through guided study and applied examples.",Critical Thinking; Research; Communication,Intermediate,4.6,University of Toronto,,"The Social Context of Mental Health and Illness The Social Context of Mental Health and Illness introduces learners to the core ideas, foundational methods, and practical applications of this subject through guided study and applied examples. Critical Thinking; Research; Communication Intermediate University of Toronto","{'organization': 'University of Toronto', 'difficulty': 'Intermediate', 'rating': 4.6, 'url': ''}"
course_0818,The Strategy of Content Marketing,"The Strategy of Content Marketing introduces learners to the core ideas, foundational methods, and practical applications of this subject through guided study and applied examples.",Critical Thinking; Research; Communication,Intermediate,4.5,"University of California, Davis",,"The Strategy of Content Marketing The Strategy of Content Marketing introduces learners to the core ideas, foundational methods, and practical applications of this subject through guided study and applied examples. Critical Thinking; Research; Communication Intermediate University of California, Davis","{'organization': 'University of California, Davis', 'difficulty': 'Intermediate', 'rating': 4.5, 'url': ''}"
course_0819,"The Sustainable Development Goals A global, transdisciplinary vision for the future","The Sustainable Development Goals A global, transdisciplinary vision for the future helps learners understand core concepts, algorithms, and applications used in modern machine learning and intelligent systems.",Artificial Intelligence,Beginner,4.8,University of Copenhagen,,"The Sustainable Development Goals A global, transdisciplinary vision for the future The Sustainable Development Goals A global, transdisciplinary vision for the future helps learners understand core concepts, algorithms, and applications used in modern machine learning and intelligent systems. Artificial Intelligence Beginner University of Copenhagen","{'organization': 'University of Copenhagen', 'difficulty': 'Beginner', 'rating': 4.8, 'url': ''}"
course_0820,The Teacher and Social and Emotional Learning (SEL),"The Teacher and Social and Emotional Learning (SEL) introduces learners to the core ideas, foundational methods, and practical applications of this subject through guided study and applied examples.",Critical Thinking; Research; Communication,Beginner,4.7,University of Colorado Boulder,,"The Teacher and Social and Emotional Learning (SEL) The Teacher and Social and Emotional Learning (SEL) introduces learners to the core ideas, foundational methods, and practical applications of this subject through guided study and applied examples. Critical Thinking; Research; Communication Beginner University of Colorado Boulder","{'organization': 'University of Colorado Boulder', 'difficulty': 'Beginner', 'rating': 4.7, 'url': ''}"
course_0821,The Technology of Music Production,"The Technology of Music Production introduces learners to the core ideas, foundational methods, and practical applications of this subject through guided study and applied examples.",Critical Thinking; Research; Communication,Beginner,4.8,Berklee College of Music,,"The Technology of Music Production The Technology of Music Production introduces learners to the core ideas, foundational methods, and practical applications of this subject through guided study and applied examples. Critical Thinking; Research; Communication Beginner Berklee College of Music","{'organization': 'Berklee College of Music', 'difficulty': 'Beginner', 'rating': 4.8, 'url': ''}"
course_0822,The Truth About Cats and Dogs,"The Truth About Cats and Dogs introduces learners to the core ideas, foundational methods, and practical applications of this subject through guided study and applied examples.",Critical Thinking; Research; Communication,Intermediate,4.7,The University of Edinburgh,,"The Truth About Cats and Dogs The Truth About Cats and Dogs introduces learners to the core ideas, foundational methods, and practical applications of this subject through guided study and applied examples. Critical Thinking; Research; Communication Intermediate The University of Edinburgh","{'organization': 'The University of Edinburgh', 'difficulty': 'Intermediate', 'rating': 4.7, 'url': ''}"
course_0823,The hidden value Lean in manufacturing and services,"The hidden value Lean in manufacturing and services introduces learners to the core ideas, foundational methods, and practical applications of this subject through guided study and applied examples.",Critical Thinking; Research; Communication,Beginner,4.7,Ecole des Ponts ParisTech,,"The hidden value Lean in manufacturing and services The hidden value Lean in manufacturing and services introduces learners to the core ideas, foundational methods, and practical applications of this subject through guided study and applied examples. Critical Thinking; Research; Communication Beginner Ecole des Ponts ParisTech","{'organization': 'Ecole des Ponts ParisTech', 'difficulty': 'Beginner', 'rating': 4.7, 'url': ''}"
course_0824,Think Again I: How to Understand Arguments,"Think Again I: How to Understand Arguments helps learners understand core concepts, algorithms, and applications used in modern machine learning and intelligent systems.",Artificial Intelligence,Beginner,4.6,Duke University,,"Think Again I: How to Understand Arguments Think Again I: How to Understand Arguments helps learners understand core concepts, algorithms, and applications used in modern machine learning and intelligent systems. Artificial Intelligence Beginner Duke University","{'organization': 'Duke University', 'difficulty': 'Beginner', 'rating': 4.6, 'url': ''}"
course_0825,Tools for Data Science,"Tools for Data Science introduces learners to the foundations of data analysis, statistical reasoning, and practical decision-making using real-world data examples.",Data Analysis; Statistics; Python,Beginner,4.6,IBM,,"Tools for Data Science Tools for Data Science introduces learners to the foundations of data analysis, statistical reasoning, and practical decision-making using real-world data examples. Data Analysis; Statistics; Python Beginner IBM","{'organization': 'IBM', 'difficulty': 'Beginner', 'rating': 4.6, 'url': ''}"
course_0826,Trading Strategies in Emerging Markets,"Trading Strategies in Emerging Markets introduces learners to the core ideas, foundational methods, and practical applications of this subject through guided study and applied examples.",Critical Thinking; Research; Communication,Beginner,4.3,Indian School of Business,,"Trading Strategies in Emerging Markets Trading Strategies in Emerging Markets introduces learners to the core ideas, foundational methods, and practical applications of this subject through guided study and applied examples. Critical Thinking; Research; Communication Beginner Indian School of Business","{'organization': 'Indian School of Business', 'difficulty': 'Beginner', 'rating': 4.3, 'url': ''}"
course_0827,"Transmedia Storytelling: Narrative worlds, emerging technologies, and global audiences","Transmedia Storytelling: Narrative worlds, emerging technologies, and global audiences introduces learners to the core ideas, foundational methods, and practical applications of this subject through guided study and applied examples.",Critical Thinking; Research; Communication,Intermediate,4.8,UNSW Sydney (The University of New South Wales),,"Transmedia Storytelling: Narrative worlds, emerging technologies, and global audiences Transmedia Storytelling: Narrative worlds, emerging technologies, and global audiences introduces learners to the core ideas, foundational methods, and practical applications of this subject through guided study and applied examples. Critical Thinking; Research; Communication Intermediate UNSW Sydney (The University of New South Wales)","{'organization': 'UNSW Sydney (The University of New South Wales)', 'difficulty': 'Intermediate', 'rating': 4.8, 'url': ''}"
course_0828,Tricky American English Pronunciation,"Tricky American English Pronunciation introduces learners to the core ideas, foundational methods, and practical applications of this subject through guided study and applied examples.",Critical Thinking; Research; Communication,Beginner,4.7,"University of California, Irvine",,"Tricky American English Pronunciation Tricky American English Pronunciation introduces learners to the core ideas, foundational methods, and practical applications of this subject through guided study and applied examples. Critical Thinking; Research; Communication Beginner University of California, Irvine","{'organization': 'University of California, Irvine', 'difficulty': 'Beginner', 'rating': 4.7, 'url': ''}"
course_0829,Troubles du spectre de l'autisme : diagnostic,"Troubles du spectre de l'autisme : diagnostic introduces learners to the core ideas, foundational methods, and practical applications of this subject through guided study and applied examples.",Critical Thinking; Research; Communication,Intermediate,4.9,University of Geneva,,"Troubles du spectre de l'autisme : diagnostic Troubles du spectre de l'autisme : diagnostic introduces learners to the core ideas, foundational methods, and practical applications of this subject through guided study and applied examples. Critical Thinking; Research; Communication Intermediate University of Geneva","{'organization': 'University of Geneva', 'difficulty': 'Intermediate', 'rating': 4.9, 'url': ''}"
course_0830,U.S. Federal Taxation,"U.S. Federal Taxation introduces learners to the core ideas, foundational methods, and practical applications of this subject through guided study and applied examples.",Critical Thinking; Research; Communication,Intermediate,4.8,University of Illinois at Urbana-Champaign,,"U.S. Federal Taxation U.S. Federal Taxation introduces learners to the core ideas, foundational methods, and practical applications of this subject through guided study and applied examples. Critical Thinking; Research; Communication Intermediate University of Illinois at Urbana-Champaign","{'organization': 'University of Illinois at Urbana-Champaign', 'difficulty': 'Intermediate', 'rating': 4.8, 'url': ''}"
course_0831,UCI Project Management,"UCI Project Management introduces learners to the core ideas, foundational methods, and practical applications of this subject through guided study and applied examples.",Critical Thinking; Research; Communication,Beginner,4.6,"University of California, Irvine",,"UCI Project Management UCI Project Management introduces learners to the core ideas, foundational methods, and practical applications of this subject through guided study and applied examples. Critical Thinking; Research; Communication Beginner University of California, Irvine","{'organization': 'University of California, Irvine', 'difficulty': 'Beginner', 'rating': 4.6, 'url': ''}"
course_0832,UI / UX Design,"UI / UX Design introduces learners to the core ideas, foundational methods, and practical applications of this subject through guided study and applied examples.",Critical Thinking; Research; Communication,Beginner,4.7,California Institute of the Arts,,"UI / UX Design UI / UX Design introduces learners to the core ideas, foundational methods, and practical applications of this subject through guided study and applied examples. Critical Thinking; Research; Communication Beginner California Institute of the Arts","{'organization': 'California Institute of the Arts', 'difficulty': 'Beginner', 'rating': 4.7, 'url': ''}"
course_0833,UX Design Fundamentals,"UX Design Fundamentals introduces learners to the core ideas, foundational methods, and practical applications of this subject through guided study and applied examples.",Critical Thinking; Research; Communication,Beginner,4.8,California Institute of the Arts,,"UX Design Fundamentals UX Design Fundamentals introduces learners to the core ideas, foundational methods, and practical applications of this subject through guided study and applied examples. Critical Thinking; Research; Communication Beginner California Institute of the Arts","{'organization': 'California Institute of the Arts', 'difficulty': 'Beginner', 'rating': 4.8, 'url': ''}"
course_0834,Understanding Cancer Metastasis,"Understanding Cancer Metastasis introduces learners to the core ideas, foundational methods, and practical applications of this subject through guided study and applied examples.",Critical Thinking; Research; Communication,Beginner,4.8,Johns Hopkins University,,"Understanding Cancer Metastasis Understanding Cancer Metastasis introduces learners to the core ideas, foundational methods, and practical applications of this subject through guided study and applied examples. Critical Thinking; Research; Communication Beginner Johns Hopkins University","{'organization': 'Johns Hopkins University', 'difficulty': 'Beginner', 'rating': 4.8, 'url': ''}"
course_0835,Understanding Clinical Research: Behind the Statistics,"Understanding Clinical Research: Behind the Statistics introduces learners to the core ideas, foundational methods, and practical applications of this subject through guided study and applied examples.",Statistics; Data Analysis,Intermediate,4.8,University of Cape Town,,"Understanding Clinical Research: Behind the Statistics Understanding Clinical Research: Behind the Statistics introduces learners to the core ideas, foundational methods, and practical applications of this subject through guided study and applied examples. Statistics; Data Analysis Intermediate University of Cape Town","{'organization': 'University of Cape Town', 'difficulty': 'Intermediate', 'rating': 4.8, 'url': ''}"
course_0836,Understanding Einstein: The Special Theory of Relativity,"Understanding Einstein: The Special Theory of Relativity introduces learners to the core ideas, foundational methods, and practical applications of this subject through guided study and applied examples.",Critical Thinking; Research; Communication,Beginner,4.9,Stanford University,,"Understanding Einstein: The Special Theory of Relativity Understanding Einstein: The Special Theory of Relativity introduces learners to the core ideas, foundational methods, and practical applications of this subject through guided study and applied examples. Critical Thinking; Research; Communication Beginner Stanford University","{'organization': 'Stanford University', 'difficulty': 'Beginner', 'rating': 4.9, 'url': ''}"
course_0837,Understanding Medical Research: Your Facebook Friend is Wrong,"Understanding Medical Research: Your Facebook Friend is Wrong introduces learners to the core ideas, foundational methods, and practical applications of this subject through guided study and applied examples.",Critical Thinking; Research; Communication,Beginner,4.8,Yale University,,"Understanding Medical Research: Your Facebook Friend is Wrong Understanding Medical Research: Your Facebook Friend is Wrong introduces learners to the core ideas, foundational methods, and practical applications of this subject through guided study and applied examples. Critical Thinking; Research; Communication Beginner Yale University","{'organization': 'Yale University', 'difficulty': 'Beginner', 'rating': 4.8, 'url': ''}"
course_0838,Understanding Modern Finance,"Understanding Modern Finance introduces learners to the core ideas, foundational methods, and practical applications of this subject through guided study and applied examples.",Critical Thinking; Research; Communication,Intermediate,4.4,American Institute of Business and Economics,,"Understanding Modern Finance Understanding Modern Finance introduces learners to the core ideas, foundational methods, and practical applications of this subject through guided study and applied examples. Critical Thinking; Research; Communication Intermediate American Institute of Business and Economics","{'organization': 'American Institute of Business and Economics', 'difficulty': 'Intermediate', 'rating': 4.4, 'url': ''}"
course_0839,Understanding Plants - Part I: What a Plant Knows,"Understanding Plants - Part I: What a Plant Knows introduces learners to the core ideas, foundational methods, and practical applications of this subject through guided study and applied examples.",Critical Thinking; Research; Communication,Beginner,4.8,Tel Aviv University,,"Understanding Plants - Part I: What a Plant Knows Understanding Plants - Part I: What a Plant Knows introduces learners to the core ideas, foundational methods, and practical applications of this subject through guided study and applied examples. Critical Thinking; Research; Communication Beginner Tel Aviv University","{'organization': 'Tel Aviv University', 'difficulty': 'Beginner', 'rating': 4.8, 'url': ''}"
course_0840,Understanding Research Methods,"Understanding Research Methods introduces learners to the core ideas, foundational methods, and practical applications of this subject through guided study and applied examples.",Critical Thinking; Research; Communication,Intermediate,4.5,SOAS University of London,,"Understanding Research Methods Understanding Research Methods introduces learners to the core ideas, foundational methods, and practical applications of this subject through guided study and applied examples. Critical Thinking; Research; Communication Intermediate SOAS University of London","{'organization': 'SOAS University of London', 'difficulty': 'Intermediate', 'rating': 4.5, 'url': ''}"
course_0841,Understanding and Visualizing Data with Python,"Understanding and Visualizing Data with Python introduces learners to the core ideas, foundational methods, and practical applications of this subject through guided study and applied examples.",Python,Beginner,4.7,University of Michigan,,"Understanding and Visualizing Data with Python Understanding and Visualizing Data with Python introduces learners to the core ideas, foundational methods, and practical applications of this subject through guided study and applied examples. Python Beginner University of Michigan","{'organization': 'University of Michigan', 'difficulty': 'Beginner', 'rating': 4.7, 'url': ''}"
course_0842,Understanding the Brain: The Neurobiology of Everyday Life,"Understanding the Brain: The Neurobiology of Everyday Life helps learners understand core concepts, algorithms, and applications used in modern machine learning and intelligent systems.",Artificial Intelligence,Beginner,4.9,The University of Chicago,,"Understanding the Brain: The Neurobiology of Everyday Life Understanding the Brain: The Neurobiology of Everyday Life helps learners understand core concepts, algorithms, and applications used in modern machine learning and intelligent systems. Artificial Intelligence Beginner The University of Chicago","{'organization': 'The University of Chicago', 'difficulty': 'Beginner', 'rating': 4.9, 'url': ''}"
course_0843,Unity Certified Programmer Exam Preparation,"Unity Certified Programmer Exam Preparation introduces learners to the core ideas, foundational methods, and practical applications of this subject through guided study and applied examples.",Critical Thinking; Research; Communication,Intermediate,4.5,Unity,,"Unity Certified Programmer Exam Preparation Unity Certified Programmer Exam Preparation introduces learners to the core ideas, foundational methods, and practical applications of this subject through guided study and applied examples. Critical Thinking; Research; Communication Intermediate Unity","{'organization': 'Unity', 'difficulty': 'Intermediate', 'rating': 4.5, 'url': ''}"
course_0844,Unity XR: How to Build AR and VR Apps,"Unity XR: How to Build AR and VR Apps introduces learners to the core ideas, foundational methods, and practical applications of this subject through guided study and applied examples.",Critical Thinking; Research; Communication,Beginner,4.2,Unity,,"Unity XR: How to Build AR and VR Apps Unity XR: How to Build AR and VR Apps introduces learners to the core ideas, foundational methods, and practical applications of this subject through guided study and applied examples. Critical Thinking; Research; Communication Beginner Unity","{'organization': 'Unity', 'difficulty': 'Beginner', 'rating': 4.2, 'url': ''}"
course_0845,University Teaching,"University Teaching introduces learners to the core ideas, foundational methods, and practical applications of this subject through guided study and applied examples.",Critical Thinking; Research; Communication,Beginner,4.8,The University of Hong Kong,,"University Teaching University Teaching introduces learners to the core ideas, foundational methods, and practical applications of this subject through guided study and applied examples. Critical Thinking; Research; Communication Beginner The University of Hong Kong","{'organization': 'The University of Hong Kong', 'difficulty': 'Beginner', 'rating': 4.8, 'url': ''}"
course_0846,Unraveling the Cycling City,"Unraveling the Cycling City introduces learners to the core ideas, foundational methods, and practical applications of this subject through guided study and applied examples.",Critical Thinking; Research; Communication,Intermediate,4.9,University of Amsterdam,,"Unraveling the Cycling City Unraveling the Cycling City introduces learners to the core ideas, foundational methods, and practical applications of this subject through guided study and applied examples. Critical Thinking; Research; Communication Intermediate University of Amsterdam","{'organization': 'University of Amsterdam', 'difficulty': 'Intermediate', 'rating': 4.9, 'url': ''}"
course_0847,User Experience Research and Design,"User Experience Research and Design introduces learners to the core ideas, foundational methods, and practical applications of this subject through guided study and applied examples.",Critical Thinking; Research; Communication,Beginner,4.8,University of Michigan,,"User Experience Research and Design User Experience Research and Design introduces learners to the core ideas, foundational methods, and practical applications of this subject through guided study and applied examples. Critical Thinking; Research; Communication Beginner University of Michigan","{'organization': 'University of Michigan', 'difficulty': 'Beginner', 'rating': 4.8, 'url': ''}"
course_0848,User Interface Design,"User Interface Design introduces learners to the core ideas, foundational methods, and practical applications of this subject through guided study and applied examples.",Critical Thinking; Research; Communication,Intermediate,4.6,University of Minnesota,,"User Interface Design User Interface Design introduces learners to the core ideas, foundational methods, and practical applications of this subject through guided study and applied examples. Critical Thinking; Research; Communication Intermediate University of Minnesota","{'organization': 'University of Minnesota', 'difficulty': 'Intermediate', 'rating': 4.6, 'url': ''}"
course_0849,Using Databases with Python,"Using Databases with Python introduces learners to the core ideas, foundational methods, and practical applications of this subject through guided study and applied examples.",Python; Databases; SQL,Intermediate,4.8,University of Michigan,,"Using Databases with Python Using Databases with Python introduces learners to the core ideas, foundational methods, and practical applications of this subject through guided study and applied examples. Python; Databases; SQL Intermediate University of Michigan","{'organization': 'University of Michigan', 'difficulty': 'Intermediate', 'rating': 4.8, 'url': ''}"
course_0850,Using Python to Access Web Data,"Using Python to Access Web Data introduces learners to the core ideas, foundational methods, and practical applications of this subject through guided study and applied examples.",Python; Web Development; JavaScript,Intermediate,4.8,University of Michigan,,"Using Python to Access Web Data Using Python to Access Web Data introduces learners to the core ideas, foundational methods, and practical applications of this subject through guided study and applied examples. Python; Web Development; JavaScript Intermediate University of Michigan","{'organization': 'University of Michigan', 'difficulty': 'Intermediate', 'rating': 4.8, 'url': ''}"
course_0851,Using Python to Interact with the Operating System,"Using Python to Interact with the Operating System introduces learners to the core ideas, foundational methods, and practical applications of this subject through guided study and applied examples.",Python,Beginner,4.7,Google,,"Using Python to Interact with the Operating System Using Python to Interact with the Operating System introduces learners to the core ideas, foundational methods, and practical applications of this subject through guided study and applied examples. Python Beginner Google","{'organization': 'Google', 'difficulty': 'Beginner', 'rating': 4.7, 'url': ''}"
course_0852,Value Chain Management,"Value Chain Management helps learners understand core concepts, algorithms, and applications used in modern machine learning and intelligent systems.",Artificial Intelligence,Intermediate,4.7,University of Illinois at Urbana-Champaign,,"Value Chain Management Value Chain Management helps learners understand core concepts, algorithms, and applications used in modern machine learning and intelligent systems. Artificial Intelligence Intermediate University of Illinois at Urbana-Champaign","{'organization': 'University of Illinois at Urbana-Champaign', 'difficulty': 'Intermediate', 'rating': 4.7, 'url': ''}"
course_0853,Version Control with Git,"Version Control with Git introduces learners to the core ideas, foundational methods, and practical applications of this subject through guided study and applied examples.",Critical Thinking; Research; Communication,Intermediate,4.8,Atlassian,,"Version Control with Git Version Control with Git introduces learners to the core ideas, foundational methods, and practical applications of this subject through guided study and applied examples. Critical Thinking; Research; Communication Intermediate Atlassian","{'organization': 'Atlassian', 'difficulty': 'Intermediate', 'rating': 4.8, 'url': ''}"
course_0854,Viral Marketing and How to Craft Contagious Content,"Viral Marketing and How to Craft Contagious Content introduces learners to the core ideas, foundational methods, and practical applications of this subject through guided study and applied examples.",Critical Thinking; Research; Communication,Intermediate,4.7,University of Pennsylvania,,"Viral Marketing and How to Craft Contagious Content Viral Marketing and How to Craft Contagious Content introduces learners to the core ideas, foundational methods, and practical applications of this subject through guided study and applied examples. Critical Thinking; Research; Communication Intermediate University of Pennsylvania","{'organization': 'University of Pennsylvania', 'difficulty': 'Intermediate', 'rating': 4.7, 'url': ''}"
course_0855,Virtual Reality,"Virtual Reality introduces learners to the core ideas, foundational methods, and practical applications of this subject through guided study and applied examples.",Critical Thinking; Research; Communication,Beginner,4.7,"Goldsmiths, University of London",,"Virtual Reality Virtual Reality introduces learners to the core ideas, foundational methods, and practical applications of this subject through guided study and applied examples. Critical Thinking; Research; Communication Beginner Goldsmiths, University of London","{'organization': 'Goldsmiths, University of London', 'difficulty': 'Beginner', 'rating': 4.7, 'url': ''}"
course_0856,Virtual Teacher,"Virtual Teacher introduces learners to the core ideas, foundational methods, and practical applications of this subject through guided study and applied examples.",Critical Thinking; Research; Communication,Beginner,4.3,"University of California, Irvine",,"Virtual Teacher Virtual Teacher introduces learners to the core ideas, foundational methods, and practical applications of this subject through guided study and applied examples. Critical Thinking; Research; Communication Beginner University of California, Irvine","{'organization': 'University of California, Irvine', 'difficulty': 'Beginner', 'rating': 4.3, 'url': ''}"
course_0857,Vital Signs: Understanding What the Body Is Telling Us,"Vital Signs: Understanding What the Body Is Telling Us introduces learners to the core ideas, foundational methods, and practical applications of this subject through guided study and applied examples.",Critical Thinking; Research; Communication,Intermediate,4.8,University of Pennsylvania,,"Vital Signs: Understanding What the Body Is Telling Us Vital Signs: Understanding What the Body Is Telling Us introduces learners to the core ideas, foundational methods, and practical applications of this subject through guided study and applied examples. Critical Thinking; Research; Communication Intermediate University of Pennsylvania","{'organization': 'University of Pennsylvania', 'difficulty': 'Intermediate', 'rating': 4.8, 'url': ''}"
course_0858,Web Applications for Everybody,"Web Applications for Everybody introduces learners to the core ideas, foundational methods, and practical applications of this subject through guided study and applied examples.",Web Development; JavaScript,Intermediate,4.8,University of Michigan,,"Web Applications for Everybody Web Applications for Everybody introduces learners to the core ideas, foundational methods, and practical applications of this subject through guided study and applied examples. Web Development; JavaScript Intermediate University of Michigan","{'organization': 'University of Michigan', 'difficulty': 'Intermediate', 'rating': 4.8, 'url': ''}"
course_0859,Web Design for Everybody: Basics of Web Development & Coding,"Web Design for Everybody: Basics of Web Development & Coding introduces learners to the core ideas, foundational methods, and practical applications of this subject through guided study and applied examples.",Web Development; JavaScript,Beginner,4.7,University of Michigan,,"Web Design for Everybody: Basics of Web Development & Coding Web Design for Everybody: Basics of Web Development & Coding introduces learners to the core ideas, foundational methods, and practical applications of this subject through guided study and applied examples. Web Development; JavaScript Beginner University of Michigan","{'organization': 'University of Michigan', 'difficulty': 'Beginner', 'rating': 4.7, 'url': ''}"
course_0860,Weight Management: Beyond Balancing Calories,"Weight Management: Beyond Balancing Calories introduces learners to the core ideas, foundational methods, and practical applications of this subject through guided study and applied examples.",Critical Thinking; Research; Communication,Beginner,4.7,Emory University,,"Weight Management: Beyond Balancing Calories Weight Management: Beyond Balancing Calories introduces learners to the core ideas, foundational methods, and practical applications of this subject through guided study and applied examples. Critical Thinking; Research; Communication Beginner Emory University","{'organization': 'Emory University', 'difficulty': 'Beginner', 'rating': 4.7, 'url': ''}"
course_0861,What Is Contemporary Art?,"What Is Contemporary Art? introduces learners to the core ideas, foundational methods, and practical applications of this subject through guided study and applied examples.",Critical Thinking; Research; Communication,Beginner,4.7,The Museum of Modern Art,,"What Is Contemporary Art? What Is Contemporary Art? introduces learners to the core ideas, foundational methods, and practical applications of this subject through guided study and applied examples. Critical Thinking; Research; Communication Beginner The Museum of Modern Art","{'organization': 'The Museum of Modern Art', 'difficulty': 'Beginner', 'rating': 4.7, 'url': ''}"
course_0862,What future for education?,"What future for education? introduces learners to the core ideas, foundational methods, and practical applications of this subject through guided study and applied examples.",Critical Thinking; Research; Communication,Intermediate,4.7,UCL Institute of Education,,"What future for education? What future for education? introduces learners to the core ideas, foundational methods, and practical applications of this subject through guided study and applied examples. Critical Thinking; Research; Communication Intermediate UCL Institute of Education","{'organization': 'UCL Institute of Education', 'difficulty': 'Intermediate', 'rating': 4.7, 'url': ''}"
course_0863,What is Compliance?,"What is Compliance? introduces learners to the core ideas, foundational methods, and practical applications of this subject through guided study and applied examples.",Critical Thinking; Research; Communication,Intermediate,4.8,University of Pennsylvania,,"What is Compliance? What is Compliance? introduces learners to the core ideas, foundational methods, and practical applications of this subject through guided study and applied examples. Critical Thinking; Research; Communication Intermediate University of Pennsylvania","{'organization': 'University of Pennsylvania', 'difficulty': 'Intermediate', 'rating': 4.8, 'url': ''}"
course_0864,What is Data Science?,"What is Data Science? introduces learners to the foundations of data analysis, statistical reasoning, and practical decision-making using real-world data examples.",Data Analysis; Statistics; Python,Beginner,4.7,IBM,,"What is Data Science? What is Data Science? introduces learners to the foundations of data analysis, statistical reasoning, and practical decision-making using real-world data examples. Data Analysis; Statistics; Python Beginner IBM","{'organization': 'IBM', 'difficulty': 'Beginner', 'rating': 4.7, 'url': ''}"
course_0865,What is Social?,"What is Social? introduces learners to the core ideas, foundational methods, and practical applications of this subject through guided study and applied examples.",Critical Thinking; Research; Communication,Intermediate,4.6,Northwestern University,,"What is Social? What is Social? introduces learners to the core ideas, foundational methods, and practical applications of this subject through guided study and applied examples. Critical Thinking; Research; Communication Intermediate Northwestern University","{'organization': 'Northwestern University', 'difficulty': 'Intermediate', 'rating': 4.6, 'url': ''}"
course_0866,Wine Tasting: Sensory Techniques for Wine Analysis,"Wine Tasting: Sensory Techniques for Wine Analysis introduces learners to the core ideas, foundational methods, and practical applications of this subject through guided study and applied examples.",Critical Thinking; Research; Communication,Beginner,4.7,"University of California, Davis",,"Wine Tasting: Sensory Techniques for Wine Analysis Wine Tasting: Sensory Techniques for Wine Analysis introduces learners to the core ideas, foundational methods, and practical applications of this subject through guided study and applied examples. Critical Thinking; Research; Communication Beginner University of California, Davis","{'organization': 'University of California, Davis', 'difficulty': 'Beginner', 'rating': 4.7, 'url': ''}"
course_0867,Wonders of Ancient Egypt,"Wonders of Ancient Egypt introduces learners to the core ideas, foundational methods, and practical applications of this subject through guided study and applied examples.",Critical Thinking; Research; Communication,Intermediate,4.8,University of Pennsylvania,,"Wonders of Ancient Egypt Wonders of Ancient Egypt introduces learners to the core ideas, foundational methods, and practical applications of this subject through guided study and applied examples. Critical Thinking; Research; Communication Intermediate University of Pennsylvania","{'organization': 'University of Pennsylvania', 'difficulty': 'Intermediate', 'rating': 4.8, 'url': ''}"
course_0868,Write A Feature Length Screenplay For Film Or Television,"Write A Feature Length Screenplay For Film Or Television introduces learners to the core ideas, foundational methods, and practical applications of this subject through guided study and applied examples.",Critical Thinking; Research; Communication,Beginner,4.9,Michigan State University,,"Write A Feature Length Screenplay For Film Or Television Write A Feature Length Screenplay For Film Or Television introduces learners to the core ideas, foundational methods, and practical applications of this subject through guided study and applied examples. Critical Thinking; Research; Communication Beginner Michigan State University","{'organization': 'Michigan State University', 'difficulty': 'Beginner', 'rating': 4.9, 'url': ''}"
course_0869,Write Professional Emails in English,"Write Professional Emails in English helps learners understand core concepts, algorithms, and applications used in modern machine learning and intelligent systems.",Artificial Intelligence,Intermediate,4.7,Georgia Institute of Technology,,"Write Professional Emails in English Write Professional Emails in English helps learners understand core concepts, algorithms, and applications used in modern machine learning and intelligent systems. Artificial Intelligence Intermediate Georgia Institute of Technology","{'organization': 'Georgia Institute of Technology', 'difficulty': 'Intermediate', 'rating': 4.7, 'url': ''}"
course_0870,Write Your First Novel,"Write Your First Novel introduces learners to the core ideas, foundational methods, and practical applications of this subject through guided study and applied examples.",Critical Thinking; Research; Communication,Beginner,4.4,Michigan State University,,"Write Your First Novel Write Your First Novel introduces learners to the core ideas, foundational methods, and practical applications of this subject through guided study and applied examples. Critical Thinking; Research; Communication Beginner Michigan State University","{'organization': 'Michigan State University', 'difficulty': 'Beginner', 'rating': 4.4, 'url': ''}"
course_0871,Writing in the Sciences,"Writing in the Sciences introduces learners to the core ideas, foundational methods, and practical applications of this subject through guided study and applied examples.",Critical Thinking; Research; Communication,Beginner,4.9,Stanford University,,"Writing in the Sciences Writing in the Sciences introduces learners to the core ideas, foundational methods, and practical applications of this subject through guided study and applied examples. Critical Thinking; Research; Communication Beginner Stanford University","{'organization': 'Stanford University', 'difficulty': 'Beginner', 'rating': 4.9, 'url': ''}"
course_0872,e-Learning Ecologies: Innovative Approaches to Teaching and Learning for the Digital Age,"e-Learning Ecologies: Innovative Approaches to Teaching and Learning for the Digital Age introduces learners to the core ideas, foundational methods, and practical applications of this subject through guided study and applied examples.",Critical Thinking; Research; Communication,Intermediate,4.5,University of Illinois at Urbana-Champaign,,"e-Learning Ecologies: Innovative Approaches to Teaching and Learning for the Digital Age e-Learning Ecologies: Innovative Approaches to Teaching and Learning for the Digital Age introduces learners to the core ideas, foundational methods, and practical applications of this subject through guided study and applied examples. Critical Thinking; Research; Communication Intermediate University of Illinois at Urbana-Champaign","{'organization': 'University of Illinois at Urbana-Champaign', 'difficulty': 'Intermediate', 'rating': 4.5, 'url': ''}"
course_0873,iOS App Development with Swift,"iOS App Development with Swift introduces learners to the core ideas, foundational methods, and practical applications of this subject through guided study and applied examples.",Critical Thinking; Research; Communication,Intermediate,3.9,University of Toronto,,"iOS App Development with Swift iOS App Development with Swift introduces learners to the core ideas, foundational methods, and practical applications of this subject through guided study and applied examples. Critical Thinking; Research; Communication Intermediate University of Toronto","{'organization': 'University of Toronto', 'difficulty': 'Intermediate', 'rating': 3.9, 'url': ''}"
course_0874,Que hacen los buenos directivos? Prioridades de la Alta Direccion,"Que hacen los buenos directivos? Prioridades de la Alta Direccion introduces learners to the core ideas, foundational methods, and practical applications of this subject through guided study and applied examples.",Critical Thinking; Research; Communication,Beginner,4.7,IESE Business School,,"Que hacen los buenos directivos? Prioridades de la Alta Direccion Que hacen los buenos directivos? Prioridades de la Alta Direccion introduces learners to the core ideas, foundational methods, and practical applications of this subject through guided study and applied examples. Critical Thinking; Research; Communication Beginner IESE Business School","{'organization': 'IESE Business School', 'difficulty': 'Beginner', 'rating': 4.7, 'url': ''}"
course_0875,Etudier en France: French Intermediate course B1-B2,"Etudier en France: French Intermediate course B1-B2 introduces learners to the core ideas, foundational methods, and practical applications of this subject through guided study and applied examples.",Critical Thinking; Research; Communication,Intermediate,4.8,Ecole Polytechnique,,"Etudier en France: French Intermediate course B1-B2 Etudier en France: French Intermediate course B1-B2 introduces learners to the core ideas, foundational methods, and practical applications of this subject through guided study and applied examples. Critical Thinking; Research; Communication Intermediate Ecole Polytechnique","{'organization': 'Ecole Polytechnique', 'difficulty': 'Intermediate', 'rating': 4.8, 'url': ''}"
course_0876,Exito Profesional,"Exito Profesional introduces learners to the core ideas, foundational methods, and practical applications of this subject through guided study and applied examples.",Critical Thinking; Research; Communication,Beginner,4.5,"University of California, Irvine",,"Exito Profesional Exito Profesional introduces learners to the core ideas, foundational methods, and practical applications of this subject through guided study and applied examples. Critical Thinking; Research; Communication Beginner University of California, Irvine","{'organization': 'University of California, Irvine', 'difficulty': 'Beginner', 'rating': 4.5, 'url': ''}"
course_0877,Искусство ведения бизнеса,"Искусство ведения бизнеса introduces learners to the core ideas, foundational methods, and practical applications of this subject through guided study and applied examples.",Critical Thinking; Research; Communication,Beginner,4.6,Saint Petersburg State University,,"Искусство ведения бизнеса Искусство ведения бизнеса introduces learners to the core ideas, foundational methods, and practical applications of this subject through guided study and applied examples. Critical Thinking; Research; Communication Beginner Saint Petersburg State University","{'organization': 'Saint Petersburg State University', 'difficulty': 'Beginner', 'rating': 4.6, 'url': ''}"
course_0878,C++,"C++ introduces learners to the core ideas, foundational methods, and practical applications of this subject through guided study and applied examples.",C++; Programming,Intermediate,4.9,E-Learning Development Fund,,"C++ C++ introduces learners to the core ideas, foundational methods, and practical applications of this subject through guided study and applied examples. C++; Programming Intermediate E-Learning Development Fund","{'organization': 'E-Learning Development Fund', 'difficulty': 'Intermediate', 'rating': 4.9, 'url': ''}"
course_0879,Корпоративные финансы и стоимость компании,"Корпоративные финансы и стоимость компании introduces learners to the core ideas, foundational methods, and practical applications of this subject through guided study and applied examples.",Critical Thinking; Research; Communication,Beginner,4.5,National Research University Higher School of Economics,,"Корпоративные финансы и стоимость компании Корпоративные финансы и стоимость компании introduces learners to the core ideas, foundational methods, and practical applications of this subject through guided study and applied examples. Critical Thinking; Research; Communication Beginner National Research University Higher School of Economics","{'organization': 'National Research University Higher School of Economics', 'difficulty': 'Beginner', 'rating': 4.5, 'url': ''}"
course_0880,Python,"Python introduces learners to the core ideas, foundational methods, and practical applications of this subject through guided study and applied examples.",Python,Beginner,4.8,E-Learning Development Fund,,"Python Python introduces learners to the core ideas, foundational methods, and practical applications of this subject through guided study and applied examples. Python Beginner E-Learning Development Fund","{'organization': 'E-Learning Development Fund', 'difficulty': 'Beginner', 'rating': 4.8, 'url': ''}"
course_0881,Машинное обучение и анализ данных,"Машинное обучение и анализ данных introduces learners to the core ideas, foundational methods, and practical applications of this subject through guided study and applied examples.",Critical Thinking; Research; Communication,Intermediate,4.7,E-Learning Development Fund,,"Машинное обучение и анализ данных Машинное обучение и анализ данных introduces learners to the core ideas, foundational methods, and practical applications of this subject through guided study and applied examples. Critical Thinking; Research; Communication Intermediate E-Learning Development Fund","{'organization': 'E-Learning Development Fund', 'difficulty': 'Intermediate', 'rating': 4.7, 'url': ''}"
course_0882,Digital,"Digital introduces learners to the core ideas, foundational methods, and practical applications of this subject through guided study and applied examples.",Critical Thinking; Research; Communication,Intermediate,4.5,National Research University Higher School of Economics,,"Digital Digital introduces learners to the core ideas, foundational methods, and practical applications of this subject through guided study and applied examples. Critical Thinking; Research; Communication Intermediate National Research University Higher School of Economics","{'organization': 'National Research University Higher School of Economics', 'difficulty': 'Intermediate', 'rating': 4.5, 'url': ''}"
course_0884,C++:,"C++: introduces learners to the core ideas, foundational methods, and practical applications of this subject through guided study and applied examples.",C++; Programming,Intermediate,4.9,E-Learning Development Fund,,"C++: C++: introduces learners to the core ideas, foundational methods, and practical applications of this subject through guided study and applied examples. C++; Programming Intermediate E-Learning Development Fund","{'organization': 'E-Learning Development Fund', 'difficulty': 'Intermediate', 'rating': 4.9, 'url': ''}"
course_0887,(Psycholinguistics),"(Psycholinguistics) introduces learners to the core ideas, foundational methods, and practical applications of this subject through guided study and applied examples.",Critical Thinking; Research; Communication,Intermediate,4.8,Saint Petersburg State University,,"(Psycholinguistics) (Psycholinguistics) introduces learners to the core ideas, foundational methods, and practical applications of this subject through guided study and applied examples. Critical Thinking; Research; Communication Intermediate Saint Petersburg State University","{'organization': 'Saint Petersburg State University', 'difficulty': 'Intermediate', 'rating': 4.8, 'url': ''}"
course_0888,: JavaScript,": JavaScript introduces learners to the core ideas, foundational methods, and practical applications of this subject through guided study and applied examples.",Java; Programming,Intermediate,4.5,E-Learning Development Fund,,": JavaScript : JavaScript introduces learners to the core ideas, foundational methods, and practical applications of this subject through guided study and applied examples. Java; Programming Intermediate E-Learning Development Fund","{'organization': 'E-Learning Development Fund', 'difficulty': 'Intermediate', 'rating': 4.5, 'url': ''}"
course_0889,Русский как иностранный,"Русский как иностранный introduces learners to the core ideas, foundational methods, and practical applications of this subject through guided study and applied examples.",Critical Thinking; Research; Communication,Intermediate,4.6,Saint Petersburg State University,,"Русский как иностранный Русский как иностранный introduces learners to the core ideas, foundational methods, and practical applications of this subject through guided study and applied examples. Critical Thinking; Research; Communication Intermediate Saint Petersburg State University","{'organization': 'Saint Petersburg State University', 'difficulty': 'Intermediate', 'rating': 4.6, 'url': ''}"
course_0890,Финансовые инструменты для частного инвестора,"Финансовые инструменты для частного инвестора introduces learners to the core ideas, foundational methods, and practical applications of this subject through guided study and applied examples.",Critical Thinking; Research; Communication,Beginner,4.7,National Research University Higher School of Economics,,"Финансовые инструменты для частного инвестора Финансовые инструменты для частного инвестора introduces learners to the core ideas, foundational methods, and practical applications of this subject through guided study and applied examples. Critical Thinking; Research; Communication Beginner National Research University Higher School of Economics","{'organization': 'National Research University Higher School of Economics', 'difficulty': 'Beginner', 'rating': 4.7, 'url': ''}"
